ISO-10303-21;
HEADER;
FILE_DESCRIPTION (( 'STEP AP203' ),
    '1' );
FILE_NAME ('snoopy_house_Default_sldprt.STEP',
    '2026-05-21T17:12:23',
    ( '' ),
    ( '' ),
    'SwSTEP 2.0',
    'SolidWorks 2024',
    '' );
FILE_SCHEMA (( 'CONFIG_CONTROL_DESIGN' ));
ENDSEC;

DATA;
#1 = EDGE_LOOP ( 'NONE', ( #3298, #2659, #3762, #3834 ) ) ;
#2 = VECTOR ( 'NONE', #4211, 1000.000000000000000 ) ;
#3 = LINE ( 'NONE', #1327, #536 ) ;
#4 = AXIS2_PLACEMENT_3D ( 'NONE', #2399, #2771, #2118 ) ;
#5 = CARTESIAN_POINT ( 'NONE',  ( -189.0000000000000000, 30.00000000000000000, -241.8469422204054808 ) ) ;
#6 = EDGE_CURVE ( 'NONE', #2552, #138, #785, .T. ) ;
#7 = PLANE ( 'NONE',  #3781 ) ;
#8 = DIRECTION ( 'NONE',  ( -0.000000000000000000, 1.000000000000000000, 0.000000000000000000 ) ) ;
#9 = ORIENTED_EDGE ( 'NONE', *, *, #513, .F. ) ;
#10 = FACE_OUTER_BOUND ( 'NONE', #2302, .T. ) ;
#11 = DIRECTION ( 'NONE',  ( 1.000000000000000000, 0.000000000000000000, 0.000000000000000000 ) ) ;
#12 = ORIENTED_EDGE ( 'NONE', *, *, #3148, .T. ) ;
#13 = CARTESIAN_POINT ( 'NONE',  ( -186.7499198884499094, 15.00000000000000000, 152.8541871936397456 ) ) ;
#14 = EDGE_CURVE ( 'NONE', #3216, #2091, #497, .T. ) ;
#15 = DIRECTION ( 'NONE',  ( -1.000000000000000000, 0.000000000000000000, 0.000000000000000000 ) ) ;
#16 = VERTEX_POINT ( 'NONE', #2842 ) ;
#17 = VERTEX_POINT ( 'NONE', #3818 ) ;
#18 = ORIENTED_EDGE ( 'NONE', *, *, #2217, .T. ) ;
#19 = CARTESIAN_POINT ( 'NONE',  ( -350.0000119999999697, 51.47427559237154071, -28.54909394723731353 ) ) ;
#20 = CARTESIAN_POINT ( 'NONE',  ( -191.8812071333370000, 60.00000000000000000, -152.8541871936397456 ) ) ;
#21 = ORIENTED_EDGE ( 'NONE', *, *, #412, .F. ) ;
#22 = DIRECTION ( 'NONE',  ( -0.000000000000000000, -0.000000000000000000, 1.000000000000000000 ) ) ;
#23 = AXIS2_PLACEMENT_3D ( 'NONE', #1316, #2557, #945 ) ;
#24 = CARTESIAN_POINT ( 'NONE',  ( -191.8812071333370000, 15.00000000000000000, 241.8469422204054808 ) ) ;
#25 = VECTOR ( 'NONE', #919, 1000.000000000000000 ) ;
#26 = FACE_OUTER_BOUND ( 'NONE', #2582, .T. ) ;
#27 = DIRECTION ( 'NONE',  ( 1.000000000000000000, 0.000000000000000000, 0.000000000000000000 ) ) ;
#28 = EDGE_CURVE ( 'NONE', #2819, #1656, #1085, .T. ) ;
#29 = PLANE ( 'NONE',  #1417 ) ;
#30 = ORIENTED_EDGE ( 'NONE', *, *, #6, .F. ) ;
#31 = CARTESIAN_POINT ( 'NONE',  ( -350.0000119999999697, 28.52572440762845929, 91.45090605276273266 ) ) ;
#32 = LINE ( 'NONE', #4000, #4148 ) ;
#33 = EDGE_LOOP ( 'NONE', ( #3599, #2392, #1987, #2189 ) ) ;
#34 = LINE ( 'NONE', #1361, #2390 ) ;
#35 = EDGE_CURVE ( 'NONE', #3134, #3038, #845, .T. ) ;
#36 = DIRECTION ( 'NONE',  ( -0.000000000000000000, -0.000000000000000000, 1.000000000000000000 ) ) ;
#37 = ADVANCED_FACE ( 'NONE', ( #805, #2128 ), #3456, .F. ) ;
#38 = FACE_OUTER_BOUND ( 'NONE', #407, .T. ) ;
#39 = VERTEX_POINT ( 'NONE', #3800 ) ;
#40 = ORIENTED_EDGE ( 'NONE', *, *, #203, .T. ) ;
#41 = ORIENTED_EDGE ( 'NONE', *, *, #2970, .T. ) ;
#42 = CARTESIAN_POINT ( 'NONE',  ( -31.89227307562281055, 37.53449224963159736, -275.0000000000000000 ) ) ;
#43 = LINE ( 'NONE', #66, #3262 ) ;
#44 = EDGE_LOOP ( 'NONE', ( #2760, #1289, #3239, #2113, #1235, #1737, #1960, #3935 ) ) ;
#45 = DIRECTION ( 'NONE',  ( 0.000000000000000000, 0.000000000000000000, -1.000000000000000000 ) ) ;
#46 = DIRECTION ( 'NONE',  ( 0.000000000000000000, 0.000000000000000000, -1.000000000000000000 ) ) ;
#47 = ADVANCED_FACE ( 'NONE', ( #1880 ), #1574, .T. ) ;
#48 = CARTESIAN_POINT ( 'NONE',  ( -350.0000000000001137, 80.00000000000000000, -148.5490939472373668 ) ) ;
#49 = LINE ( 'NONE', #2328, #1208 ) ;
#50 = EDGE_CURVE ( 'NONE', #3780, #949, #2885, .T. ) ;
#51 = FACE_OUTER_BOUND ( 'NONE', #1667, .T. ) ;
#52 = ORIENTED_EDGE ( 'NONE', *, *, #460, .T. ) ;
#53 = LINE ( 'NONE', #2357, #958 ) ;
#54 = DIRECTION ( 'NONE',  ( 0.000000000000000000, 1.000000000000000000, 0.000000000000000000 ) ) ;
#55 = ORIENTED_EDGE ( 'NONE', *, *, #1305, .T. ) ;
#56 = LINE ( 'NONE', #1034, #2111 ) ;
#57 = AXIS2_PLACEMENT_3D ( 'NONE', #3443, #2396, #1046 ) ;
#58 = VECTOR ( 'NONE', #2003, 1000.000000000000000 ) ;
#59 = LINE ( 'NONE', #1035, #2854 ) ;
#60 = LINE ( 'NONE', #2033, #2782 ) ;
#61 = VERTEX_POINT ( 'NONE', #3877 ) ;
#62 = VERTEX_POINT ( 'NONE', #1188 ) ;
#63 = EDGE_CURVE ( 'NONE', #560, #230, #554, .T. ) ;
#64 = VERTEX_POINT ( 'NONE', #2511 ) ;
#65 = CARTESIAN_POINT ( 'NONE',  ( -160.9999999999999716, 30.00000000000000000, 291.8469422204054808 ) ) ;
#66 = CARTESIAN_POINT ( 'NONE',  ( -31.89227307562281766, 62.46550775036840975, -291.8479422204054572 ) ) ;
#67 = EDGE_LOOP ( 'NONE', ( #2867, #1826, #1967, #364, #2606, #2192, #2830, #490, #363, #689 ) ) ;
#68 = DIRECTION ( 'NONE',  ( 0.000000000000000000, -1.000000000000000000, 0.000000000000000000 ) ) ;
#69 = VECTOR ( 'NONE', #2066, 1000.000000000000000 ) ;
#70 = DIRECTION ( 'NONE',  ( 0.000000000000000000, 0.000000000000000000, 1.000000000000000000 ) ) ;
#71 = VECTOR ( 'NONE', #2769, 1000.000000000000000 ) ;
#72 = APPROVAL_ROLE ( '' ) ;
#73 = DIRECTION ( 'NONE',  ( -0.000000000000000000, -0.000000000000000000, 1.000000000000000000 ) ) ;
#74 = DIRECTION ( 'NONE',  ( 1.000000000000000000, 0.000000000000000000, 0.000000000000000000 ) ) ;
#75 = VECTOR ( 'NONE', #1706, 1000.000000000000000 ) ;
#76 = EDGE_CURVE ( 'NONE', #3153, #1680, #1597, .T. ) ;
#77 = CARTESIAN_POINT ( 'NONE',  ( 193.2233467303361749, 30.00000000000000000, -100.0000000000000000 ) ) ;
#78 = VERTEX_POINT ( 'NONE', #613 ) ;
#79 = ORGANIZATION ( 'UNSPECIFIED', 'UNSPECIFIED', '' ) ;
#80 = LINE ( 'NONE', #1657, #3662 ) ;
#81 = LINE ( 'NONE', #1728, #474 ) ;
#82 = VERTEX_POINT ( 'NONE', #3272 ) ;
#83 = LINE ( 'NONE', #1338, #2307 ) ;
#84 = FACE_BOUND ( 'NONE', #2129, .T. ) ;
#85 = CARTESIAN_POINT ( 'NONE',  ( 350.0000000000000000, 80.00000000000000000, -235.0000000000000284 ) ) ;
#86 = ORIENTED_EDGE ( 'NONE', *, *, #542, .F. ) ;
#87 = ORIENTED_EDGE ( 'NONE', *, *, #4287, .F. ) ;
#88 = ORIENTED_EDGE ( 'NONE', *, *, #4098, .F. ) ;
#89 = LINE ( 'NONE', #2743, #4084 ) ;
#90 = EDGE_CURVE ( 'NONE', #3283, #4038, #252, .T. ) ;
#91 = DIRECTION ( 'NONE',  ( -0.000000000000000000, -0.000000000000000000, 1.000000000000000000 ) ) ;
#92 = VERTEX_POINT ( 'NONE', #3250 ) ;
#93 = CARTESIAN_POINT ( 'NONE',  ( -104.6270177182934162, 75.00000000000000000, -178.5658364145832024 ) ) ;
#94 = DIRECTION ( 'NONE',  ( -0.000000000000000000, -1.000000000000000000, -0.000000000000000000 ) ) ;
#95 = VECTOR ( 'NONE', #1472, 1000.000000000000000 ) ;
#96 = ADVANCED_FACE ( 'NONE', ( #2268 ), #4223, .F. ) ;
#97 = COORDINATED_UNIVERSAL_TIME_OFFSET ( 1, 0, .AHEAD. ) ;
#98 = EDGE_CURVE ( 'NONE', #3761, #3922, #594, .T. ) ;
#99 = LINE ( 'NONE', #3371, #1269 ) ;
#100 = AXIS2_PLACEMENT_3D ( 'NONE', #1875, #2573, #2633 ) ;
#101 = LINE ( 'NONE', #2072, #3632 ) ;
#102 = AXIS2_PLACEMENT_3D ( 'NONE', #1095, #1469, #2424 ) ;
#103 = VECTOR ( 'NONE', #2751, 1000.000000000000000 ) ;
#104 = CARTESIAN_POINT ( 'NONE',  ( -31.89227307562281766, 37.53449224963159736, 291.8479422204054572 ) ) ;
#105 = ORIENTED_EDGE ( 'NONE', *, *, #2907, .T. ) ;
#106 = PLANE ( 'NONE',  #3464 ) ;
#107 = ORIENTED_EDGE ( 'NONE', *, *, #3969, .T. ) ;
#108 = DIRECTION ( 'NONE',  ( -0.000000000000000000, -0.000000000000000000, 1.000000000000000000 ) ) ;
#109 = DIRECTION ( 'NONE',  ( -0.000000000000000000, -1.000000000000000000, -0.000000000000000000 ) ) ;
#110 = VERTEX_POINT ( 'NONE', #4202 ) ;
#111 = VERTEX_POINT ( 'NONE', #2925 ) ;
#112 = ORIENTED_EDGE ( 'NONE', *, *, #2250, .T. ) ;
#113 = DIRECTION ( 'NONE',  ( 0.000000000000000000, 0.000000000000000000, 1.000000000000000000 ) ) ;
#114 = DIRECTION ( 'NONE',  ( 0.000000000000000000, 0.000000000000000000, -1.000000000000000000 ) ) ;
#115 = ORIENTED_EDGE ( 'NONE', *, *, #3622, .T. ) ;
#116 = EDGE_CURVE ( 'NONE', #335, #2861, #1229, .T. ) ;
#117 = DIRECTION ( 'NONE',  ( 1.000000000000000000, 0.000000000000000000, 0.000000000000000000 ) ) ;
#118 = LINE ( 'NONE', #1092, #1043 ) ;
#119 = DIRECTION ( 'NONE',  ( 0.000000000000000000, 0.000000000000000000, -1.000000000000000000 ) ) ;
#120 = EDGE_CURVE ( 'NONE', #4093, #2685, #1617, .T. ) ;
#121 = DIRECTION ( 'NONE',  ( 1.000000000000000000, 0.000000000000000000, 0.000000000000000000 ) ) ;
#122 = CARTESIAN_POINT ( 'NONE',  ( -310.0000000000001137, 80.00000000000000000, -260.0000000000000000 ) ) ;
#123 = ORIENTED_EDGE ( 'NONE', *, *, #2374, .T. ) ;
#124 = FACE_OUTER_BOUND ( 'NONE', #3436, .T. ) ;
#125 = EDGE_LOOP ( 'NONE', ( #3921, #4187, #1801, #3845 ) ) ;
#126 = DIRECTION ( 'NONE',  ( -0.000000000000000000, -1.000000000000000000, -0.000000000000000000 ) ) ;
#127 = CARTESIAN_POINT ( 'NONE',  ( -25.41668463387203403, 80.00000000000000000, -260.0000000000000000 ) ) ;
#128 = ORIENTED_EDGE ( 'NONE', *, *, #2203, .T. ) ;
#129 = ORIENTED_EDGE ( 'NONE', *, *, #245, .T. ) ;
#130 = VECTOR ( 'NONE', #2501, 1000.000000000000000 ) ;
#131 = VECTOR ( 'NONE', #4262, 1000.000000000000000 ) ;
#132 = ORIENTED_EDGE ( 'NONE', *, *, #4075, .T. ) ;
#133 = LINE ( 'NONE', #2786, #756 ) ;
#134 = CARTESIAN_POINT ( 'NONE',  ( -335.0000000000000568, 28.52572440762845929, -28.54909394723731353 ) ) ;
#135 = EDGE_CURVE ( 'NONE', #3212, #3038, #3534, .T. ) ;
#136 = VECTOR ( 'NONE', #4082, 1000.000000000000000 ) ;
#137 = AXIS2_PLACEMENT_3D ( 'NONE', #3231, #2577, #2554 ) ;
#138 = VERTEX_POINT ( 'NONE', #1273 ) ;
#139 = CARTESIAN_POINT ( 'NONE',  ( 310.0000000000000000, 15.00000000000000000, -235.0000000000000284 ) ) ;
#140 = CARTESIAN_POINT ( 'NONE',  ( -31.89227307562281766, 62.46550775036840975, -275.0000000000000000 ) ) ;
#141 = APPROVAL_STATUS ( 'not_yet_approved' ) ;
#142 = CARTESIAN_POINT ( 'NONE',  ( -335.0000000000000568, 51.47427559237154071, 163.5490939472374237 ) ) ;
#143 = CIRCLE ( 'NONE', #2981, 14.01683920888982549 ) ;
#144 = CARTESIAN_POINT ( 'NONE',  ( 310.0000000000000000, 80.00000000000000000, -235.0000000000000284 ) ) ;
#145 = VERTEX_POINT ( 'NONE', #2229 ) ;
#146 = LINE ( 'NONE', #4114, #1992 ) ;
#147 = ORIENTED_EDGE ( 'NONE', *, *, #2560, .T. ) ;
#148 = AXIS2_PLACEMENT_3D ( 'NONE', #1198, #3848, #3505 ) ;
#149 = PLANE ( 'NONE',  #2940 ) ;
#150 = AXIS2_PLACEMENT_3D ( 'NONE', #638, #36, #1966 ) ;
#151 = LINE ( 'NONE', #170, #4017 ) ;
#152 = ORIENTED_EDGE ( 'NONE', *, *, #1181, .F. ) ;
#153 = ORIENTED_EDGE ( 'NONE', *, *, #308, .F. ) ;
#154 = ADVANCED_FACE ( 'NONE', ( #3577, #291 ), #1920, .F. ) ;
#155 = ORIENTED_EDGE ( 'NONE', *, *, #1894, .F. ) ;
#156 = CARTESIAN_POINT ( 'NONE',  ( 179.2065075214463548, 30.00000000000000000, 290.0000000000000568 ) ) ;
#157 = CARTESIAN_POINT ( 'NONE',  ( -310.0000000000000568, 15.00000000000000000, 235.0000000000000284 ) ) ;
#158 = ORIENTED_EDGE ( 'NONE', *, *, #2047, .T. ) ;
#159 = CARTESIAN_POINT ( 'NONE',  ( -310.0000000000000568, 80.00000000000000000, 275.0000000000000000 ) ) ;
#160 = CARTESIAN_POINT ( 'NONE',  ( -191.8812071333370000, 60.00000000000000000, 241.8469422204054808 ) ) ;
#161 = PERSON_AND_ORGANIZATION_ROLE ( 'creator' ) ;
#162 = VECTOR ( 'NONE', #4092, 1000.000000000000000 ) ;
#163 = CARTESIAN_POINT ( 'NONE',  ( 179.2065075214463548, 30.00000000000000000, 100.0000000000000000 ) ) ;
#164 = CARTESIAN_POINT ( 'NONE',  ( 350.0000119999999697, 51.47427559237154071, 43.54909394723738103 ) ) ;
#165 = AXIS2_PLACEMENT_3D ( 'NONE', #3997, #2001, #1006 ) ;
#166 = EDGE_CURVE ( 'NONE', #1860, #2414, #576, .T. ) ;
#167 = ORIENTED_EDGE ( 'NONE', *, *, #3240, .T. ) ;
#168 = LINE ( 'NONE', #2181, #1141 ) ;
#169 = VECTOR ( 'NONE', #2805, 1000.000000000000000 ) ;
#170 = CARTESIAN_POINT ( 'NONE',  ( 350.0000119999999697, 28.52572440762845929, -76.45090605276266160 ) ) ;
#171 = ORIENTED_EDGE ( 'NONE', *, *, #1098, .F. ) ;
#172 = ORIENTED_EDGE ( 'NONE', *, *, #3266, .F. ) ;
#173 = VERTEX_POINT ( 'NONE', #1211 ) ;
#174 = CARTESIAN_POINT ( 'NONE',  ( -350.0000000000001137, 28.52572440762845929, -148.5490939472373668 ) ) ;
#175 = EDGE_CURVE ( 'NONE', #3547, #3385, #2534, .T. ) ;
#176 = CARTESIAN_POINT ( 'NONE',  ( 350.0000000000000000, 0.000000000000000000, -235.0000000000000284 ) ) ;
#177 = EDGE_CURVE ( 'NONE', #2091, #3963, #943, .T. ) ;
#178 = ORIENTED_EDGE ( 'NONE', *, *, #513, .T. ) ;
#179 = ORIENTED_EDGE ( 'NONE', *, *, #3831, .F. ) ;
#180 = CARTESIAN_POINT ( 'NONE',  ( -189.0000000000000000, 30.00000000000000000, 291.8469422204054808 ) ) ;
#181 = DIRECTION ( 'NONE',  ( 0.000000000000000000, 0.000000000000000000, 1.000000000000000000 ) ) ;
#182 = ADVANCED_FACE ( 'NONE', ( #210 ), #2862, .T. ) ;
#183 = CARTESIAN_POINT ( 'NONE',  ( -350.0000119999999697, 51.47427559237154071, -196.4509060527627184 ) ) ;
#184 = CARTESIAN_POINT ( 'NONE',  ( 334.9999999999999432, 51.47427559237154071, 163.5490939472374237 ) ) ;
#185 = CARTESIAN_POINT ( 'NONE',  ( -335.0000000000000568, 28.52572440762845929, -76.45090605276266160 ) ) ;
#186 = ADVANCED_FACE ( 'NONE', ( #3377 ), #2292, .F. ) ;
#187 = LINE ( 'NONE', #2491, #1246 ) ;
#188 = ORIENTED_EDGE ( 'NONE', *, *, #565, .T. ) ;
#189 = CARTESIAN_POINT ( 'NONE',  ( -158.1187928666629716, 60.00000000000000000, 241.8469422204054808 ) ) ;
#190 = ORIENTED_EDGE ( 'NONE', *, *, #3569, .T. ) ;
#191 = LINE ( 'NONE', #3155, #1105 ) ;
#192 = CARTESIAN_POINT ( 'NONE',  ( -350.0000000000001137, 28.52572440762845929, 211.4509060527627753 ) ) ;
#193 = AXIS2_PLACEMENT_3D ( 'NONE', #4146, #1176, #540 ) ;
#194 = VECTOR ( 'NONE', #4026, 1000.000000000000000 ) ;
#195 = ORIENTED_EDGE ( 'NONE', *, *, #3339, .T. ) ;
#196 = VERTEX_POINT ( 'NONE', #964 ) ;
#197 = CARTESIAN_POINT ( 'NONE',  ( -350.0000000000001137, 28.52572440762845929, 91.45090605276273266 ) ) ;
#198 = AXIS2_PLACEMENT_3D ( 'NONE', #1415, #2415, #387 ) ;
#199 = CARTESIAN_POINT ( 'NONE',  ( -350.0000119999999697, 51.47427559237154071, 211.4509060527627753 ) ) ;
#200 = EDGE_CURVE ( 'NONE', #2234, #517, #2708, .T. ) ;
#201 = CARTESIAN_POINT ( 'NONE',  ( 350.0000000000000000, 51.47427559237154071, 91.45090605276273266 ) ) ;
#202 = LINE ( 'NONE', #489, #2697 ) ;
#203 = EDGE_CURVE ( 'NONE', #1364, #510, #404, .T. ) ;
#204 = CYLINDRICAL_SURFACE ( 'NONE', #1832, 25.00000000000004974 ) ;
#205 = VECTOR ( 'NONE', #109, 1000.000000000000000 ) ;
#206 = FACE_OUTER_BOUND ( 'NONE', #2331, .T. ) ;
#207 = EDGE_LOOP ( 'NONE', ( #3578, #323, #3714, #1576, #3363, #1157, #3105, #583, #2536, #2643, #1605, #268, #4192, #622 ) ) ;
#208 = VECTOR ( 'NONE', #3648, 1000.000000000000000 ) ;
#209 = EDGE_CURVE ( 'NONE', #2988, #3497, #985, .T. ) ;
#210 = FACE_OUTER_BOUND ( 'NONE', #1344, .T. ) ;
#211 = EDGE_CURVE ( 'NONE', #4157, #621, #32, .T. ) ;
#212 = ORIENTED_EDGE ( 'NONE', *, *, #3908, .F. ) ;
#213 = CARTESIAN_POINT ( 'NONE',  ( -191.8812071333370000, 15.00000000000000000, -241.8469422204054808 ) ) ;
#214 = CARTESIAN_POINT ( 'NONE',  ( -299.8654762541850118, 15.00000000000000000, 0.000000000000000000 ) ) ;
#215 = AXIS2_PLACEMENT_3D ( 'NONE', #3685, #710, #1057 ) ;
#216 = VERTEX_POINT ( 'NONE', #2991 ) ;
#217 = EDGE_CURVE ( 'NONE', #250, #1839, #1054, .T. ) ;
#218 = ORIENTED_EDGE ( 'NONE', *, *, #3122, .F. ) ;
#219 = FACE_BOUND ( 'NONE', #2495, .T. ) ;
#220 = DIRECTION ( 'NONE',  ( -1.000000000000000000, 0.000000000000000000, 0.000000000000000000 ) ) ;
#221 = ORIENTED_EDGE ( 'NONE', *, *, #542, .T. ) ;
#222 = APPROVAL_STATUS ( 'not_yet_approved' ) ;
#223 = APPLICATION_CONTEXT ( 'configuration controlled 3d designs of mechanical parts and assemblies' ) ;
#224 = EDGE_CURVE ( 'NONE', #1582, #2669, #2312, .T. ) ;
#225 = DIRECTION ( 'NONE',  ( 1.000000000000000000, 0.000000000000000000, 0.000000000000000000 ) ) ;
#226 = DIRECTION ( 'NONE',  ( 0.000000000000000000, 0.000000000000000000, 1.000000000000000000 ) ) ;
#227 = PLANE ( 'NONE',  #4185 ) ;
#228 = VECTOR ( 'NONE', #1902, 1000.000000000000000 ) ;
#229 = CARTESIAN_POINT ( 'NONE',  ( 25.41668463387203403, 7.460168080204088170, -245.0000000000000284 ) ) ;
#230 = VERTEX_POINT ( 'NONE', #334 ) ;
#231 = DIRECTION ( 'NONE',  ( -0.000000000000000000, -1.000000000000000000, 0.000000000000000000 ) ) ;
#232 = DIRECTION ( 'NONE',  ( 0.000000000000000000, 0.000000000000000000, -1.000000000000000000 ) ) ;
#233 = ORIENTED_EDGE ( 'NONE', *, *, #4028, .T. ) ;
#234 = FACE_OUTER_BOUND ( 'NONE', #2365, .T. ) ;
#235 = VECTOR ( 'NONE', #2757, 1000.000000000000000 ) ;
#236 = DIRECTION ( 'NONE',  ( -0.000000000000000000, -1.000000000000000000, -0.000000000000000000 ) ) ;
#237 = VECTOR ( 'NONE', #1096, 1000.000000000000000 ) ;
#238 = ORIENTED_EDGE ( 'NONE', *, *, #2174, .T. ) ;
#239 = ORIENTED_EDGE ( 'NONE', *, *, #4193, .T. ) ;
#240 = FACE_OUTER_BOUND ( 'NONE', #1766, .T. ) ;
#241 = CARTESIAN_POINT ( 'NONE',  ( -310.0000000000000568, 15.00000000000000000, 260.0000000000000000 ) ) ;
#242 = EDGE_CURVE ( 'NONE', #2454, #1741, #1292, .T. ) ;
#243 = ORIENTED_EDGE ( 'NONE', *, *, #590, .T. ) ;
#244 = CYLINDRICAL_SURFACE ( 'NONE', #719, 24.99999999999999289 ) ;
#245 = EDGE_CURVE ( 'NONE', #196, #1735, #3937, .T. ) ;
#246 = LINE ( 'NONE', #546, #3524 ) ;
#247 = LINE ( 'NONE', #1632, #3222 ) ;
#248 = EDGE_CURVE ( 'NONE', #230, #1634, #2028, .T. ) ;
#249 = DIRECTION ( 'NONE',  ( 1.000000000000000000, 0.000000000000000000, -0.000000000000000000 ) ) ;
#250 = VERTEX_POINT ( 'NONE', #3618 ) ;
#251 = DIRECTION ( 'NONE',  ( 1.000000000000000000, 0.000000000000000000, -0.000000000000000000 ) ) ;
#252 = LINE ( 'NONE', #2252, #478 ) ;
#253 = ORIENTED_EDGE ( 'NONE', *, *, #3591, .T. ) ;
#254 = CARTESIAN_POINT ( 'NONE',  ( 334.9999999999999432, 51.47427559237154071, 211.4509060527627753 ) ) ;
#255 = CARTESIAN_POINT ( 'NONE',  ( -350.0000119999999697, 28.52572440762845929, -28.54909394723731353 ) ) ;
#256 = ORIENTED_EDGE ( 'NONE', *, *, #3831, .T. ) ;
#257 = ORIENTED_EDGE ( 'NONE', *, *, #4170, .T. ) ;
#258 = ORIENTED_EDGE ( 'NONE', *, *, #1575, .T. ) ;
#259 = LINE ( 'NONE', #1584, #1792 ) ;
#260 = ADVANCED_FACE ( 'NONE', ( #2004 ), #634, .F. ) ;
#261 = CARTESIAN_POINT ( 'NONE',  ( -273.3654762541850118, 55.00000000000000000, 0.000000000000000000 ) ) ;
#262 = ORIENTED_EDGE ( 'NONE', *, *, #3622, .F. ) ;
#263 = CIRCLE ( 'NONE', #3116, 40.00000000000000711 ) ;
#264 = VECTOR ( 'NONE', #3753, 1000.000000000000000 ) ;
#265 = CARTESIAN_POINT ( 'NONE',  ( -310.0000000000001137, 80.00000000000000000, -235.0000000000000284 ) ) ;
#266 = DIRECTION ( 'NONE',  ( 0.000000000000000000, -0.000000000000000000, -1.000000000000000000 ) ) ;
#267 = LINE ( 'NONE', #2288, #3194 ) ;
#268 = ORIENTED_EDGE ( 'NONE', *, *, #3873, .T. ) ;
#269 = DIRECTION ( 'NONE',  ( 0.000000000000000000, 0.000000000000000000, 1.000000000000000000 ) ) ;
#270 = CARTESIAN_POINT ( 'NONE',  ( 178.7050723411340414, 36.42776134176983760, -100.0000000000000000 ) ) ;
#271 = EDGE_LOOP ( 'NONE', ( #3955, #3582, #18, #1802 ) ) ;
#272 = AXIS2_PLACEMENT_3D ( 'NONE', #2388, #3711, #4076 ) ;
#273 = DIRECTION ( 'NONE',  ( 0.000000000000000000, 0.000000000000000000, 1.000000000000000000 ) ) ;
#274 = FACE_OUTER_BOUND ( 'NONE', #4263, .T. ) ;
#275 = CIRCLE ( 'NONE', #3137, 40.00000000000000711 ) ;
#276 = EDGE_CURVE ( 'NONE', #3378, #1634, #1335, .T. ) ;
#277 = EDGE_LOOP ( 'NONE', ( #2256, #1797, #3942, #1752 ) ) ;
#278 = ORIENTED_EDGE ( 'NONE', *, *, #322, .T. ) ;
#279 = ORIENTED_EDGE ( 'NONE', *, *, #2182, .T. ) ;
#280 = LINE ( 'NONE', #584, #3386 ) ;
#281 = CIRCLE ( 'NONE', #3822, 14.00000000000001243 ) ;
#282 = CARTESIAN_POINT ( 'NONE',  ( 350.0000000000000000, 51.47427559237154071, -235.0000000000000284 ) ) ;
#283 = LOCAL_TIME ( 19, 12, 23.00000000000000000, #1771 ) ;
#284 = ORIENTED_EDGE ( 'NONE', *, *, #120, .F. ) ;
#285 = FACE_OUTER_BOUND ( 'NONE', #2561, .T. ) ;
#286 = DIRECTION ( 'NONE',  ( 1.000000000000000000, -0.000000000000000000, 0.000000000000000000 ) ) ;
#287 = EDGE_CURVE ( 'NONE', #1693, #1264, #1026, .T. ) ;
#288 = FACE_BOUND ( 'NONE', #1710, .T. ) ;
#289 = ORIENTED_EDGE ( 'NONE', *, *, #1203, .T. ) ;
#290 = LINE ( 'NONE', #575, #4115 ) ;
#291 = FACE_OUTER_BOUND ( 'NONE', #2997, .T. ) ;
#292 = VERTEX_POINT ( 'NONE', #312 ) ;
#293 = LINE ( 'NONE', #3253, #4119 ) ;
#294 = LINE ( 'NONE', #4206, #3264 ) ;
#295 = ORIENTED_EDGE ( 'NONE', *, *, #1892, .T. ) ;
#296 = VECTOR ( 'NONE', #2030, 1000.000000000000000 ) ;
#297 = ORIENTED_EDGE ( 'NONE', *, *, #3587, .F. ) ;
#298 = EDGE_CURVE ( 'NONE', #409, #2430, #2639, .T. ) ;
#299 = ORIENTED_EDGE ( 'NONE', *, *, #2163, .F. ) ;
#300 = CARTESIAN_POINT ( 'NONE',  ( 310.0000000000000000, 80.00000000000000000, -260.0000000000000000 ) ) ;
#301 = CIRCLE ( 'NONE', #1831, 14.00000000000001243 ) ;
#302 = ADVANCED_FACE ( 'NONE', ( #3658 ), #1702, .T. ) ;
#303 = CARTESIAN_POINT ( 'NONE',  ( -194.0541496106488637, 30.00000000000000355, -275.0000000000000000 ) ) ;
#304 = VECTOR ( 'NONE', #2734, 1000.000000000000000 ) ;
#305 = ORIENTED_EDGE ( 'NONE', *, *, #1911, .T. ) ;
#306 = FACE_OUTER_BOUND ( 'NONE', #4208, .T. ) ;
#307 = DIRECTION ( 'NONE',  ( 1.000000000000000000, 0.000000000000000000, 0.000000000000000000 ) ) ;
#308 = EDGE_CURVE ( 'NONE', #3031, #2883, #357, .T. ) ;
#309 = CARTESIAN_POINT ( 'NONE',  ( 25.41668463387203403, 29.47716878215687331, 245.0000000000000284 ) ) ;
#310 = VERTEX_POINT ( 'NONE', #707 ) ;
#311 = CYLINDRICAL_SURFACE ( 'NONE', #3967, 14.01683920888982549 ) ;
#312 = CARTESIAN_POINT ( 'NONE',  ( -258.3749599442248837, 95.00000000000000000, -112.5307246625174287 ) ) ;
#313 = EDGE_LOOP ( 'NONE', ( #3357, #3425, #9, #3236 ) ) ;
#314 = CARTESIAN_POINT ( 'NONE',  ( 350.0000000000000000, 80.00000000000000000, 91.45090605276270423 ) ) ;
#315 = EDGE_CURVE ( 'NONE', #2234, #3713, #3356, .T. ) ;
#316 = CARTESIAN_POINT ( 'NONE',  ( -191.8812071333370000, 15.00000000000000000, -241.8469422204054808 ) ) ;
#317 = ORIENTED_EDGE ( 'NONE', *, *, #2398, .F. ) ;
#318 = ORIENTED_EDGE ( 'NONE', *, *, #200, .T. ) ;
#319 = VERTEX_POINT ( 'NONE', #4050 ) ;
#320 = DIRECTION ( 'NONE',  ( 0.000000000000000000, 0.000000000000000000, -1.000000000000000000 ) ) ;
#321 = PLANE ( 'NONE',  #1592 ) ;
#322 = EDGE_CURVE ( 'NONE', #2005, #2091, #81, .T. ) ;
#323 = ORIENTED_EDGE ( 'NONE', *, *, #1791, .T. ) ;
#324 = CARTESIAN_POINT ( 'NONE',  ( -175.0000000000000000, 30.00000000000000000, -275.0000000000000000 ) ) ;
#325 = VECTOR ( 'NONE', #3140, 1000.000000000000000 ) ;
#326 = CARTESIAN_POINT ( 'NONE',  ( -175.0000000000000000, 30.00000000000000000, -291.8469422204054808 ) ) ;
#327 = VECTOR ( 'NONE', #2614, 1000.000000000000000 ) ;
#328 = DIRECTION ( 'NONE',  ( -0.000000000000000000, -1.000000000000000000, -0.000000000000000000 ) ) ;
#329 = VECTOR ( 'NONE', #1783, 1000.000000000000000 ) ;
#330 = DIRECTION ( 'NONE',  ( -1.000000000000000000, 0.000000000000000000, 0.000000000000000000 ) ) ;
#331 = EDGE_LOOP ( 'NONE', ( #458, #3457, #1129, #1823, #389, #1168, #380, #635, #3855, #3917, #1210, #3248, #3384, #2151, #720, #600 ) ) ;
#332 = EDGE_CURVE ( 'NONE', #3844, #2729, #1406, .T. ) ;
#333 = DIRECTION ( 'NONE',  ( -1.000000000000000000, 0.000000000000000000, 0.000000000000000000 ) ) ;
#334 = CARTESIAN_POINT ( 'NONE',  ( 350.0000000000000000, 28.52572440762845929, -196.4509060527627184 ) ) ;
#335 = VERTEX_POINT ( 'NONE', #2731 ) ;
#336 = DIRECTION ( 'NONE',  ( 1.000000000000000000, 0.000000000000000000, 0.000000000000000000 ) ) ;
#337 = FACE_OUTER_BOUND ( 'NONE', #4062, .T. ) ;
#338 = ADVANCED_FACE ( 'NONE', ( #1079 ), #753, .T. ) ;
#339 = EDGE_CURVE ( 'NONE', #1194, #196, #3727, .T. ) ;
#340 = ORIENTED_EDGE ( 'NONE', *, *, #933, .T. ) ;
#341 = ORIENTED_EDGE ( 'NONE', *, *, #2535, .T. ) ;
#342 = EDGE_LOOP ( 'NONE', ( #2910, #2052, #862, #1580 ) ) ;
#343 = DIRECTION ( 'NONE',  ( 1.000000000000000000, 0.000000000000000000, 0.000000000000000000 ) ) ;
#344 = LINE ( 'NONE', #1670, #2790 ) ;
#345 = EDGE_CURVE ( 'NONE', #2823, #3535, #3979, .T. ) ;
#346 = ORIENTED_EDGE ( 'NONE', *, *, #1718, .F. ) ;
#347 = AXIS2_PLACEMENT_3D ( 'NONE', #952, #2279, #2870 ) ;
#348 = LINE ( 'NONE', #918, #3311 ) ;
#349 = LINE ( 'NONE', #3002, #3817 ) ;
#350 = LINE ( 'NONE', #3076, #1957 ) ;
#351 = EDGE_CURVE ( 'NONE', #3865, #2671, #2420, .T. ) ;
#352 = FACE_OUTER_BOUND ( 'NONE', #2289, .T. ) ;
#353 = EDGE_CURVE ( 'NONE', #2799, #2298, #1358, .T. ) ;
#354 = FACE_OUTER_BOUND ( 'NONE', #3842, .T. ) ;
#355 = ORIENTED_EDGE ( 'NONE', *, *, #1844, .F. ) ;
#356 = DIRECTION ( 'NONE',  ( -1.000000000000000000, 0.000000000000000000, 0.000000000000000000 ) ) ;
#357 = LINE ( 'NONE', #1032, #1926 ) ;
#358 = VERTEX_POINT ( 'NONE', #752 ) ;
#359 = CARTESIAN_POINT ( 'NONE',  ( -175.0000000000000000, 30.00000000000000000, 241.8469422204054808 ) ) ;
#360 = CARTESIAN_POINT ( 'NONE',  ( 0.000000000000000000, 55.00000000000000000, -112.5307246625174287 ) ) ;
#361 = LINE ( 'NONE', #1013, #205 ) ;
#362 = ORIENTED_EDGE ( 'NONE', *, *, #1600, .T. ) ;
#363 = ORIENTED_EDGE ( 'NONE', *, *, #2071, .F. ) ;
#364 = ORIENTED_EDGE ( 'NONE', *, *, #1609, .T. ) ;
#365 = DIRECTION ( 'NONE',  ( 0.000000000000000000, 0.000000000000000000, -1.000000000000000000 ) ) ;
#366 = CARTESIAN_POINT ( 'NONE',  ( -335.0000000000000568, 51.47427559237154071, -148.5490939472373668 ) ) ;
#367 = ORIENTED_EDGE ( 'NONE', *, *, #3750, .T. ) ;
#368 = CARTESIAN_POINT ( 'NONE',  ( -350.0000119999999697, 28.52572440762845929, 163.5490939472374237 ) ) ;
#369 = CC_DESIGN_APPROVAL ( #2881, ( #2939 ) ) ;
#370 = VECTOR ( 'NONE', #3233, 1000.000000000000000 ) ;
#371 = DIRECTION ( 'NONE',  ( 0.000000000000000000, 0.000000000000000000, 1.000000000000000000 ) ) ;
#372 = ADVANCED_FACE ( 'NONE', ( #2050 ), #2027, .F. ) ;
#373 = CARTESIAN_POINT ( 'NONE',  ( 0.000000000000000000, 15.00000000000000000, -49.53072466251744288 ) ) ;
#374 = CARTESIAN_POINT ( 'NONE',  ( -160.9999999999999716, 30.00000000000000000, -291.8469422204054808 ) ) ;
#375 = EDGE_CURVE ( 'NONE', #1030, #3196, #378, .T. ) ;
#376 = LINE ( 'NONE', #2402, #4042 ) ;
#377 = ORIENTED_EDGE ( 'NONE', *, *, #1822, .F. ) ;
#378 = LINE ( 'NONE', #3706, #954 ) ;
#379 = DIRECTION ( 'NONE',  ( -1.000000000000000000, 0.000000000000000000, 0.000000000000000000 ) ) ;
#380 = ORIENTED_EDGE ( 'NONE', *, *, #2287, .T. ) ;
#381 = FACE_OUTER_BOUND ( 'NONE', #1520, .T. ) ;
#382 = PLANE ( 'NONE',  #3950 ) ;
#383 = PLANE ( 'NONE',  #3608 ) ;
#384 = EDGE_LOOP ( 'NONE', ( #3024, #708, #779, #3014 ) ) ;
#385 = ORIENTED_EDGE ( 'NONE', *, *, #1844, .T. ) ;
#386 = ORIENTED_EDGE ( 'NONE', *, *, #245, .F. ) ;
#387 = DIRECTION ( 'NONE',  ( 0.000000000000000000, 0.000000000000000000, -1.000000000000000000 ) ) ;
#388 = CARTESIAN_POINT ( 'NONE',  ( 0.000000000000000000, 15.00000000000000000, 0.000000000000000000 ) ) ;
#389 = ORIENTED_EDGE ( 'NONE', *, *, #3914, .T. ) ;
#390 = EDGE_CURVE ( 'NONE', #906, #3761, #1078, .T. ) ;
#391 = PLANE ( 'NONE',  #3040 ) ;
#392 = LINE ( 'NONE', #2700, #1250 ) ;
#393 = DATE_AND_TIME ( #3769, #1602 ) ;
#394 = DIRECTION ( 'NONE',  ( 0.000000000000000000, -0.000000000000000000, 1.000000000000000000 ) ) ;
#395 = FACE_OUTER_BOUND ( 'NONE', #670, .T. ) ;
#396 = VECTOR ( 'NONE', #2831, 1000.000000000000000 ) ;
#397 = PLANE ( 'NONE',  #3492 ) ;
#398 = ORIENTED_EDGE ( 'NONE', *, *, #2214, .F. ) ;
#399 = CYLINDRICAL_SURFACE ( 'NONE', #1581, 14.01683920888982549 ) ;
#400 = DIRECTION ( 'NONE',  ( -1.000000000000000000, 0.000000000000000000, 0.000000000000000000 ) ) ;
#401 = ORIENTED_EDGE ( 'NONE', *, *, #1199, .F. ) ;
#402 = CARTESIAN_POINT ( 'NONE',  ( -191.8812071333370000, 60.00000000000000000, -241.8469422204054808 ) ) ;
#403 = AXIS2_PLACEMENT_3D ( 'NONE', #2086, #3415, #432 ) ;
#404 = CIRCLE ( 'NONE', #1449, 19.05414961064888502 ) ;
#405 = LINE ( 'NONE', #2687, #75 ) ;
#406 = CARTESIAN_POINT ( 'NONE',  ( 334.9999999999999432, 28.52572440762845929, 43.54909394723735261 ) ) ;
#407 = EDGE_LOOP ( 'NONE', ( #2297, #299, #2470, #233 ) ) ;
#408 = ORIENTED_EDGE ( 'NONE', *, *, #3570, .T. ) ;
#409 = VERTEX_POINT ( 'NONE', #2076 ) ;
#410 = DIRECTION ( 'NONE',  ( -1.000000000000000000, 0.000000000000000000, 0.000000000000000000 ) ) ;
#411 = DIRECTION ( 'NONE',  ( 0.000000000000000000, 1.000000000000000000, 0.000000000000000000 ) ) ;
#412 = EDGE_CURVE ( 'NONE', #3895, #764, #80, .T. ) ;
#413 = VERTEX_POINT ( 'NONE', #3638 ) ;
#414 = CARTESIAN_POINT ( 'NONE',  ( 178.7050723411340414, 36.42776134176983760, 100.0000000000000000 ) ) ;
#415 = CIRCLE ( 'NONE', #2150, 14.01683920888982549 ) ;
#416 = DIRECTION ( 'NONE',  ( 1.000000000000000000, 0.000000000000000000, 0.000000000000000000 ) ) ;
#417 = VECTOR ( 'NONE', #1391, 1000.000000000000000 ) ;
#418 = DATE_TIME_ROLE ( 'classification_date' ) ;
#419 = DIRECTION ( 'NONE',  ( 0.000000000000000000, -1.000000000000000000, 0.000000000000000000 ) ) ;
#420 = CARTESIAN_POINT ( 'NONE',  ( -350.0000000000001137, 28.52572440762845929, 43.54909394723738103 ) ) ;
#421 = VECTOR ( 'NONE', #2514, 1000.000000000000000 ) ;
#422 = DIRECTION ( 'NONE',  ( 0.000000000000000000, 0.000000000000000000, 1.000000000000000000 ) ) ;
#423 = ORIENTED_EDGE ( 'NONE', *, *, #1958, .F. ) ;
#424 = CARTESIAN_POINT ( 'NONE',  ( 221.2050723411340414, 36.42776134176983760, -100.0000000000000000 ) ) ;
#425 = EDGE_LOOP ( 'NONE', ( #956, #666, #401, #1703, #52, #1123, #475, #2191, #3091, #1370, #447, #823, #3823, #1882, #1412, #931, #2629, #2930, #3309, #2145, #4140, #3047, #4033, #2480 ) ) ;
#426 = LINE ( 'NONE', #3660, #442 ) ;
#427 = EDGE_CURVE ( 'NONE', #4267, #3780, #1727, .T. ) ;
#428 = DIRECTION ( 'NONE',  ( 0.000000000000000000, 0.000000000000000000, 1.000000000000000000 ) ) ;
#429 = VERTEX_POINT ( 'NONE', #3011 ) ;
#430 = DIRECTION ( 'NONE',  ( 1.000000000000000000, 0.000000000000000000, 0.000000000000000000 ) ) ;
#431 = EDGE_LOOP ( 'NONE', ( #4176, #1709, #2674, #1970 ) ) ;
#432 = DIRECTION ( 'NONE',  ( -0.000000000000000000, 0.000000000000000000, -1.000000000000000000 ) ) ;
#433 = CARTESIAN_POINT ( 'NONE',  ( -163.2500801115500622, 15.00000000000000000, -152.8541871936397456 ) ) ;
#434 = ADVANCED_FACE ( 'NONE', ( #1008 ), #106, .F. ) ;
#435 = ORIENTED_EDGE ( 'NONE', *, *, #1526, .T. ) ;
#436 = PLANE ( 'NONE',  #2696 ) ;
#437 = CC_DESIGN_PERSON_AND_ORGANIZATION_ASSIGNMENT ( #1490, #2815, ( #2939 ) ) ;
#438 = LINE ( 'NONE', #3419, #1870 ) ;
#439 = VECTOR ( 'NONE', #3936, 1000.000000000000000 ) ;
#440 = PERSON_AND_ORGANIZATION ( #3156, #79 ) ;
#441 = FACE_OUTER_BOUND ( 'NONE', #1625, .T. ) ;
#442 = VECTOR ( 'NONE', #1681, 1000.000000000000000 ) ;
#443 = DIRECTION ( 'NONE',  ( 0.000000000000000000, 0.000000000000000000, 1.000000000000000000 ) ) ;
#444 = AXIS2_PLACEMENT_3D ( 'NONE', #2982, #2045, #1746 ) ;
#445 = CIRCLE ( 'NONE', #2876, 14.01683920888982549 ) ;
#446 = LINE ( 'NONE', #486, #95 ) ;
#447 = ORIENTED_EDGE ( 'NONE', *, *, #1914, .T. ) ;
#448 = CARTESIAN_POINT ( 'NONE',  ( 142.0021971965332170, 15.00000000000000000, 100.0000000000000000 ) ) ;
#449 = ORIENTED_EDGE ( 'NONE', *, *, #2022, .T. ) ;
#450 = EDGE_CURVE ( 'NONE', #4070, #560, #3404, .T. ) ;
#451 = CARTESIAN_POINT ( 'NONE',  ( 178.7050723411340414, 36.42776134176983760, -100.0000000000000000 ) ) ;
#452 = DIRECTION ( 'NONE',  ( -0.000000000000000000, -0.000000000000000000, -1.000000000000000000 ) ) ;
#453 = VERTEX_POINT ( 'NONE', #424 ) ;
#454 = ORIENTED_EDGE ( 'NONE', *, *, #1535, .T. ) ;
#455 = ORIENTED_EDGE ( 'NONE', *, *, #1977, .T. ) ;
#456 = LINE ( 'NONE', #65, #136 ) ;
#457 = CARTESIAN_POINT ( 'NONE',  ( -350.0000000000001137, 28.52572440762845929, -235.0000000000000284 ) ) ;
#458 = ORIENTED_EDGE ( 'NONE', *, *, #3757, .T. ) ;
#459 = CARTESIAN_POINT ( 'NONE',  ( -104.6270177182934162, 75.00000000000000000, -178.5658364145832024 ) ) ;
#460 = EDGE_CURVE ( 'NONE', #92, #970, #1701, .T. ) ;
#461 = LINE ( 'NONE', #1116, #2360 ) ;
#462 =( LENGTH_UNIT ( ) NAMED_UNIT ( * ) SI_UNIT ( .MILLI., .METRE. ) );
#463 = CARTESIAN_POINT ( 'NONE',  ( 179.2065075214463548, 30.00000000000000000, -290.0000000000000568 ) ) ;
#464 = EDGE_CURVE ( 'NONE', #510, #1264, #53, .T. ) ;
#465 = FACE_OUTER_BOUND ( 'NONE', #1583, .T. ) ;
#466 = ORIENTED_EDGE ( 'NONE', *, *, #224, .F. ) ;
#467 = DIRECTION ( 'NONE',  ( -0.000000000000000000, 0.000000000000000000, 1.000000000000000000 ) ) ;
#468 = ORIENTED_EDGE ( 'NONE', *, *, #28, .F. ) ;
#469 = FACE_OUTER_BOUND ( 'NONE', #871, .T. ) ;
#470 = LINE ( 'NONE', #127, #4091 ) ;
#471 = EDGE_LOOP ( 'NONE', ( #2310, #1017, #1485, #2456 ) ) ;
#472 = CARTESIAN_POINT ( 'NONE',  ( -191.8812071333370000, 60.00000000000000000, 241.8469422204054808 ) ) ;
#473 = CIRCLE ( 'NONE', #3866, 40.00000000000000711 ) ;
#474 = VECTOR ( 'NONE', #3057, 1000.000000000000000 ) ;
#475 = ORIENTED_EDGE ( 'NONE', *, *, #3953, .T. ) ;
#476 = CARTESIAN_POINT ( 'NONE',  ( -310.0000000000001137, 15.00000000000000000, 260.0000000000000000 ) ) ;
#477 = DIRECTION ( 'NONE',  ( -1.000000000000000000, 0.000000000000000000, -0.000000000000000000 ) ) ;
#478 = VECTOR ( 'NONE', #3211, 1000.000000000000000 ) ;
#479 = ORIENTED_EDGE ( 'NONE', *, *, #3786, .F. ) ;
#480 = PLANE ( 'NONE',  #193 ) ;
#481 = CARTESIAN_POINT ( 'NONE',  ( -104.6270177182934162, 15.00000000000000000, 178.5658364145832024 ) ) ;
#482 = ADVANCED_FACE ( 'NONE', ( #1379 ), #4025, .T. ) ;
#483 = DATE_TIME_ROLE ( 'creation_date' ) ;
#484 = AXIS2_PLACEMENT_3D ( 'NONE', #610, #4259, #2265 ) ;
#485 = VECTOR ( 'NONE', #371, 1000.000000000000000 ) ;
#486 = CARTESIAN_POINT ( 'NONE',  ( -158.1187928666629716, 15.00000000000000000, 241.8469422204054808 ) ) ;
#487 = ORIENTED_EDGE ( 'NONE', *, *, #3853, .F. ) ;
#488 = ADVANCED_FACE ( 'NONE', ( #729 ), #399, .T. ) ;
#489 = CARTESIAN_POINT ( 'NONE',  ( -335.0000000000000568, 28.52572440762845929, 211.4509060527627753 ) ) ;
#490 = ORIENTED_EDGE ( 'NONE', *, *, #830, .T. ) ;
#491 = AXIS2_PLACEMENT_3D ( 'NONE', #3864, #2627, #2893 ) ;
#492 = FACE_OUTER_BOUND ( 'NONE', #4121, .T. ) ;
#493 = ADVANCED_FACE ( 'NONE', ( #10 ), #2660, .F. ) ;
#494 = VECTOR ( 'NONE', #3601, 1000.000000000000000 ) ;
#495 = DIRECTION ( 'NONE',  ( 1.000000000000000000, 0.000000000000000000, 0.000000000000000000 ) ) ;
#496 = ORIENTED_EDGE ( 'NONE', *, *, #877, .F. ) ;
#497 = LINE ( 'NONE', #189, #2623 ) ;
#498 = ORIENTED_EDGE ( 'NONE', *, *, #2628, .T. ) ;
#499 = CARTESIAN_POINT ( 'NONE',  ( -155.9458503893511079, 30.00000000000000000, -275.0000000000000000 ) ) ;
#500 = DIRECTION ( 'NONE',  ( 0.000000000000000000, 0.000000000000000000, -1.000000000000000000 ) ) ;
#501 = ORIENTED_EDGE ( 'NONE', *, *, #1302, .F. ) ;
#502 = CARTESIAN_POINT ( 'NONE',  ( 310.0000000000000000, 80.00000000000000000, -235.0000000000000284 ) ) ;
#503 = ADVANCED_FACE ( 'NONE', ( #4133 ), #526, .T. ) ;
#504 = CARTESIAN_POINT ( 'NONE',  ( 0.000000000000000000, 57.99999999999999289, 0.000000000000000000 ) ) ;
#505 = EDGE_CURVE ( 'NONE', #510, #1364, #3928, .T. ) ;
#506 = VECTOR ( 'NONE', #4239, 1000.000000000000000 ) ;
#507 = FACE_OUTER_BOUND ( 'NONE', #3649, .T. ) ;
#508 = CARTESIAN_POINT ( 'NONE',  ( -31.89227307562281766, 62.46550775036840975, -291.8479422204054572 ) ) ;
#509 = AXIS2_PLACEMENT_3D ( 'NONE', #4111, #2749, #2119 ) ;
#510 = VERTEX_POINT ( 'NONE', #1474 ) ;
#511 = LINE ( 'NONE', #1476, #3838 ) ;
#512 = AXIS2_PLACEMENT_3D ( 'NONE', #4052, #3084, #782 ) ;
#513 = EDGE_CURVE ( 'NONE', #2965, #2866, #4153, .T. ) ;
#514 = CARTESIAN_POINT ( 'NONE',  ( -273.3654762541850118, 55.00000000000000000, -112.5307246625174287 ) ) ;
#515 = ORIENTED_EDGE ( 'NONE', *, *, #4061, .T. ) ;
#516 = EDGE_LOOP ( 'NONE', ( #515, #3090, #2975, #423, #1227, #2929, #2662, #172, #790, #2972, #3741, #3737, #1342, #1928, #1325, #3602 ) ) ;
#517 = VERTEX_POINT ( 'NONE', #1507 ) ;
#518 = DIRECTION ( 'NONE',  ( 0.000000000000000000, 0.000000000000000000, 1.000000000000000000 ) ) ;
#519 = DIRECTION ( 'NONE',  ( 1.000000000000000000, 0.000000000000000000, 0.000000000000000000 ) ) ;
#520 = ORIENTED_EDGE ( 'NONE', *, *, #2855, .F. ) ;
#521 = VERTEX_POINT ( 'NONE', #3145 ) ;
#522 = DIRECTION ( 'NONE',  ( 0.000000000000000000, 1.000000000000000000, 0.000000000000000000 ) ) ;
#523 = CARTESIAN_POINT ( 'NONE',  ( 350.0000119999999697, 51.47427559237154071, 211.4509060527627753 ) ) ;
#524 = ADVANCED_FACE ( 'NONE', ( #1145 ), #1493, .T. ) ;
#525 = DIRECTION ( 'NONE',  ( -0.000000000000000000, -1.000000000000000000, -0.000000000000000000 ) ) ;
#526 = PLANE ( 'NONE',  #1099 ) ;
#527 = LINE ( 'NONE', #3147, #856 ) ;
#528 = ADVANCED_FACE ( 'NONE', ( #124 ), #2797, .F. ) ;
#529 = DIRECTION ( 'NONE',  ( 1.000000000000000000, 0.000000000000000000, 0.000000000000000000 ) ) ;
#530 = ORIENTED_EDGE ( 'NONE', *, *, #1247, .F. ) ;
#531 = CARTESIAN_POINT ( 'NONE',  ( 350.0000000000000000, 80.00000000000000000, -196.4509060527627184 ) ) ;
#532 = ORIENTED_EDGE ( 'NONE', *, *, #3991, .F. ) ;
#533 = DIRECTION ( 'NONE',  ( 0.000000000000000000, -1.000000000000000000, 0.000000000000000000 ) ) ;
#534 = ADVANCED_FACE ( 'NONE', ( #1124 ), #3167, .F. ) ;
#535 = DIRECTION ( 'NONE',  ( -1.000000000000000000, -0.000000000000000000, -0.000000000000000000 ) ) ;
#536 = VECTOR ( 'NONE', #697, 1000.000000000000000 ) ;
#537 = EDGE_LOOP ( 'NONE', ( #2061, #1603, #2320, #1296 ) ) ;
#538 = AXIS2_PLACEMENT_3D ( 'NONE', #3639, #2684, #2661 ) ;
#539 = ORIENTED_EDGE ( 'NONE', *, *, #1652, .F. ) ;
#540 = DIRECTION ( 'NONE',  ( 0.000000000000000000, 0.000000000000000000, -1.000000000000000000 ) ) ;
#541 = AXIS2_PLACEMENT_3D ( 'NONE', #2059, #365, #3738 ) ;
#542 = EDGE_CURVE ( 'NONE', #3114, #3058, #1453, .T. ) ;
#543 = EDGE_CURVE ( 'NONE', #2082, #2965, #146, .T. ) ;
#544 = CARTESIAN_POINT ( 'NONE',  ( -256.8654762541850118, 57.99999999999999289, 0.000000000000000000 ) ) ;
#545 = CARTESIAN_POINT ( 'NONE',  ( -335.0000000000000568, 51.47427559237154071, 91.45090605276273266 ) ) ;
#546 = CARTESIAN_POINT ( 'NONE',  ( -163.2500801115500622, 15.00000000000000000, -275.0000000000000000 ) ) ;
#547 = DIRECTION ( 'NONE',  ( 0.000000000000000000, -1.000000000000000000, 0.000000000000000000 ) ) ;
#548 = AXIS2_PLACEMENT_3D ( 'NONE', #3664, #712, #2758 ) ;
#549 = EDGE_CURVE ( 'NONE', #1949, #138, #2550, .T. ) ;
#550 = DIRECTION ( 'NONE',  ( 0.000000000000000000, 1.000000000000000000, 0.000000000000000000 ) ) ;
#551 = VERTEX_POINT ( 'NONE', #3126 ) ;
#552 = VECTOR ( 'NONE', #1240, 1000.000000000000000 ) ;
#553 = CARTESIAN_POINT ( 'NONE',  ( 350.0000000000000000, 51.47427559237154071, -235.0000000000000284 ) ) ;
#554 = LINE ( 'NONE', #531, #1799 ) ;
#555 = VERTEX_POINT ( 'NONE', #1102 ) ;
#556 = DIRECTION ( 'NONE',  ( -0.000000000000000000, -0.000000000000000000, -1.000000000000000000 ) ) ;
#557 = EDGE_CURVE ( 'NONE', #3067, #1084, #2837, .T. ) ;
#558 = DIRECTION ( 'NONE',  ( 0.000000000000000000, 0.000000000000000000, -1.000000000000000000 ) ) ;
#559 = VECTOR ( 'NONE', #597, 1000.000000000000000 ) ;
#560 = VERTEX_POINT ( 'NONE', #1851 ) ;
#561 = ORIENTED_EDGE ( 'NONE', *, *, #2809, .F. ) ;
#562 = ORIENTED_EDGE ( 'NONE', *, *, #2752, .F. ) ;
#563 = CARTESIAN_POINT ( 'NONE',  ( 215.4079474857348373, 15.00000000000000000, 100.0000000000000000 ) ) ;
#564 = CARTESIAN_POINT ( 'NONE',  ( -310.0000000000001137, 80.00000000000000000, -275.0000000000000000 ) ) ;
#565 = EDGE_CURVE ( 'NONE', #1537, #621, #1183, .T. ) ;
#566 = VERTEX_POINT ( 'NONE', #184 ) ;
#567 = LINE ( 'NONE', #3910, #989 ) ;
#568 = DIRECTION ( 'NONE',  ( -0.000000000000000000, 0.000000000000000000, 1.000000000000000000 ) ) ;
#569 = LINE ( 'NONE', #2592, #3974 ) ;
#570 = AXIS2_PLACEMENT_3D ( 'NONE', #3927, #2895, #2918 ) ;
#571 = FACE_OUTER_BOUND ( 'NONE', #1298, .T. ) ;
#572 = ORIENTED_EDGE ( 'NONE', *, *, #4074, .F. ) ;
#573 = EDGE_CURVE ( 'NONE', #173, #1963, #2429, .T. ) ;
#574 = CC_DESIGN_APPROVAL ( #3789, ( #1945 ) ) ;
#575 = CARTESIAN_POINT ( 'NONE',  ( -25.41668463387203403, 7.460168080204088170, -245.0000000000000284 ) ) ;
#576 = LINE ( 'NONE', #3189, #1304 ) ;
#577 = ORIENTED_EDGE ( 'NONE', *, *, #298, .F. ) ;
#578 = DIRECTION ( 'NONE',  ( -0.000000000000000000, -0.000000000000000000, 1.000000000000000000 ) ) ;
#579 = VECTOR ( 'NONE', #4226, 1000.000000000000000 ) ;
#580 = FACE_OUTER_BOUND ( 'NONE', #2170, .T. ) ;
#581 = AXIS2_PLACEMENT_3D ( 'NONE', #1611, #2942, #1287 ) ;
#582 = ORIENTED_EDGE ( 'NONE', *, *, #4040, .T. ) ;
#583 = ORIENTED_EDGE ( 'NONE', *, *, #747, .T. ) ;
#584 = CARTESIAN_POINT ( 'NONE',  ( -158.1187928666629716, 15.00000000000000000, -241.8469422204054808 ) ) ;
#585 = FACE_OUTER_BOUND ( 'NONE', #3978, .T. ) ;
#586 = ORIENTED_EDGE ( 'NONE', *, *, #98, .T. ) ;
#587 = FACE_BOUND ( 'NONE', #1052, .T. ) ;
#588 = PLANE ( 'NONE',  #1990 ) ;
#589 = CARTESIAN_POINT ( 'NONE',  ( -158.1187928666629716, 60.00000000000000000, -152.8541871936397456 ) ) ;
#590 = EDGE_CURVE ( 'NONE', #764, #2049, #202, .T. ) ;
#591 = CARTESIAN_POINT ( 'NONE',  ( 350.0000119999999697, 51.47427559237154071, 163.5490939472374237 ) ) ;
#592 = ORIENTED_EDGE ( 'NONE', *, *, #3587, .T. ) ;
#593 = CARTESIAN_POINT ( 'NONE',  ( -335.0000000000000568, 15.00000000000000000, 235.0000000000000284 ) ) ;
#594 = LINE ( 'NONE', #863, #757 ) ;
#595 = VERTEX_POINT ( 'NONE', #448 ) ;
#596 = DIRECTION ( 'NONE',  ( -0.000000000000000000, -0.000000000000000000, -1.000000000000000000 ) ) ;
#597 = DIRECTION ( 'NONE',  ( 0.000000000000000000, 0.000000000000000000, 1.000000000000000000 ) ) ;
#598 = ORIENTED_EDGE ( 'NONE', *, *, #3003, .F. ) ;
#599 = ORIENTED_EDGE ( 'NONE', *, *, #2197, .F. ) ;
#600 = ORIENTED_EDGE ( 'NONE', *, *, #2806, .T. ) ;
#601 = CARTESIAN_POINT ( 'NONE',  ( 31.89227307562280700, 37.53449224963159736, -260.0000000000000000 ) ) ;
#602 = DIRECTION ( 'NONE',  ( -0.000000000000000000, 1.000000000000000000, 0.000000000000000000 ) ) ;
#603 = ORIENTED_EDGE ( 'NONE', *, *, #2848, .F. ) ;
#604 = AXIS2_PLACEMENT_3D ( 'NONE', #1396, #2791, #1371 ) ;
#605 = VECTOR ( 'NONE', #3334, 1000.000000000000000 ) ;
#606 = ADVANCED_FACE ( 'NONE', ( #3104 ), #1816, .F. ) ;
#607 = DIRECTION ( 'NONE',  ( 0.000000000000000000, -1.000000000000000000, 0.000000000000000000 ) ) ;
#608 = CARTESIAN_POINT ( 'NONE',  ( 350.0000000000000000, 0.000000000000000000, 235.0000000000000284 ) ) ;
#609 = ADVANCED_FACE ( 'NONE', ( #2777 ), #2160, .T. ) ;
#610 = CARTESIAN_POINT ( 'NONE',  ( -310.0000000000001137, 15.00000000000000000, -235.0000000000000284 ) ) ;
#611 = EDGE_LOOP ( 'NONE', ( #3190, #2479 ) ) ;
#612 = CARTESIAN_POINT ( 'NONE',  ( -335.0000000000000568, 51.47427559237154071, 43.54909394723738103 ) ) ;
#613 = CARTESIAN_POINT ( 'NONE',  ( -31.89227307562281766, 62.46550775036840975, 260.0000000000000000 ) ) ;
#614 = EDGE_CURVE ( 'NONE', #3902, #2669, #246, .T. ) ;
#615 = ORIENTED_EDGE ( 'NONE', *, *, #1384, .F. ) ;
#616 = VECTOR ( 'NONE', #2190, 1000.000000000000000 ) ;
#617 = DIRECTION ( 'NONE',  ( 1.000000000000000000, 0.000000000000000000, 0.000000000000000000 ) ) ;
#618 = DIRECTION ( 'NONE',  ( -1.000000000000000000, 0.000000000000000000, 0.000000000000000000 ) ) ;
#619 = AXIS2_PLACEMENT_3D ( 'NONE', #2375, #3695, #46 ) ;
#620 = ORIENTED_EDGE ( 'NONE', *, *, #2962, .F. ) ;
#621 = VERTEX_POINT ( 'NONE', #1022 ) ;
#622 = ORIENTED_EDGE ( 'NONE', *, *, #135, .T. ) ;
#623 = FACE_OUTER_BOUND ( 'NONE', #1628, .T. ) ;
#624 = VECTOR ( 'NONE', #4286, 1000.000000000000000 ) ;
#625 = LINE ( 'NONE', #303, #903 ) ;
#626 = ORIENTED_EDGE ( 'NONE', *, *, #2316, .T. ) ;
#627 = EDGE_CURVE ( 'NONE', #3688, #4093, #1872, .T. ) ;
#628 = CARTESIAN_POINT ( 'NONE',  ( -310.0000000000000568, 0.000000000000000000, 275.0000000000000000 ) ) ;
#629 = EDGE_CURVE ( 'NONE', #3485, #216, #1244, .T. ) ;
#630 = CARTESIAN_POINT ( 'NONE',  ( -310.0000000000001137, 15.00000000000000000, -235.0000000000000284 ) ) ;
#631 = CARTESIAN_POINT ( 'NONE',  ( 334.9999999999999432, 51.47427559237154071, -28.54909394723731353 ) ) ;
#632 = ORIENTED_EDGE ( 'NONE', *, *, #1075, .T. ) ;
#633 = LINE ( 'NONE', #3617, #3427 ) ;
#634 = PLANE ( 'NONE',  #4214 ) ;
#635 = ORIENTED_EDGE ( 'NONE', *, *, #2239, .T. ) ;
#636 = CARTESIAN_POINT ( 'NONE',  ( -104.6270177182934162, 75.00000000000000000, -178.5658364145832024 ) ) ;
#637 = ADVANCED_FACE ( 'NONE', ( #1352, #2530 ), #3550, .F. ) ;
#638 = CARTESIAN_POINT ( 'NONE',  ( -175.0000000000000000, 30.00000000000000000, -275.0000000000000000 ) ) ;
#639 = VECTOR ( 'NONE', #1506, 1000.000000000000000 ) ;
#640 = ORIENTED_EDGE ( 'NONE', *, *, #1393, .F. ) ;
#641 = VECTOR ( 'NONE', #3191, 1000.000000000000000 ) ;
#642 = ORIENTED_EDGE ( 'NONE', *, *, #4203, .F. ) ;
#643 = ORIENTED_EDGE ( 'NONE', *, *, #3062, .T. ) ;
#644 = DIRECTION ( 'NONE',  ( -1.000000000000000000, 0.000000000000000000, -0.000000000000000000 ) ) ;
#645 = CIRCLE ( 'NONE', #2938, 14.01683920888982549 ) ;
#646 = LINE ( 'NONE', #3259, #2 ) ;
#647 = VECTOR ( 'NONE', #3551, 1000.000000000000000 ) ;
#648 = VERTEX_POINT ( 'NONE', #3851 ) ;
#649 = ADVANCED_FACE ( 'NONE', ( #671 ), #2650, .F. ) ;
#650 = CARTESIAN_POINT ( 'NONE',  ( -186.7499198884499094, 15.00000000000000000, -275.0000000000000000 ) ) ;
#651 = PLANE ( 'NONE',  #3568 ) ;
#652 = EDGE_CURVE ( 'NONE', #2811, #2049, #3001, .T. ) ;
#653 = DIRECTION ( 'NONE',  ( 0.000000000000000000, 0.000000000000000000, -1.000000000000000000 ) ) ;
#654 = EDGE_LOOP ( 'NONE', ( #3882, #1821, #577, #1429 ) ) ;
#655 = CARTESIAN_POINT ( 'NONE',  ( 0.000000000000000000, 15.00000000000000000, -97.53072466251742867 ) ) ;
#656 = DIRECTION ( 'NONE',  ( 0.000000000000000000, 0.000000000000000000, 1.000000000000000000 ) ) ;
#657 = PRODUCT ( 'snoopy_house_Default_sldprt', 'snoopy_house_Default_sldprt', '', ( #2135 ) ) ;
#658 = ORIENTED_EDGE ( 'NONE', *, *, #2493, .F. ) ;
#659 = CARTESIAN_POINT ( 'NONE',  ( -350.0000000000001137, 0.000000000000000000, 235.0000000000000284 ) ) ;
#660 = APPLICATION_CONTEXT ( 'configuration controlled 3d designs of mechanical parts and assemblies' ) ;
#661 = EDGE_CURVE ( 'NONE', #680, #2781, #1373, .T. ) ;
#662 = CARTESIAN_POINT ( 'NONE',  ( -175.0000000000000000, 30.00000000000000000, 275.0000000000000000 ) ) ;
#663 = ORIENTED_EDGE ( 'NONE', *, *, #2062, .T. ) ;
#664 = EDGE_LOOP ( 'NONE', ( #1974, #4186, #1388, #3836 ) ) ;
#665 = ADVANCED_FACE ( 'NONE', ( #3205 ), #588, .T. ) ;
#666 = ORIENTED_EDGE ( 'NONE', *, *, #1336, .F. ) ;
#667 = FACE_OUTER_BOUND ( 'NONE', #3875, .T. ) ;
#668 = LINE ( 'NONE', #366, #3333 ) ;
#669 = EDGE_CURVE ( 'NONE', #3992, #92, #2223, .T. ) ;
#670 = EDGE_LOOP ( 'NONE', ( #2776, #889, #167, #2578 ) ) ;
#671 = FACE_OUTER_BOUND ( 'NONE', #1714, .T. ) ;
#672 = EDGE_CURVE ( 'NONE', #3058, #804, #3225, .T. ) ;
#673 = LINE ( 'NONE', #1398, #2710 ) ;
#674 = VECTOR ( 'NONE', #2646, 1000.000000000000000 ) ;
#675 = CARTESIAN_POINT ( 'NONE',  ( -175.0000000000000000, 30.00000000000000000, -291.8469422204054808 ) ) ;
#676 = CARTESIAN_POINT ( 'NONE',  ( 31.89227307562280700, 62.46550775036840975, 260.0000000000000000 ) ) ;
#677 = VECTOR ( 'NONE', #3514, 1000.000000000000000 ) ;
#678 = VECTOR ( 'NONE', #3835, 1000.000000000000000 ) ;
#679 = DIRECTION ( 'NONE',  ( -1.000000000000000000, 0.000000000000000000, 0.000000000000000000 ) ) ;
#680 = VERTEX_POINT ( 'NONE', #1649 ) ;
#681 = DIRECTION ( 'NONE',  ( 0.000000000000000000, 0.000000000000000000, 1.000000000000000000 ) ) ;
#682 = CARTESIAN_POINT ( 'NONE',  ( -350.0000119999999697, 28.52572440762845929, -28.54909394723731353 ) ) ;
#683 = ORIENTED_EDGE ( 'NONE', *, *, #2828, .T. ) ;
#684 = PLANE ( 'NONE',  #1069 ) ;
#685 = DIRECTION ( 'NONE',  ( -0.000000000000000000, -0.000000000000000000, -1.000000000000000000 ) ) ;
#686 = EDGE_CURVE ( 'NONE', #453, #3920, #1853, .T. ) ;
#687 = LINE ( 'NONE', #3018, #3327 ) ;
#688 = VERTEX_POINT ( 'NONE', #2571 ) ;
#689 = ORIENTED_EDGE ( 'NONE', *, *, #2214, .T. ) ;
#690 = VERTEX_POINT ( 'NONE', #3993 ) ;
#691 = CARTESIAN_POINT ( 'NONE',  ( 25.41668463387203403, 7.460168080204088170, -245.0000000000000284 ) ) ;
#692 = EDGE_CURVE ( 'NONE', #3497, #3346, #3892, .T. ) ;
#693 = CARTESIAN_POINT ( 'NONE',  ( -31.89227307562281766, 62.46550775036840975, 260.0000000000000000 ) ) ;
#694 = AXIS2_PLACEMENT_3D ( 'NONE', #1036, #2010, #1083 ) ;
#695 = ORIENTED_EDGE ( 'NONE', *, *, #549, .T. ) ;
#696 = VECTOR ( 'NONE', #411, 1000.000000000000000 ) ;
#697 = DIRECTION ( 'NONE',  ( 1.000000000000000000, 0.000000000000000000, 0.000000000000000000 ) ) ;
#698 = EDGE_CURVE ( 'NONE', #922, #1756, #3589, .T. ) ;
#699 = DIRECTION ( 'NONE',  ( 0.000000000000000000, 0.000000000000000000, -1.000000000000000000 ) ) ;
#700 = AXIS2_PLACEMENT_3D ( 'NONE', #760, #3731, #1082 ) ;
#701 = EDGE_CURVE ( 'NONE', #1394, #2356, #348, .T. ) ;
#702 = CARTESIAN_POINT ( 'NONE',  ( -350.0000000000001137, 51.47427559237154071, -76.45090605276266160 ) ) ;
#703 = DIRECTION ( 'NONE',  ( -0.000000000000000000, -0.000000000000000000, 1.000000000000000000 ) ) ;
#704 = DIRECTION ( 'NONE',  ( -1.000000000000000000, 0.000000000000000000, 0.000000000000000000 ) ) ;
#705 = ORIENTED_EDGE ( 'NONE', *, *, #2316, .F. ) ;
#706 = DIRECTION ( 'NONE',  ( 1.000000000000000000, 0.000000000000000000, 0.000000000000000000 ) ) ;
#707 = CARTESIAN_POINT ( 'NONE',  ( 25.41668463387203403, 7.460168080204088170, 275.0000000000000000 ) ) ;
#708 = ORIENTED_EDGE ( 'NONE', *, *, #3721, .F. ) ;
#709 = LINE ( 'NONE', #4029, #1895 ) ;
#710 = DIRECTION ( 'NONE',  ( 1.000000000000000000, 0.000000000000000000, 0.000000000000000000 ) ) ;
#711 = ADVANCED_FACE ( 'NONE', ( #1915 ), #3242, .F. ) ;
#712 = DIRECTION ( 'NONE',  ( -0.000000000000000000, -1.000000000000000000, 0.000000000000000000 ) ) ;
#713 = ORIENTED_EDGE ( 'NONE', *, *, #3284, .T. ) ;
#714 = ORIENTED_EDGE ( 'NONE', *, *, #698, .F. ) ;
#715 = ORIENTED_EDGE ( 'NONE', *, *, #2665, .T. ) ;
#716 = DIRECTION ( 'NONE',  ( 0.000000000000000000, 0.000000000000000000, -1.000000000000000000 ) ) ;
#717 = CIRCLE ( 'NONE', #165, 19.05414961064888502 ) ;
#718 = LINE ( 'NONE', #2060, #3407 ) ;
#719 = AXIS2_PLACEMENT_3D ( 'NONE', #3870, #1243, #3286 ) ;
#720 = ORIENTED_EDGE ( 'NONE', *, *, #2493, .T. ) ;
#721 = DIRECTION ( 'NONE',  ( 0.000000000000000000, 0.000000000000000000, -1.000000000000000000 ) ) ;
#722 = AXIS2_PLACEMENT_3D ( 'NONE', #402, #1730, #1409 ) ;
#723 = DIRECTION ( 'NONE',  ( 0.000000000000000000, -1.000000000000000000, 0.000000000000000000 ) ) ;
#724 =( NAMED_UNIT ( * ) SI_UNIT ( $, .STERADIAN. ) SOLID_ANGLE_UNIT ( ) );
#725 = DIRECTION ( 'NONE',  ( 0.000000000000000000, -1.000000000000000000, -0.000000000000000000 ) ) ;
#726 = LINE ( 'NONE', #1654, #4122 ) ;
#727 = CARTESIAN_POINT ( 'NONE',  ( 334.9999999999999432, 51.47427559237154071, 211.4509060527627753 ) ) ;
#728 = ORIENTED_EDGE ( 'NONE', *, *, #2398, .T. ) ;
#729 = FACE_OUTER_BOUND ( 'NONE', #4272, .T. ) ;
#730 = DIRECTION ( 'NONE',  ( 0.000000000000000000, -1.000000000000000000, 0.000000000000000000 ) ) ;
#731 = ORIENTED_EDGE ( 'NONE', *, *, #1991, .T. ) ;
#732 = CARTESIAN_POINT ( 'NONE',  ( 334.9999999999999432, 28.52572440762845929, -196.4509060527627184 ) ) ;
#733 = EDGE_CURVE ( 'NONE', #3665, #3354, #3, .T. ) ;
#734 = CARTESIAN_POINT ( 'NONE',  ( -175.0000000000000000, 30.00000000000000000, 291.8469422204054808 ) ) ;
#735 = CARTESIAN_POINT ( 'NONE',  ( -25.41668463387203403, 7.460168080204088170, 245.0000000000000284 ) ) ;
#736 = ORIENTED_EDGE ( 'NONE', *, *, #2798, .F. ) ;
#737 = EDGE_LOOP ( 'NONE', ( #2850, #1086, #3860, #1795 ) ) ;
#738 = ORIENTED_EDGE ( 'NONE', *, *, #175, .F. ) ;
#739 = CARTESIAN_POINT ( 'NONE',  ( -175.0000000000000000, 30.00000000000000000, 275.0000000000000000 ) ) ;
#740 = LINE ( 'NONE', #3390, #3477 ) ;
#741 = ORIENTED_EDGE ( 'NONE', *, *, #224, .T. ) ;
#742 = LINE ( 'NONE', #3026, #3463 ) ;
#743 = CARTESIAN_POINT ( 'NONE',  ( 25.41668463387203403, 29.47716878215687331, -260.0000000000000000 ) ) ;
#744 = APPROVAL_ROLE ( '' ) ;
#745 = DIRECTION ( 'NONE',  ( -1.000000000000000000, 0.000000000000000000, 0.000000000000000000 ) ) ;
#746 = FACE_BOUND ( 'NONE', #664, .T. ) ;
#747 = EDGE_CURVE ( 'NONE', #335, #1333, #2019, .T. ) ;
#748 = VECTOR ( 'NONE', #2603, 1000.000000000000000 ) ;
#749 = AXIS2_PLACEMENT_3D ( 'NONE', #3080, #1980, #2990 ) ;
#750 = CARTESIAN_POINT ( 'NONE',  ( 0.000000000000000000, 60.00000000000000000, 0.000000000000000000 ) ) ;
#751 = ORIENTED_EDGE ( 'NONE', *, *, #661, .T. ) ;
#752 = CARTESIAN_POINT ( 'NONE',  ( -335.0000000000000568, 51.47427559237154071, -196.4509060527627184 ) ) ;
#753 = PLANE ( 'NONE',  #3312 ) ;
#754 = ORIENTED_EDGE ( 'NONE', *, *, #4256, .T. ) ;
#755 = CARTESIAN_POINT ( 'NONE',  ( 167.4565876329964169, 15.00000000000000000, -260.0000000000000000 ) ) ;
#756 = VECTOR ( 'NONE', #1712, 1000.000000000000000 ) ;
#757 = VECTOR ( 'NONE', #232, 1000.000000000000000 ) ;
#758 = DESIGN_CONTEXT ( 'detailed design', #660, 'design' ) ;
#759 = EDGE_CURVE ( 'NONE', #1741, #890, #4039, .T. ) ;
#760 = CARTESIAN_POINT ( 'NONE',  ( -310.0000000000000568, 80.00000000000000000, 235.0000000000000284 ) ) ;
#761 = EDGE_CURVE ( 'NONE', #3687, #39, #1509, .T. ) ;
#762 = PLANE ( 'NONE',  #694 ) ;
#763 = ORIENTED_EDGE ( 'NONE', *, *, #3179, .T. ) ;
#764 = VERTEX_POINT ( 'NONE', #3096 ) ;
#765 = ORIENTED_EDGE ( 'NONE', *, *, #2527, .T. ) ;
#766 = FACE_OUTER_BOUND ( 'NONE', #3532, .T. ) ;
#767 = DIRECTION ( 'NONE',  ( 0.000000000000000000, -0.000000000000000000, -1.000000000000000000 ) ) ;
#768 = ORIENTED_EDGE ( 'NONE', *, *, #2515, .T. ) ;
#769 = FACE_BOUND ( 'NONE', #1187, .T. ) ;
#770 = VECTOR ( 'NONE', #2144, 1000.000000000000000 ) ;
#771 = DIRECTION ( 'NONE',  ( -0.000000000000000000, -0.000000000000000000, 1.000000000000000000 ) ) ;
#772 = VECTOR ( 'NONE', #1468, 1000.000000000000000 ) ;
#773 = ADVANCED_FACE ( 'NONE', ( #2114 ), #791, .T. ) ;
#774 = CARTESIAN_POINT ( 'NONE',  ( 350.0000000000000000, 51.47427559237154071, -28.54909394723731353 ) ) ;
#775 = CARTESIAN_POINT ( 'NONE',  ( -31.89227307562281766, 37.53449224963159736, 260.0000000000000000 ) ) ;
#776 = CARTESIAN_POINT ( 'NONE',  ( 25.41668463387203403, 29.47716878215687331, -275.0000000000000000 ) ) ;
#777 = AXIS2_PLACEMENT_3D ( 'NONE', #2906, #618, #3537 ) ;
#778 = DIRECTION ( 'NONE',  ( -0.000000000000000000, -1.000000000000000000, -0.000000000000000000 ) ) ;
#779 = ORIENTED_EDGE ( 'NONE', *, *, #3828, .F. ) ;
#780 = CARTESIAN_POINT ( 'NONE',  ( 179.2065075214463548, 30.00000000000000000, -275.0000000000000000 ) ) ;
#781 = VERTEX_POINT ( 'NONE', #810 ) ;
#782 = DIRECTION ( 'NONE',  ( -1.000000000000000000, 0.000000000000000000, 0.000000000000000000 ) ) ;
#783 = LINE ( 'NONE', #3064, #1588 ) ;
#784 = ORIENTED_EDGE ( 'NONE', *, *, #3125, .F. ) ;
#785 = LINE ( 'NONE', #3412, #1458 ) ;
#786 = ADVANCED_FACE ( 'NONE', ( #3719 ), #2699, .T. ) ;
#787 = EDGE_LOOP ( 'NONE', ( #155, #2615, #3437, #4138 ) ) ;
#788 = LINE ( 'NONE', #2108, #329 ) ;
#789 = DIRECTION ( 'NONE',  ( -0.000000000000000000, -1.000000000000000000, -0.000000000000000000 ) ) ;
#790 = ORIENTED_EDGE ( 'NONE', *, *, #375, .T. ) ;
#791 = PLANE ( 'NONE',  #57 ) ;
#792 = DIRECTION ( 'NONE',  ( 0.000000000000000000, -0.000000000000000000, 1.000000000000000000 ) ) ;
#793 = VECTOR ( 'NONE', #4152, 1000.000000000000000 ) ;
#794 = CARTESIAN_POINT ( 'NONE',  ( -350.0000000000001137, 28.52572440762845929, 163.5490939472374237 ) ) ;
#795 = VECTOR ( 'NONE', #3530, 1000.000000000000000 ) ;
#796 = VECTOR ( 'NONE', #2959, 1000.000000000000000 ) ;
#797 = FACE_OUTER_BOUND ( 'NONE', #4078, .T. ) ;
#798 = ORIENTED_EDGE ( 'NONE', *, *, #2195, .T. ) ;
#799 = CARTESIAN_POINT ( 'NONE',  ( 350.0000000000000000, 80.00000000000000000, 43.54909394723735261 ) ) ;
#800 = VERTEX_POINT ( 'NONE', #3743 ) ;
#801 = DIRECTION ( 'NONE',  ( 0.000000000000000000, -1.000000000000000000, -0.000000000000000000 ) ) ;
#802 = ADVANCED_FACE ( 'NONE', ( #769, #1787 ), #3115, .T. ) ;
#803 = CARTESIAN_POINT ( 'NONE',  ( -191.8812071333370000, 15.00000000000000000, 241.8469422204055093 ) ) ;
#804 = VERTEX_POINT ( 'NONE', #1767 ) ;
#805 = FACE_BOUND ( 'NONE', #1109, .T. ) ;
#806 = ORIENTED_EDGE ( 'NONE', *, *, #812, .T. ) ;
#807 = LINE ( 'NONE', #2130, #2740 ) ;
#808 = DIRECTION ( 'NONE',  ( 0.000000000000000000, 0.000000000000000000, -1.000000000000000000 ) ) ;
#809 = ORIENTED_EDGE ( 'NONE', *, *, #3581, .F. ) ;
#810 = CARTESIAN_POINT ( 'NONE',  ( 190.9564274098962642, 15.00000000000000000, -260.0000000000000000 ) ) ;
#811 = CARTESIAN_POINT ( 'NONE',  ( -335.0000000000000568, 51.47427559237154071, 91.45090605276273266 ) ) ;
#812 = EDGE_CURVE ( 'NONE', #62, #2417, #1579, .T. ) ;
#813 = EDGE_CURVE ( 'NONE', #1948, #2778, #742, .T. ) ;
#814 = PERSON_AND_ORGANIZATION ( #3156, #79 ) ;
#815 = LINE ( 'NONE', #2139, #1893 ) ;
#816 = VERTEX_POINT ( 'NONE', #2063 ) ;
#817 = CARTESIAN_POINT ( 'NONE',  ( 31.89227307562280700, 37.53449224963159736, 260.0000000000000000 ) ) ;
#818 = ORIENTED_EDGE ( 'NONE', *, *, #166, .F. ) ;
#819 = LINE ( 'NONE', #1147, #3703 ) ;
#820 = DIRECTION ( 'NONE',  ( 1.000000000000000000, 0.000000000000000000, 0.000000000000000000 ) ) ;
#821 = ORIENTED_EDGE ( 'NONE', *, *, #1262, .T. ) ;
#822 = ADVANCED_FACE ( 'NONE', ( #1137 ), #436, .T. ) ;
#823 = ORIENTED_EDGE ( 'NONE', *, *, #1754, .F. ) ;
#824 = VECTOR ( 'NONE', #1068, 1000.000000000000000 ) ;
#825 = VECTOR ( 'NONE', #4172, 1000.000000000000000 ) ;
#826 = ORIENTED_EDGE ( 'NONE', *, *, #2522, .T. ) ;
#827 = DIRECTION ( 'NONE',  ( 0.000000000000000000, -0.000000000000000000, 1.000000000000000000 ) ) ;
#828 = DIRECTION ( 'NONE',  ( 1.000000000000000000, 0.000000000000000000, 0.000000000000000000 ) ) ;
#829 = ORIENTED_EDGE ( 'NONE', *, *, #3953, .F. ) ;
#830 = EDGE_CURVE ( 'NONE', #2996, #1460, #1097, .T. ) ;
#831 = ORIENTED_EDGE ( 'NONE', *, *, #698, .T. ) ;
#832 = CARTESIAN_POINT ( 'NONE',  ( -310.0000000000000568, 0.000000000000000000, 235.0000000000000284 ) ) ;
#833 = DIRECTION ( 'NONE',  ( 0.000000000000000000, 0.000000000000000000, 1.000000000000000000 ) ) ;
#834 = VECTOR ( 'NONE', #2248, 1000.000000000000000 ) ;
#835 = ADVANCED_FACE ( 'NONE', ( #2042 ), #3368, .F. ) ;
#836 = VECTOR ( 'NONE', #2977, 1000.000000000000000 ) ;
#837 = CARTESIAN_POINT ( 'NONE',  ( -335.0000000000000568, 80.00000000000000000, 235.0000000000000284 ) ) ;
#838 = DIRECTION ( 'NONE',  ( -0.000000000000000000, -0.000000000000000000, 1.000000000000000000 ) ) ;
#839 = ORIENTED_EDGE ( 'NONE', *, *, #1892, .F. ) ;
#840 = VECTOR ( 'NONE', #2695, 1000.000000000000000 ) ;
#841 = DIRECTION ( 'NONE',  ( 1.000000000000000000, 0.000000000000000000, 0.000000000000000000 ) ) ;
#842 =( GEOMETRIC_REPRESENTATION_CONTEXT ( 3 ) GLOBAL_UNCERTAINTY_ASSIGNED_CONTEXT ( ( #2712 ) ) GLOBAL_UNIT_ASSIGNED_CONTEXT ( ( #462, #3697, #724 ) ) REPRESENTATION_CONTEXT ( 'NONE', 'WORKASPACE' ) );
#843 = LINE ( 'NONE', #2164, #2220 ) ;
#844 = ORIENTED_EDGE ( 'NONE', *, *, #3441, .F. ) ;
#845 = LINE ( 'NONE', #4103, #3869 ) ;
#846 = ORIENTED_EDGE ( 'NONE', *, *, #3778, .T. ) ;
#847 = CARTESIAN_POINT ( 'NONE',  ( 179.2065075214463548, 30.00000000000000000, 290.0000000000000568 ) ) ;
#848 = LINE ( 'NONE', #1134, #1471 ) ;
#849 = EDGE_CURVE ( 'NONE', #1537, #4267, #2133, .T. ) ;
#850 = ORIENTED_EDGE ( 'NONE', *, *, #1351, .T. ) ;
#851 = CARTESIAN_POINT ( 'NONE',  ( 179.2065075214463548, 30.00000000000000000, -100.0000000000000000 ) ) ;
#852 = DIRECTION ( 'NONE',  ( 0.000000000000000000, 0.000000000000000000, 1.000000000000000000 ) ) ;
#853 = DATE_AND_TIME ( #2875, #4184 ) ;
#854 = ADVANCED_FACE ( 'NONE', ( #3788 ), #391, .F. ) ;
#855 = VECTOR ( 'NONE', #904, 1000.000000000000000 ) ;
#856 = VECTOR ( 'NONE', #4117, 1000.000000000000000 ) ;
#857 = CARTESIAN_POINT ( 'NONE',  ( 165.1896683125565062, 30.00000000000000000, -100.0000000000000000 ) ) ;
#858 = DIRECTION ( 'NONE',  ( 0.000000000000000000, -1.000000000000000000, 0.000000000000000000 ) ) ;
#859 = FACE_OUTER_BOUND ( 'NONE', #2745, .T. ) ;
#860 = VECTOR ( 'NONE', #307, 1000.000000000000000 ) ;
#861 = DIRECTION ( 'NONE',  ( -0.000000000000000000, -0.000000000000000000, -1.000000000000000000 ) ) ;
#862 = ORIENTED_EDGE ( 'NONE', *, *, #865, .F. ) ;
#863 = CARTESIAN_POINT ( 'NONE',  ( -335.0000000000000568, 28.52572440762845929, 91.45090605276273266 ) ) ;
#864 = EDGE_CURVE ( 'NONE', #62, #2167, #1715, .T. ) ;
#865 = EDGE_CURVE ( 'NONE', #1007, #2499, #1716, .T. ) ;
#866 = ORIENTED_EDGE ( 'NONE', *, *, #557, .F. ) ;
#867 = CARTESIAN_POINT ( 'NONE',  ( -350.0000000000001137, 80.00000000000000000, -235.0000000000000284 ) ) ;
#868 = LINE ( 'NONE', #3459, #1939 ) ;
#869 = ORIENTED_EDGE ( 'NONE', *, *, #1969, .F. ) ;
#870 = DIRECTION ( 'NONE',  ( 0.000000000000000000, 1.000000000000000000, 0.000000000000000000 ) ) ;
#871 = EDGE_LOOP ( 'NONE', ( #1985, #736 ) ) ;
#872 = ORIENTED_EDGE ( 'NONE', *, *, #3581, .T. ) ;
#873 = DIRECTION ( 'NONE',  ( 0.000000000000000000, 1.000000000000000000, 0.000000000000000000 ) ) ;
#874 = CARTESIAN_POINT ( 'NONE',  ( -194.0541496106488637, 30.00000000000000355, -260.0000000000000000 ) ) ;
#875 = DIRECTION ( 'NONE',  ( 1.000000000000000000, 0.000000000000000000, 0.000000000000000000 ) ) ;
#876 = DIRECTION ( 'NONE',  ( -0.000000000000000000, -0.000000000000000000, 1.000000000000000000 ) ) ;
#877 = EDGE_CURVE ( 'NONE', #2908, #196, #2443, .T. ) ;
#878 = PLANE ( 'NONE',  #3007 ) ;
#879 = DIRECTION ( 'NONE',  ( 1.000000000000000000, 0.000000000000000000, 0.000000000000000000 ) ) ;
#880 = ORIENTED_EDGE ( 'NONE', *, *, #761, .F. ) ;
#881 = CARTESIAN_POINT ( 'NONE',  ( -256.8654762541850118, 15.00000000000000000, 0.000000000000000000 ) ) ;
#882 = ORIENTED_EDGE ( 'NONE', *, *, #2855, .T. ) ;
#883 = CARTESIAN_POINT ( 'NONE',  ( 334.9999999999999432, 51.47427559237154071, 91.45090605276273266 ) ) ;
#884 = EDGE_CURVE ( 'NONE', #2516, #2861, #3177, .T. ) ;
#885 = FACE_OUTER_BOUND ( 'NONE', #2266, .T. ) ;
#886 = AXIS2_PLACEMENT_3D ( 'NONE', #851, #3504, #891 ) ;
#887 = ORIENTED_EDGE ( 'NONE', *, *, #3467, .T. ) ;
#888 = VECTOR ( 'NONE', #2333, 1000.000000000000000 ) ;
#889 = ORIENTED_EDGE ( 'NONE', *, *, #315, .T. ) ;
#890 = VERTEX_POINT ( 'NONE', #2237 ) ;
#891 = DIRECTION ( 'NONE',  ( 1.000000000000000000, 1.820835368068395845E-15, 0.000000000000000000 ) ) ;
#892 = VECTOR ( 'NONE', #3480, 1000.000000000000000 ) ;
#893 = DIRECTION ( 'NONE',  ( 0.000000000000000000, 0.000000000000000000, -1.000000000000000000 ) ) ;
#894 = VERTEX_POINT ( 'NONE', #563 ) ;
#895 = APPROVAL_DATE_TIME ( #853, #2881 ) ;
#896 = ADVANCED_FACE ( 'NONE', ( #3863 ), #4168, .F. ) ;
#897 = DIRECTION ( 'NONE',  ( -1.000000000000000000, 0.000000000000000000, 0.000000000000000000 ) ) ;
#898 = DIRECTION ( 'NONE',  ( 0.000000000000000000, 0.000000000000000000, -1.000000000000000000 ) ) ;
#899 = FACE_BOUND ( 'NONE', #1677, .T. ) ;
#900 = VECTOR ( 'NONE', #428, 1000.000000000000000 ) ;
#901 = FACE_OUTER_BOUND ( 'NONE', #342, .T. ) ;
#902 = EDGE_LOOP ( 'NONE', ( #4008, #705, #3643, #1907 ) ) ;
#903 = VECTOR ( 'NONE', #1220, 1000.000000000000000 ) ;
#904 = DIRECTION ( 'NONE',  ( -0.000000000000000000, -0.000000000000000000, 1.000000000000000000 ) ) ;
#905 = CARTESIAN_POINT ( 'NONE',  ( -310.0000000000000568, 80.00000000000000000, 235.0000000000000284 ) ) ;
#906 = VERTEX_POINT ( 'NONE', #197 ) ;
#907 = PLANE ( 'NONE',  #23 ) ;
#908 = DIRECTION ( 'NONE',  ( -0.000000000000000000, -1.000000000000000000, 0.000000000000000000 ) ) ;
#909 = VECTOR ( 'NONE', #1578, 1000.000000000000000 ) ;
#910 = ORIENTED_EDGE ( 'NONE', *, *, #1682, .F. ) ;
#911 = ORIENTED_EDGE ( 'NONE', *, *, #2878, .F. ) ;
#912 = CARTESIAN_POINT ( 'NONE',  ( 25.41668463387203403, 80.00000000000000000, 260.0000000000000000 ) ) ;
#913 = PLANE ( 'NONE',  #491 ) ;
#914 = ORIENTED_EDGE ( 'NONE', *, *, #1958, .T. ) ;
#915 = PERSON_AND_ORGANIZATION ( #3156, #79 ) ;
#916 = EDGE_CURVE ( 'NONE', #409, #216, #1486, .T. ) ;
#917 = PLANE ( 'NONE',  #1139 ) ;
#918 = CARTESIAN_POINT ( 'NONE',  ( 193.2233467303361749, 30.00000000000000000, -290.0000000000000568 ) ) ;
#919 = DIRECTION ( 'NONE',  ( -0.000000000000000000, -0.000000000000000000, -1.000000000000000000 ) ) ;
#920 = VECTOR ( 'NONE', #923, 1000.000000000000000 ) ;
#921 = LINE ( 'NONE', #229, #1038 ) ;
#922 = VERTEX_POINT ( 'NONE', #3217 ) ;
#923 = DIRECTION ( 'NONE',  ( -0.000000000000000000, -0.000000000000000000, -1.000000000000000000 ) ) ;
#924 = CARTESIAN_POINT ( 'NONE',  ( 310.0000000000000000, 80.00000000000000000, -275.0000000000000000 ) ) ;
#925 = ORIENTED_EDGE ( 'NONE', *, *, #2752, .T. ) ;
#926 = LINE ( 'NONE', #3879, #1620 ) ;
#927 = VECTOR ( 'NONE', #2548, 1000.000000000000000 ) ;
#928 = CYLINDRICAL_SURFACE ( 'NONE', #2989, 19.05414961064888502 ) ;
#929 = ORIENTED_EDGE ( 'NONE', *, *, #4273, .F. ) ;
#930 = EDGE_LOOP ( 'NONE', ( #2142, #1473, #3342, #2948 ) ) ;
#931 = ORIENTED_EDGE ( 'NONE', *, *, #1302, .T. ) ;
#932 = CARTESIAN_POINT ( 'NONE',  ( -163.2500801115500622, 15.00000000000000000, -275.0000000000000000 ) ) ;
#933 = EDGE_CURVE ( 'NONE', #3065, #4237, #1238, .T. ) ;
#934 = DIRECTION ( 'NONE',  ( 0.000000000000000000, -1.000000000000000000, 0.000000000000000000 ) ) ;
#935 = ORIENTED_EDGE ( 'NONE', *, *, #3847, .T. ) ;
#936 = ADVANCED_FACE ( 'NONE', ( #1503 ), #480, .F. ) ;
#937 = ADVANCED_FACE ( 'NONE', ( #240 ), #2868, .T. ) ;
#938 = CARTESIAN_POINT ( 'NONE',  ( 0.000000000000000000, 95.00000000000000000, 0.000000000000000000 ) ) ;
#939 = CARTESIAN_POINT ( 'NONE',  ( -155.9458503893511079, 30.00000000000000000, 260.0000000000000000 ) ) ;
#940 = CARTESIAN_POINT ( 'NONE',  ( -191.8812071333370000, 60.00000000000000000, -152.8541871936397456 ) ) ;
#941 = ORIENTED_EDGE ( 'NONE', *, *, #2445, .T. ) ;
#942 = CARTESIAN_POINT ( 'NONE',  ( 350.0000119999999697, 51.47427559237154071, 163.5490939472374237 ) ) ;
#943 = LINE ( 'NONE', #3598, #2070 ) ;
#944 = VERTEX_POINT ( 'NONE', #1809 ) ;
#945 = DIRECTION ( 'NONE',  ( 0.000000000000000000, -0.000000000000000000, 1.000000000000000000 ) ) ;
#946 = LINE ( 'NONE', #3940, #4164 ) ;
#947 = EDGE_CURVE ( 'NONE', #1540, #2552, #263, .T. ) ;
#948 = ORIENTED_EDGE ( 'NONE', *, *, #3294, .T. ) ;
#949 = VERTEX_POINT ( 'NONE', #1543 ) ;
#950 = VERTEX_POINT ( 'NONE', #1158 ) ;
#951 = PLANE ( 'NONE',  #953 ) ;
#952 = CARTESIAN_POINT ( 'NONE',  ( 350.0000119999999697, 51.47427559237154071, -28.54909394723731353 ) ) ;
#953 = AXIS2_PLACEMENT_3D ( 'NONE', #1606, #2976, #1988 ) ;
#954 = VECTOR ( 'NONE', #2707, 1000.000000000000000 ) ;
#955 = EDGE_CURVE ( 'NONE', #2742, #4268, #2542, .T. ) ;
#956 = ORIENTED_EDGE ( 'NONE', *, *, #3900, .F. ) ;
#957 = AXIS2_PLACEMENT_3D ( 'NONE', #2864, #4179, #1132 ) ;
#958 = VECTOR ( 'NONE', #1751, 1000.000000000000000 ) ;
#959 = CARTESIAN_POINT ( 'NONE',  ( -191.8812071333370000, 60.00000000000000000, -152.8541871936397456 ) ) ;
#960 = CARTESIAN_POINT ( 'NONE',  ( 350.0000119999999697, 51.47427559237154071, -76.45090605276266160 ) ) ;
#961 = CARTESIAN_POINT ( 'NONE',  ( -273.3654762541850118, 55.00000000000000000, -97.53072466251744288 ) ) ;
#962 = ORIENTED_EDGE ( 'NONE', *, *, #2408, .F. ) ;
#963 = DIRECTION ( 'NONE',  ( -1.000000000000000000, 0.000000000000000000, 0.000000000000000000 ) ) ;
#964 = CARTESIAN_POINT ( 'NONE',  ( 334.9999999999999432, 28.52572440762845929, 91.45090605276273266 ) ) ;
#965 = ORIENTED_EDGE ( 'NONE', *, *, #947, .F. ) ;
#966 = AXIS2_PLACEMENT_3D ( 'NONE', #4175, #3798, #820 ) ;
#967 = FACE_OUTER_BOUND ( 'NONE', #3341, .T. ) ;
#968 = FACE_BOUND ( 'NONE', #2957, .T. ) ;
#969 = VECTOR ( 'NONE', #1989, 1000.000000000000000 ) ;
#970 = VERTEX_POINT ( 'NONE', #3824 ) ;
#971 = ORIENTED_EDGE ( 'NONE', *, *, #345, .T. ) ;
#972 = VERTEX_POINT ( 'NONE', #4210 ) ;
#973 = PLANE ( 'NONE',  #2549 ) ;
#974 = CIRCLE ( 'NONE', #4236, 25.00000000000002132 ) ;
#975 = EDGE_CURVE ( 'NONE', #3992, #4051, #3486, .T. ) ;
#976 = CARTESIAN_POINT ( 'NONE',  ( -350.0000119999999697, 51.47427559237154071, -28.54909394723731353 ) ) ;
#977 = ORIENTED_EDGE ( 'NONE', *, *, #14, .T. ) ;
#978 = EDGE_CURVE ( 'NONE', #2236, #3844, #1924, .T. ) ;
#979 = CARTESIAN_POINT ( 'NONE',  ( 136.2050723411340130, 36.42776134176984471, 100.0000000000000000 ) ) ;
#980 = EDGE_CURVE ( 'NONE', #4249, #4093, #473, .T. ) ;
#981 = FACE_OUTER_BOUND ( 'NONE', #2692, .T. ) ;
#982 = CARTESIAN_POINT ( 'NONE',  ( -335.0000000000000568, 51.47427559237154071, 43.54909394723735261 ) ) ;
#983 = ORIENTED_EDGE ( 'NONE', *, *, #652, .T. ) ;
#984 = DIRECTION ( 'NONE',  ( 1.000000000000000000, 0.000000000000000000, 0.000000000000000000 ) ) ;
#985 = LINE ( 'NONE', #2947, #3808 ) ;
#986 = VERTEX_POINT ( 'NONE', #1847 ) ;
#987 = LINE ( 'NONE', #3899, #2590 ) ;
#988 = LINE ( 'NONE', #1984, #2714 ) ;
#989 = VECTOR ( 'NONE', #607, 1000.000000000000000 ) ;
#990 = ADVANCED_FACE ( 'NONE', ( #2193 ), #2520, .F. ) ;
#991 = ORIENTED_EDGE ( 'NONE', *, *, #2764, .T. ) ;
#992 = VECTOR ( 'NONE', #596, 1000.000000000000000 ) ;
#993 = ORIENTED_EDGE ( 'NONE', *, *, #3446, .T. ) ;
#994 = ORIENTED_EDGE ( 'NONE', *, *, #4098, .T. ) ;
#995 = DIRECTION ( 'NONE',  ( 0.000000000000000000, 0.000000000000000000, -1.000000000000000000 ) ) ;
#996 = CIRCLE ( 'NONE', #444, 42.50000000000000711 ) ;
#997 = LOCAL_TIME ( 19, 12, 23.00000000000000000, #3050 ) ;
#998 = CARTESIAN_POINT ( 'NONE',  ( 167.4565876329964169, 15.00000000000000533, -100.0000000000000000 ) ) ;
#999 = VECTOR ( 'NONE', #4261, 1000.000000000000000 ) ;
#1000 = ORIENTED_EDGE ( 'NONE', *, *, #2336, .F. ) ;
#1001 = DIRECTION ( 'NONE',  ( 0.000000000000000000, 0.000000000000000000, -1.000000000000000000 ) ) ;
#1002 = CARTESIAN_POINT ( 'NONE',  ( 350.0000000000000000, 0.000000000000000000, -235.0000000000000284 ) ) ;
#1003 = LINE ( 'NONE', #650, #2386 ) ;
#1004 = DIRECTION ( 'NONE',  ( -0.000000000000000000, -1.000000000000000000, -0.000000000000000000 ) ) ;
#1005 = EDGE_CURVE ( 'NONE', #3082, #1337, #1563, .T. ) ;
#1006 = DIRECTION ( 'NONE',  ( -1.000000000000000000, 0.000000000000000000, 0.000000000000000000 ) ) ;
#1007 = VERTEX_POINT ( 'NONE', #3521 ) ;
#1008 = FACE_OUTER_BOUND ( 'NONE', #3393, .T. ) ;
#1009 = CARTESIAN_POINT ( 'NONE',  ( 31.89227307562280700, 62.46550775036840975, -260.0000000000000000 ) ) ;
#1010 = EDGE_LOOP ( 'NONE', ( #3904, #2436, #1274, #1838 ) ) ;
#1011 = CARTESIAN_POINT ( 'NONE',  ( -310.0000000000000568, 80.00000000000000000, 235.0000000000000284 ) ) ;
#1012 = PLANE ( 'NONE',  #3063 ) ;
#1013 = CARTESIAN_POINT ( 'NONE',  ( -283.3654762541850118, 55.00000000000000000, -97.53072466251742867 ) ) ;
#1014 = ORIENTED_EDGE ( 'NONE', *, *, #1225, .F. ) ;
#1015 = ORIENTED_EDGE ( 'NONE', *, *, #3294, .F. ) ;
#1016 = ADVANCED_FACE ( 'NONE', ( #1866, #3197, #219, #3543, #3885 ), #951, .F. ) ;
#1017 = ORIENTED_EDGE ( 'NONE', *, *, #203, .F. ) ;
#1018 = DIRECTION ( 'NONE',  ( 1.000000000000000000, -0.000000000000000000, 0.000000000000000000 ) ) ;
#1019 = CC_DESIGN_PERSON_AND_ORGANIZATION_ASSIGNMENT ( #1094, #2095, ( #657 ) ) ;
#1020 = CARTESIAN_POINT ( 'NONE',  ( -25.41668463387203403, 29.47716878215687331, 245.0000000000000284 ) ) ;
#1021 = ORIENTED_EDGE ( 'NONE', *, *, #177, .F. ) ;
#1022 = CARTESIAN_POINT ( 'NONE',  ( -258.3749599442248837, 15.00000000000000000, -112.5307246625174287 ) ) ;
#1023 = CARTESIAN_POINT ( 'NONE',  ( 334.9999999999999432, 51.47427559237154071, -76.45090605276266160 ) ) ;
#1024 = VECTOR ( 'NONE', #4129, 1000.000000000000000 ) ;
#1025 = CARTESIAN_POINT ( 'NONE',  ( -310.0000000000001137, 80.00000000000000000, -260.0000000000000000 ) ) ;
#1026 = CIRCLE ( 'NONE', #538, 19.05414961064888502 ) ;
#1027 = DIRECTION ( 'NONE',  ( 0.000000000000000000, 0.000000000000000000, -1.000000000000000000 ) ) ;
#1028 = EDGE_CURVE ( 'NONE', #17, #972, #280, .T. ) ;
#1029 = FACE_OUTER_BOUND ( 'NONE', #787, .T. ) ;
#1030 = VERTEX_POINT ( 'NONE', #3965 ) ;
#1031 = DIRECTION ( 'NONE',  ( 1.000000000000000000, 0.000000000000000000, 0.000000000000000000 ) ) ;
#1032 = CARTESIAN_POINT ( 'NONE',  ( -256.8654762541850118, 57.99999999999999289, 0.000000000000000000 ) ) ;
#1033 = ORIENTED_EDGE ( 'NONE', *, *, #1946, .F. ) ;
#1034 = CARTESIAN_POINT ( 'NONE',  ( 350.0000000000000000, 28.52572440762845929, -235.0000000000000284 ) ) ;
#1035 = CARTESIAN_POINT ( 'NONE',  ( 334.9999999999999432, 51.47427559237154071, 43.54909394723738103 ) ) ;
#1036 = CARTESIAN_POINT ( 'NONE',  ( 350.0000119999999697, 28.52572440762845929, 91.45090605276273266 ) ) ;
#1037 = ORIENTED_EDGE ( 'NONE', *, *, #813, .F. ) ;
#1038 = VECTOR ( 'NONE', #3552, 1000.000000000000000 ) ;
#1039 = ORIENTED_EDGE ( 'NONE', *, *, #2746, .T. ) ;
#1040 = ORIENTED_EDGE ( 'NONE', *, *, #573, .F. ) ;
#1041 = DIRECTION ( 'NONE',  ( -0.000000000000000000, -1.000000000000000000, -0.000000000000000000 ) ) ;
#1042 = LINE ( 'NONE', #1645, #2154 ) ;
#1043 = VECTOR ( 'NONE', #771, 1000.000000000000000 ) ;
#1044 = ORIENTED_EDGE ( 'NONE', *, *, #3796, .F. ) ;
#1045 = AXIS2_PLACEMENT_3D ( 'NONE', #3859, #908, #4228 ) ;
#1046 = DIRECTION ( 'NONE',  ( -1.000000000000000000, 0.000000000000000000, -0.000000000000000000 ) ) ;
#1047 = LINE ( 'NONE', #1353, #2363 ) ;
#1048 = EDGE_CURVE ( 'NONE', #1311, #1582, #3299, .T. ) ;
#1049 = CARTESIAN_POINT ( 'NONE',  ( -163.2500801115500622, 15.00000000000000000, 241.8469422204054808 ) ) ;
#1050 = CARTESIAN_POINT ( 'NONE',  ( -310.0000000000001137, 80.00000000000000000, -260.0000000000000000 ) ) ;
#1051 = CARTESIAN_POINT ( 'NONE',  ( 350.0000000000000000, 28.52572440762845929, -28.54909394723731353 ) ) ;
#1052 = EDGE_LOOP ( 'NONE', ( #2383, #2640, #1039, #880, #2612, #1454, #1498, #910 ) ) ;
#1053 = DIRECTION ( 'NONE',  ( 1.000000000000000000, 0.000000000000000000, 0.000000000000000000 ) ) ;
#1054 = LINE ( 'NONE', #1009, #131 ) ;
#1055 = EDGE_LOOP ( 'NONE', ( #4056, #2636 ) ) ;
#1056 = LINE ( 'NONE', #4073, #296 ) ;
#1057 = DIRECTION ( 'NONE',  ( 0.000000000000000000, 0.000000000000000000, -1.000000000000000000 ) ) ;
#1058 = DIRECTION ( 'NONE',  ( -0.000000000000000000, -0.000000000000000000, -1.000000000000000000 ) ) ;
#1059 = ORIENTED_EDGE ( 'NONE', *, *, #1478, .F. ) ;
#1060 = ORIENTED_EDGE ( 'NONE', *, *, #1098, .T. ) ;
#1061 = EDGE_LOOP ( 'NONE', ( #798, #1952, #1942, #195 ) ) ;
#1062 = CARTESIAN_POINT ( 'NONE',  ( -175.0000000000000000, 30.00000000000000000, 291.8469422204054808 ) ) ;
#1063 = VECTOR ( 'NONE', #3265, 1000.000000000000000 ) ;
#1064 = CARTESIAN_POINT ( 'NONE',  ( 350.0000000000000000, 51.47427559237154071, 211.4509060527627753 ) ) ;
#1065 = CIRCLE ( 'NONE', #1765, 14.01683920888982549 ) ;
#1066 = VERTEX_POINT ( 'NONE', #2626 ) ;
#1067 = ADVANCED_FACE ( 'NONE', ( #623 ), #973, .T. ) ;
#1068 = DIRECTION ( 'NONE',  ( 1.000000000000000000, 0.000000000000000000, 0.000000000000000000 ) ) ;
#1069 = AXIS2_PLACEMENT_3D ( 'NONE', #1081, #2102, #3379 ) ;
#1070 = CARTESIAN_POINT ( 'NONE',  ( -350.0000000000001137, 80.00000000000000000, -235.0000000000000284 ) ) ;
#1071 = APPLICATION_PROTOCOL_DEFINITION ( 'international standard', 'config_control_design', 1994, #223 ) ;
#1072 = CARTESIAN_POINT ( 'NONE',  ( 142.0021971965332170, 15.00000000000000000, -100.0000000000000000 ) ) ;
#1073 = ADVANCED_FACE ( 'NONE', ( #3905 ), #2584, .F. ) ;
#1074 = FACE_BOUND ( 'NONE', #2011, .T. ) ;
#1075 = EDGE_CURVE ( 'NONE', #2669, #2796, #1299, .T. ) ;
#1076 = PLANE ( 'NONE',  #2173 ) ;
#1077 = ORIENTED_EDGE ( 'NONE', *, *, #1452, .T. ) ;
#1078 = LINE ( 'NONE', #31, #2202 ) ;
#1079 = FACE_OUTER_BOUND ( 'NONE', #4057, .T. ) ;
#1080 = ORIENTED_EDGE ( 'NONE', *, *, #3025, .T. ) ;
#1081 = CARTESIAN_POINT ( 'NONE',  ( 0.000000000000000000, 75.00000000000000000, 0.000000000000000000 ) ) ;
#1082 = DIRECTION ( 'NONE',  ( 0.000000000000000000, 0.000000000000000000, 1.000000000000000000 ) ) ;
#1083 = DIRECTION ( 'NONE',  ( 0.000000000000000000, -0.000000000000000000, 1.000000000000000000 ) ) ;
#1084 = VERTEX_POINT ( 'NONE', #2933 ) ;
#1085 = LINE ( 'NONE', #1757, #2973 ) ;
#1086 = ORIENTED_EDGE ( 'NONE', *, *, #2500, .F. ) ;
#1087 = CARTESIAN_POINT ( 'NONE',  ( 334.9999999999999432, 80.00000000000000000, -235.0000000000000284 ) ) ;
#1088 = CARTESIAN_POINT ( 'NONE',  ( -158.1187928666629716, 60.00000000000000000, -241.8469422204054808 ) ) ;
#1089 = EDGE_CURVE ( 'NONE', #970, #595, #2998, .T. ) ;
#1090 = ORIENTED_EDGE ( 'NONE', *, *, #1234, .F. ) ;
#1091 = CARTESIAN_POINT ( 'NONE',  ( -310.0000000000001137, 80.00000000000000000, -235.0000000000000284 ) ) ;
#1092 = CARTESIAN_POINT ( 'NONE',  ( 165.1896683125565062, 30.00000000000000000, -290.0000000000000568 ) ) ;
#1093 = EDGE_CURVE ( 'NONE', #39, #1460, #3605, .T. ) ;
#1094 = PERSON_AND_ORGANIZATION ( #3156, #79 ) ;
#1095 = CARTESIAN_POINT ( 'NONE',  ( -175.0000000000000000, 30.00000000000000000, -260.0000000000000000 ) ) ;
#1096 = DIRECTION ( 'NONE',  ( -1.000000000000000000, 0.000000000000000000, 0.000000000000000000 ) ) ;
#1097 = CIRCLE ( 'NONE', #1169, 24.99999999999999289 ) ;
#1098 = EDGE_CURVE ( 'NONE', #2602, #1461, #2672, .T. ) ;
#1099 = AXIS2_PLACEMENT_3D ( 'NONE', #3829, #3794, #467 ) ;
#1100 = DIRECTION ( 'NONE',  ( -0.000000000000000000, -0.000000000000000000, -1.000000000000000000 ) ) ;
#1101 = ORIENTED_EDGE ( 'NONE', *, *, #3097, .T. ) ;
#1102 = CARTESIAN_POINT ( 'NONE',  ( -31.89227307562281766, 62.46550775036840975, 275.0000000000000000 ) ) ;
#1103 = ORIENTED_EDGE ( 'NONE', *, *, #14, .F. ) ;
#1104 = CARTESIAN_POINT ( 'NONE',  ( -299.8654762541850118, 57.99999999999999289, -97.53072466251744288 ) ) ;
#1105 = VECTOR ( 'NONE', #1559, 1000.000000000000000 ) ;
#1106 = PLANE ( 'NONE',  #2435 ) ;
#1107 = ORIENTED_EDGE ( 'NONE', *, *, #3483, .F. ) ;
#1108 = EDGE_LOOP ( 'NONE', ( #520, #3726, #1000, #3434 ) ) ;
#1109 = EDGE_LOOP ( 'NONE', ( #1303, #4001 ) ) ;
#1110 = LINE ( 'NONE', #3715, #4279 ) ;
#1111 = PLANE ( 'NONE',  #2504 ) ;
#1112 = ORIENTED_EDGE ( 'NONE', *, *, #353, .F. ) ;
#1113 = EDGE_CURVE ( 'NONE', #16, #3196, #1233, .T. ) ;
#1114 = DIRECTION ( 'NONE',  ( 0.000000000000000000, 0.000000000000000000, -1.000000000000000000 ) ) ;
#1115 = AXIS2_PLACEMENT_3D ( 'NONE', #1209, #2801, #1876 ) ;
#1116 = CARTESIAN_POINT ( 'NONE',  ( 334.9999999999999432, 28.52572440762845929, -148.5490939472373668 ) ) ;
#1117 = VECTOR ( 'NONE', #1811, 1000.000000000000000 ) ;
#1118 = ADVANCED_FACE ( 'NONE', ( #667 ), #1346, .T. ) ;
#1119 = DIRECTION ( 'NONE',  ( 0.000000000000000000, 0.000000000000000000, 1.000000000000000000 ) ) ;
#1120 = AXIS2_PLACEMENT_3D ( 'NONE', #3558, #1923, #1906 ) ;
#1121 = EDGE_CURVE ( 'NONE', #2796, #3133, #259, .T. ) ;
#1122 = DIRECTION ( 'NONE',  ( 0.000000000000000000, 0.000000000000000000, -1.000000000000000000 ) ) ;
#1123 = ORIENTED_EDGE ( 'NONE', *, *, #1089, .T. ) ;
#1124 = FACE_OUTER_BOUND ( 'NONE', #2783, .T. ) ;
#1125 = ORIENTED_EDGE ( 'NONE', *, *, #1148, .F. ) ;
#1126 = LINE ( 'NONE', #2452, #1956 ) ;
#1127 = ADVANCED_FACE ( 'NONE', ( #2278 ), #4234, .T. ) ;
#1128 = DIRECTION ( 'NONE',  ( 0.000000000000000000, -0.000000000000000000, 1.000000000000000000 ) ) ;
#1129 = ORIENTED_EDGE ( 'NONE', *, *, #733, .T. ) ;
#1130 = DIRECTION ( 'NONE',  ( 1.000000000000000000, 0.000000000000000000, 0.000000000000000000 ) ) ;
#1131 = ORIENTED_EDGE ( 'NONE', *, *, #543, .T. ) ;
#1132 = DIRECTION ( 'NONE',  ( 0.000000000000000000, -0.000000000000000000, -1.000000000000000000 ) ) ;
#1133 = ADVANCED_FACE ( 'NONE', ( #2955 ), #2259, .F. ) ;
#1134 = CARTESIAN_POINT ( 'NONE',  ( -310.0000000000001137, 15.00000000000000000, 260.0000000000000000 ) ) ;
#1135 = EDGE_CURVE ( 'NONE', #517, #250, #1643, .T. ) ;
#1136 = VERTEX_POINT ( 'NONE', #2321 ) ;
#1137 = FACE_OUTER_BOUND ( 'NONE', #2366, .T. ) ;
#1138 = CARTESIAN_POINT ( 'NONE',  ( -191.8812071333370000, 15.00000000000000000, -152.8541871936397456 ) ) ;
#1139 = AXIS2_PLACEMENT_3D ( 'NONE', #938, #2262, #3590 ) ;
#1140 = CALENDAR_DATE ( 2026, 21, 5 ) ;
#1141 = VECTOR ( 'NONE', #841, 1000.000000000000000 ) ;
#1142 = AXIS2_PLACEMENT_3D ( 'NONE', #3700, #3005, #2702 ) ;
#1143 = LINE ( 'NONE', #3506, #162 ) ;
#1144 = ORIENTED_EDGE ( 'NONE', *, *, #2217, .F. ) ;
#1145 = FACE_OUTER_BOUND ( 'NONE', #4024, .T. ) ;
#1146 = ORIENTED_EDGE ( 'NONE', *, *, #565, .F. ) ;
#1147 = CARTESIAN_POINT ( 'NONE',  ( -310.0000000000001137, 15.00000000000000000, -245.0000000000000284 ) ) ;
#1148 = EDGE_CURVE ( 'NONE', #1542, #1435, #1626, .T. ) ;
#1149 = CARTESIAN_POINT ( 'NONE',  ( -158.1187928666629716, 15.00000000000000000, 241.8469422204055093 ) ) ;
#1150 = ORIENTED_EDGE ( 'NONE', *, *, #248, .F. ) ;
#1151 = ORIENTED_EDGE ( 'NONE', *, *, #2547, .T. ) ;
#1152 = ORIENTED_EDGE ( 'NONE', *, *, #557, .T. ) ;
#1153 = PLANE ( 'NONE',  #1491 ) ;
#1154 = DIRECTION ( 'NONE',  ( 0.000000000000000000, 0.000000000000000000, 1.000000000000000000 ) ) ;
#1155 = ADVANCED_FACE ( 'NONE', ( #4269 ), #2014, .T. ) ;
#1156 = VERTEX_POINT ( 'NONE', #2368 ) ;
#1157 = ORIENTED_EDGE ( 'NONE', *, *, #3868, .F. ) ;
#1158 = CARTESIAN_POINT ( 'NONE',  ( 160.1523579107974626, 30.00000000000000355, 275.0000000000000000 ) ) ;
#1159 = CARTESIAN_POINT ( 'NONE',  ( -350.0000119999999697, 28.52572440762845929, -76.45090605276266160 ) ) ;
#1160 = DIRECTION ( 'NONE',  ( 0.000000000000000000, 0.000000000000000000, 1.000000000000000000 ) ) ;
#1161 = DIRECTION ( 'NONE',  ( 0.000000000000000000, -0.000000000000000000, 1.000000000000000000 ) ) ;
#1162 = DIRECTION ( 'NONE',  ( -0.000000000000000000, 1.000000000000000000, -0.000000000000000000 ) ) ;
#1163 = ORIENTED_EDGE ( 'NONE', *, *, #2934, .T. ) ;
#1164 = ADVANCED_FACE ( 'NONE', ( #1438 ), #1463, .T. ) ;
#1165 = DIRECTION ( 'NONE',  ( 0.000000000000000000, 0.000000000000000000, 1.000000000000000000 ) ) ;
#1166 = DIRECTION ( 'NONE',  ( -0.000000000000000000, -1.000000000000000000, 0.000000000000000000 ) ) ;
#1167 = ORIENTED_EDGE ( 'NONE', *, *, #345, .F. ) ;
#1168 = ORIENTED_EDGE ( 'NONE', *, *, #287, .T. ) ;
#1169 = AXIS2_PLACEMENT_3D ( 'NONE', #139, #3072, #721 ) ;
#1170 = VECTOR ( 'NONE', #2141, 1000.000000000000000 ) ;
#1171 = ORIENTED_EDGE ( 'NONE', *, *, #2022, .F. ) ;
#1172 = DIRECTION ( 'NONE',  ( 1.000000000000000000, 0.000000000000000000, 0.000000000000000000 ) ) ;
#1173 = FACE_BOUND ( 'NONE', #313, .T. ) ;
#1174 = EDGE_LOOP ( 'NONE', ( #983, #882, #3541, #1817 ) ) ;
#1175 = ORIENTED_EDGE ( 'NONE', *, *, #1005, .T. ) ;
#1176 = DIRECTION ( 'NONE',  ( 1.000000000000000000, 0.000000000000000000, 0.000000000000000000 ) ) ;
#1177 = CARTESIAN_POINT ( 'NONE',  ( 350.0000000000000000, 28.52572440762845929, 211.4509060527628037 ) ) ;
#1178 = COORDINATED_UNIVERSAL_TIME_OFFSET ( 1, 0, .AHEAD. ) ;
#1179 = AXIS2_PLACEMENT_3D ( 'NONE', #2593, #1959, #1593 ) ;
#1180 = VECTOR ( 'NONE', #94, 1000.000000000000000 ) ;
#1181 = EDGE_CURVE ( 'NONE', #3175, #111, #456, .T. ) ;
#1182 = CYLINDRICAL_SURFACE ( 'NONE', #2306, 40.00000000000000711 ) ;
#1183 = LINE ( 'NONE', #3812, #3392 ) ;
#1184 = CIRCLE ( 'NONE', #700, 40.00000000000000711 ) ;
#1185 = CARTESIAN_POINT ( 'NONE',  ( 334.9999999999999432, 51.47427559237154071, 91.45090605276273266 ) ) ;
#1186 = CARTESIAN_POINT ( 'NONE',  ( 334.9999999999999432, 51.47427559237154071, 43.54909394723738103 ) ) ;
#1187 = EDGE_LOOP ( 'NONE', ( #3947, #3235 ) ) ;
#1188 = CARTESIAN_POINT ( 'NONE',  ( 198.2606571320952185, 30.00000000000000000, 260.0000000000000000 ) ) ;
#1189 = ORIENTED_EDGE ( 'NONE', *, *, #3742, .T. ) ;
#1190 = FACE_OUTER_BOUND ( 'NONE', #2825, .T. ) ;
#1191 = DIRECTION ( 'NONE',  ( 1.000000000000000000, 0.000000000000000000, 0.000000000000000000 ) ) ;
#1192 = VERTEX_POINT ( 'NONE', #42 ) ;
#1193 = CARTESIAN_POINT ( 'NONE',  ( 31.89227307562280700, 37.53449224963159736, 275.0000000000000000 ) ) ;
#1194 = VERTEX_POINT ( 'NONE', #2693 ) ;
#1195 = ORIENTED_EDGE ( 'NONE', *, *, #1754, .T. ) ;
#1196 = DIRECTION ( 'NONE',  ( -0.000000000000000000, -0.000000000000000000, -1.000000000000000000 ) ) ;
#1197 = EDGE_CURVE ( 'NONE', #2430, #1925, #89, .T. ) ;
#1198 = CARTESIAN_POINT ( 'NONE',  ( 178.7050723411340414, 36.42776134176983760, 100.0000000000000000 ) ) ;
#1199 = EDGE_CURVE ( 'NONE', #3992, #3625, #1110, .T. ) ;
#1200 = AXIS2_PLACEMENT_3D ( 'NONE', #1879, #231, #1251 ) ;
#1201 = VECTOR ( 'NONE', #1172, 1000.000000000000000 ) ;
#1202 = DIRECTION ( 'NONE',  ( -1.000000000000000000, 0.000000000000000000, 0.000000000000000000 ) ) ;
#1203 = EDGE_CURVE ( 'NONE', #1084, #2908, #1759, .T. ) ;
#1204 = CARTESIAN_POINT ( 'NONE',  ( -310.0000000000001137, 80.00000000000000000, -275.0000000000000000 ) ) ;
#1205 = AXIS2_PLACEMENT_3D ( 'NONE', #265, #1589, #1329 ) ;
#1206 = CARTESIAN_POINT ( 'NONE',  ( 25.41668463387203403, 7.460168080204088170, 275.0000000000000000 ) ) ;
#1207 = PRODUCT_DEFINITION ( 'UNKNOWN', '', #1945, #758 ) ;
#1208 = VECTOR ( 'NONE', #328, 1000.000000000000000 ) ;
#1209 = CARTESIAN_POINT ( 'NONE',  ( 179.2065075214463548, 30.00000000000000000, 275.0000000000000000 ) ) ;
#1210 = ORIENTED_EDGE ( 'NONE', *, *, #2746, .F. ) ;
#1211 = CARTESIAN_POINT ( 'NONE',  ( -350.0000000000001137, 51.47427559237154071, -196.4509060527627184 ) ) ;
#1212 = ORIENTED_EDGE ( 'NONE', *, *, #1308, .F. ) ;
#1213 = CARTESIAN_POINT ( 'NONE',  ( 334.9999999999999432, 51.47427559237154071, -148.5490939472373668 ) ) ;
#1214 = CARTESIAN_POINT ( 'NONE',  ( 190.9564274098962358, 14.99999999999997691, 99.99999999999997158 ) ) ;
#1215 = ORIENTED_EDGE ( 'NONE', *, *, #2528, .T. ) ;
#1216 = VERTEX_POINT ( 'NONE', #3763 ) ;
#1217 = ORIENTED_EDGE ( 'NONE', *, *, #1477, .T. ) ;
#1218 = DIRECTION ( 'NONE',  ( -0.000000000000000000, -0.000000000000000000, 1.000000000000000000 ) ) ;
#1219 = EDGE_CURVE ( 'NONE', #4281, #3221, #788, .T. ) ;
#1220 = DIRECTION ( 'NONE',  ( -0.000000000000000000, -0.000000000000000000, 1.000000000000000000 ) ) ;
#1221 = EDGE_LOOP ( 'NONE', ( #1545, #1572, #21, #3624 ) ) ;
#1222 = DIRECTION ( 'NONE',  ( 1.000000000000000000, -0.000000000000000000, 0.000000000000000000 ) ) ;
#1223 = CARTESIAN_POINT ( 'NONE',  ( -273.3654762541850118, 55.00000000000000000, 0.000000000000000000 ) ) ;
#1224 = CARTESIAN_POINT ( 'NONE',  ( 221.2050723411340414, 36.42776134176983760, -100.0000000000000000 ) ) ;
#1225 = EDGE_CURVE ( 'NONE', #1908, #310, #1390, .T. ) ;
#1226 = CARTESIAN_POINT ( 'NONE',  ( -158.1187928666629716, 60.00000000000000000, -241.8469422204054808 ) ) ;
#1227 = ORIENTED_EDGE ( 'NONE', *, *, #4075, .F. ) ;
#1228 = LINE ( 'NONE', #3597, #855 ) ;
#1229 = LINE ( 'NONE', #4244, #1239 ) ;
#1230 = VERTEX_POINT ( 'NONE', #691 ) ;
#1231 = CYLINDRICAL_SURFACE ( 'NONE', #3431, 40.00000000000006395 ) ;
#1232 = DIRECTION ( 'NONE',  ( 1.000000000000000000, 0.000000000000000000, 0.000000000000000000 ) ) ;
#1233 = CIRCLE ( 'NONE', #3181, 25.00000000000004974 ) ;
#1234 = EDGE_CURVE ( 'NONE', #1156, #429, #3391, .T. ) ;
#1235 = ORIENTED_EDGE ( 'NONE', *, *, #3062, .F. ) ;
#1236 = AXIS2_PLACEMENT_3D ( 'NONE', #3355, #2404, #1053 ) ;
#1237 = VERTEX_POINT ( 'NONE', #1367 ) ;
#1238 = LINE ( 'NONE', #3806, #2201 ) ;
#1239 = VECTOR ( 'NONE', #1903, 1000.000000000000000 ) ;
#1240 = DIRECTION ( 'NONE',  ( 0.000000000000000000, 0.000000000000000000, -1.000000000000000000 ) ) ;
#1241 = ORIENTED_EDGE ( 'NONE', *, *, #3413, .T. ) ;
#1242 = SHAPE_DEFINITION_REPRESENTATION ( #2326, #2682 ) ;
#1243 = DIRECTION ( 'NONE',  ( -0.000000000000000000, -1.000000000000000000, -0.000000000000000000 ) ) ;
#1244 = LINE ( 'NONE', #2324, #3117 ) ;
#1245 = CARTESIAN_POINT ( 'NONE',  ( 0.000000000000000000, 15.00000000000000000, -142.5307246625174287 ) ) ;
#1246 = VECTOR ( 'NONE', #879, 1000.000000000000000 ) ;
#1247 = EDGE_CURVE ( 'NONE', #3292, #1540, #133, .T. ) ;
#1248 = CARTESIAN_POINT ( 'NONE',  ( 309.9999999999998295, 80.00000000000000000, 260.0000000000000000 ) ) ;
#1249 = ORIENTED_EDGE ( 'NONE', *, *, #1478, .T. ) ;
#1250 = VECTOR ( 'NONE', #2043, 1000.000000000000000 ) ;
#1251 = DIRECTION ( 'NONE',  ( 0.000000000000000000, 0.000000000000000000, -1.000000000000000000 ) ) ;
#1252 = DIRECTION ( 'NONE',  ( -0.000000000000000000, -1.000000000000000000, -0.000000000000000000 ) ) ;
#1253 = ORIENTED_EDGE ( 'NONE', *, *, #50, .T. ) ;
#1254 = PLANE ( 'NONE',  #4046 ) ;
#1255 = DIRECTION ( 'NONE',  ( 0.000000000000000000, -1.000000000000000000, -0.000000000000000000 ) ) ;
#1256 = VECTOR ( 'NONE', #1383, 1000.000000000000000 ) ;
#1257 = VERTEX_POINT ( 'NONE', #4035 ) ;
#1258 = ORIENTED_EDGE ( 'NONE', *, *, #947, .T. ) ;
#1259 = EDGE_CURVE ( 'NONE', #816, #1192, #3690, .T. ) ;
#1260 = EDGE_LOOP ( 'NONE', ( #2441, #3154, #1868, #642, #1366, #3095 ) ) ;
#1261 = CARTESIAN_POINT ( 'NONE',  ( -191.8812071333370000, 15.00000000000000000, 152.8541871936397456 ) ) ;
#1262 = EDGE_CURVE ( 'NONE', #2671, #3865, #3740, .T. ) ;
#1263 = DIRECTION ( 'NONE',  ( 0.000000000000000000, 0.000000000000000000, -1.000000000000000000 ) ) ;
#1264 = VERTEX_POINT ( 'NONE', #3092 ) ;
#1265 = FACE_OUTER_BOUND ( 'NONE', #33, .T. ) ;
#1266 = DIRECTION ( 'NONE',  ( 0.000000000000000000, -1.000000000000000000, 0.000000000000000000 ) ) ;
#1267 = CIRCLE ( 'NONE', #570, 14.00000000000001243 ) ;
#1268 = EDGE_CURVE ( 'NONE', #3687, #2996, #1690, .T. ) ;
#1269 = VECTOR ( 'NONE', #2069, 1000.000000000000000 ) ;
#1270 = CARTESIAN_POINT ( 'NONE',  ( 350.0000000000000000, 51.47427559237154071, -76.45090605276266160 ) ) ;
#1271 = VERTEX_POINT ( 'NONE', #4011 ) ;
#1272 = DIRECTION ( 'NONE',  ( 0.000000000000000000, 0.000000000000000000, -1.000000000000000000 ) ) ;
#1273 = CARTESIAN_POINT ( 'NONE',  ( 309.9999999999998863, 0.000000000000000000, 275.0000000000000568 ) ) ;
#1274 = ORIENTED_EDGE ( 'NONE', *, *, #2112, .F. ) ;
#1275 = CARTESIAN_POINT ( 'NONE',  ( -283.3654762541850118, 55.00000000000000000, -112.5307246625174287 ) ) ;
#1276 = CIRCLE ( 'NONE', #3777, 14.00000000000001243 ) ;
#1277 = EDGE_CURVE ( 'NONE', #2778, #3385, #2971, .T. ) ;
#1278 = CARTESIAN_POINT ( 'NONE',  ( 25.41668463387203403, 29.47716878215687331, 260.0000000000000000 ) ) ;
#1279 = ORIENTED_EDGE ( 'NONE', *, *, #4054, .T. ) ;
#1280 = ORIENTED_EDGE ( 'NONE', *, *, #1470, .T. ) ;
#1281 = EDGE_LOOP ( 'NONE', ( #3411, #1014, #2812, #2412 ) ) ;
#1282 = DIRECTION ( 'NONE',  ( -1.000000000000000000, 0.000000000000000000, 0.000000000000000000 ) ) ;
#1283 = DIRECTION ( 'NONE',  ( 0.000000000000000000, 1.000000000000000000, 0.000000000000000000 ) ) ;
#1284 = ADVANCED_FACE ( 'NONE', ( #766 ), #3389, .T. ) ;
#1285 = ORIENTED_EDGE ( 'NONE', *, *, #4190, .T. ) ;
#1286 = FACE_BOUND ( 'NONE', #3667, .T. ) ;
#1287 = DIRECTION ( 'NONE',  ( -1.000000000000000000, 0.000000000000000000, 0.000000000000000000 ) ) ;
#1288 = CARTESIAN_POINT ( 'NONE',  ( -158.1187928666629716, 60.00000000000000000, 241.8469422204054808 ) ) ;
#1289 = ORIENTED_EDGE ( 'NONE', *, *, #1433, .T. ) ;
#1290 = ADVANCED_FACE ( 'NONE', ( #1738 ), #3068, .F. ) ;
#1291 = DIRECTION ( 'NONE',  ( -0.000000000000000000, -0.000000000000000000, -1.000000000000000000 ) ) ;
#1292 = LINE ( 'NONE', #3012, #327 ) ;
#1293 = ORIENTED_EDGE ( 'NONE', *, *, #2934, .F. ) ;
#1294 = CARTESIAN_POINT ( 'NONE',  ( -273.3654762541849550, 15.00000000000000000, -112.5307246625174287 ) ) ;
#1295 = PLANE ( 'NONE',  #777 ) ;
#1296 = ORIENTED_EDGE ( 'NONE', *, *, #3826, .T. ) ;
#1297 = EDGE_LOOP ( 'NONE', ( #3110, #1671, #1885, #340 ) ) ;
#1298 = EDGE_LOOP ( 'NONE', ( #128, #305, #1436, #809 ) ) ;
#1299 = LINE ( 'NONE', #932, #674 ) ;
#1300 = DIRECTION ( 'NONE',  ( 1.000000000000000000, 0.000000000000000000, 0.000000000000000000 ) ) ;
#1301 = AXIS2_PLACEMENT_3D ( 'NONE', #3529, #2546, #3671 ) ;
#1302 = EDGE_CURVE ( 'NONE', #2861, #17, #2537, .T. ) ;
#1303 = ORIENTED_EDGE ( 'NONE', *, *, #1705, .T. ) ;
#1304 = VECTOR ( 'NONE', #2903, 1000.000000000000000 ) ;
#1305 = EDGE_CURVE ( 'NONE', #1156, #3981, #2476, .T. ) ;
#1306 = FACE_BOUND ( 'NONE', #1686, .T. ) ;
#1307 = FACE_OUTER_BOUND ( 'NONE', #3782, .T. ) ;
#1308 = EDGE_CURVE ( 'NONE', #2883, #949, #191, .T. ) ;
#1309 = EDGE_CURVE ( 'NONE', #3283, #61, #3536, .T. ) ;
#1310 = DIRECTION ( 'NONE',  ( 0.000000000000000000, 0.000000000000000000, 1.000000000000000000 ) ) ;
#1311 = VERTEX_POINT ( 'NONE', #3213 ) ;
#1312 = CARTESIAN_POINT ( 'NONE',  ( -298.3749599442248837, 95.00000000000000000, -142.5307246625174287 ) ) ;
#1313 = DIRECTION ( 'NONE',  ( 0.000000000000000000, -1.000000000000000000, 0.000000000000000000 ) ) ;
#1314 = ORIENTED_EDGE ( 'NONE', *, *, #761, .T. ) ;
#1315 = VECTOR ( 'NONE', #1917, 1000.000000000000000 ) ;
#1316 = CARTESIAN_POINT ( 'NONE',  ( 350.0000119999999697, 28.52572440762845929, -148.5490939472373668 ) ) ;
#1317 = CARTESIAN_POINT ( 'NONE',  ( -299.8654762541850118, 57.99999999999999289, -49.53072466251744288 ) ) ;
#1318 = AXIS2_PLACEMENT_3D ( 'NONE', #3672, #2676, #416 ) ;
#1319 = ORIENTED_EDGE ( 'NONE', *, *, #90, .F. ) ;
#1320 = ORIENTED_EDGE ( 'NONE', *, *, #1203, .F. ) ;
#1321 = EDGE_LOOP ( 'NONE', ( #1648, #4260, #2294, #2258 ) ) ;
#1322 = CARTESIAN_POINT ( 'NONE',  ( -175.0000000000000000, 30.00000000000000000, -291.8469422204054808 ) ) ;
#1323 = CIRCLE ( 'NONE', #1742, 40.00000000000000711 ) ;
#1324 = DIRECTION ( 'NONE',  ( 1.000000000000000000, 0.000000000000000000, 0.000000000000000000 ) ) ;
#1325 = ORIENTED_EDGE ( 'NONE', *, *, #669, .F. ) ;
#1326 = ADVANCED_FACE ( 'NONE', ( #1190 ), #2513, .T. ) ;
#1327 = CARTESIAN_POINT ( 'NONE',  ( -310.0000000000001137, 29.47716878215687331, -260.0000000000000000 ) ) ;
#1328 = EDGE_CURVE ( 'NONE', #1271, #3718, #1456, .T. ) ;
#1329 = DIRECTION ( 'NONE',  ( 0.000000000000000000, -0.000000000000000000, -1.000000000000000000 ) ) ;
#1330 = FACE_BOUND ( 'NONE', #1055, .T. ) ;
#1331 = ADVANCED_FACE ( 'NONE', ( #2210 ), #1883, .T. ) ;
#1332 = LINE ( 'NONE', #3655, #1684 ) ;
#1333 = VERTEX_POINT ( 'NONE', #2887 ) ;
#1334 = DIRECTION ( 'NONE',  ( 1.000000000000000000, 0.000000000000000000, 0.000000000000000000 ) ) ;
#1335 = LINE ( 'NONE', #3291, #4080 ) ;
#1336 = EDGE_CURVE ( 'NONE', #3625, #2890, #4162, .T. ) ;
#1337 = VERTEX_POINT ( 'NONE', #3837 ) ;
#1338 = CARTESIAN_POINT ( 'NONE',  ( 190.9564274098962642, 15.00000000000000000, -275.0000000000000000 ) ) ;
#1339 = CARTESIAN_POINT ( 'NONE',  ( -273.3654762541850118, 15.00000000000000000, -97.53072466251742867 ) ) ;
#1340 = VECTOR ( 'NONE', #2267, 1000.000000000000000 ) ;
#1341 = CARTESIAN_POINT ( 'NONE',  ( -350.0000000000001137, 80.00000000000000000, -76.45090605276266160 ) ) ;
#1342 = ORIENTED_EDGE ( 'NONE', *, *, #2024, .F. ) ;
#1343 = VECTOR ( 'NONE', #3579, 1000.000000000000000 ) ;
#1344 = EDGE_LOOP ( 'NONE', ( #2979, #129, #1360, #2241 ) ) ;
#1345 = ORIENTED_EDGE ( 'NONE', *, *, #2374, .F. ) ;
#1346 = PLANE ( 'NONE',  #3661 ) ;
#1347 = LOCAL_TIME ( 19, 12, 23.00000000000000000, #97 ) ;
#1348 = LINE ( 'NONE', #1713, #417 ) ;
#1349 = CIRCLE ( 'NONE', #1142, 19.05414961064888502 ) ;
#1350 = VERTEX_POINT ( 'NONE', #174 ) ;
#1351 = EDGE_CURVE ( 'NONE', #2323, #1912, #1483, .T. ) ;
#1352 = FACE_OUTER_BOUND ( 'NONE', #331, .T. ) ;
#1353 = CARTESIAN_POINT ( 'NONE',  ( -350.0000119999999697, 51.47427559237154071, 43.54909394723738103 ) ) ;
#1354 = LINE ( 'NONE', #48, #3499 ) ;
#1355 = CARTESIAN_POINT ( 'NONE',  ( -191.8812071333370000, 60.00000000000000000, 152.8541871936397456 ) ) ;
#1356 = CARTESIAN_POINT ( 'NONE',  ( -335.0000000000000568, 51.47427559237154071, 211.4509060527627753 ) ) ;
#1357 = ORIENTED_EDGE ( 'NONE', *, *, #692, .F. ) ;
#1358 = LINE ( 'NONE', #2380, #3867 ) ;
#1359 = CARTESIAN_POINT ( 'NONE',  ( 350.0000119999999697, 28.52572440762845929, -196.4509060527627184 ) ) ;
#1360 = ORIENTED_EDGE ( 'NONE', *, *, #1707, .F. ) ;
#1361 = CARTESIAN_POINT ( 'NONE',  ( 334.9999999999998863, 80.00000000000000000, -235.0000000000000284 ) ) ;
#1362 = CARTESIAN_POINT ( 'NONE',  ( 25.41668463387203403, 29.47716878215687331, 275.0000000000000000 ) ) ;
#1363 = LINE ( 'NONE', #2688, #1660 ) ;
#1364 = VERTEX_POINT ( 'NONE', #1500 ) ;
#1365 = ORIENTED_EDGE ( 'NONE', *, *, #3192, .F. ) ;
#1366 = ORIENTED_EDGE ( 'NONE', *, *, #3263, .F. ) ;
#1367 = CARTESIAN_POINT ( 'NONE',  ( -298.3749599442248837, 15.00000000000000000, -112.5307246625174287 ) ) ;
#1368 = CARTESIAN_POINT ( 'NONE',  ( -335.0000000000000568, 51.47427559237154071, -28.54909394723731353 ) ) ;
#1369 = ADVANCED_FACE ( 'NONE', ( #234 ), #1841, .T. ) ;
#1370 = ORIENTED_EDGE ( 'NONE', *, *, #3914, .F. ) ;
#1371 = DIRECTION ( 'NONE',  ( -1.000000000000000000, 0.000000000000000000, 0.000000000000000000 ) ) ;
#1372 = DIRECTION ( 'NONE',  ( -0.000000000000000000, -1.000000000000000000, -0.000000000000000000 ) ) ;
#1373 = CIRCLE ( 'NONE', #4213, 42.50000000000000711 ) ;
#1374 = CARTESIAN_POINT ( 'NONE',  ( -25.41668463387203403, 29.47716878215687331, 260.0000000000000000 ) ) ;
#1375 = AXIS2_PLACEMENT_3D ( 'NONE', #1568, #568, #1550 ) ;
#1376 = CARTESIAN_POINT ( 'NONE',  ( 350.0000119999999697, 28.52572440762845929, -148.5490939472373668 ) ) ;
#1377 = DIRECTION ( 'NONE',  ( 0.000000000000000000, 0.000000000000000000, -1.000000000000000000 ) ) ;
#1378 = ORIENTED_EDGE ( 'NONE', *, *, #3745, .F. ) ;
#1379 = FACE_OUTER_BOUND ( 'NONE', #930, .T. ) ;
#1380 = CARTESIAN_POINT ( 'NONE',  ( -31.89227307562281766, 62.46550775036840975, 291.8479422204054572 ) ) ;
#1381 = ORIENTED_EDGE ( 'NONE', *, *, #4256, .F. ) ;
#1382 = DIRECTION ( 'NONE',  ( 0.000000000000000000, 0.000000000000000000, 1.000000000000000000 ) ) ;
#1383 = DIRECTION ( 'NONE',  ( 0.000000000000000000, 1.000000000000000000, 0.000000000000000000 ) ) ;
#1384 = EDGE_CURVE ( 'NONE', #1912, #3378, #2826, .T. ) ;
#1385 = DIRECTION ( 'NONE',  ( -0.000000000000000000, -1.000000000000000000, -0.000000000000000000 ) ) ;
#1386 = ORIENTED_EDGE ( 'NONE', *, *, #1526, .F. ) ;
#1387 = VECTOR ( 'NONE', #452, 1000.000000000000000 ) ;
#1388 = ORIENTED_EDGE ( 'NONE', *, *, #1259, .F. ) ;
#1389 = ORIENTED_EDGE ( 'NONE', *, *, #1664, .T. ) ;
#1390 = LINE ( 'NONE', #2719, #2770 ) ;
#1391 = DIRECTION ( 'NONE',  ( 0.000000000000000000, 1.000000000000000000, 0.000000000000000000 ) ) ;
#1392 = VECTOR ( 'NONE', #3281, 1000.000000000000000 ) ;
#1393 = EDGE_CURVE ( 'NONE', #3734, #3031, #807, .T. ) ;
#1394 = VERTEX_POINT ( 'NONE', #3458 ) ;
#1395 = VECTOR ( 'NONE', #3381, 1000.000000000000000 ) ;
#1396 = CARTESIAN_POINT ( 'NONE',  ( 179.2065075214463548, 30.00000000000000000, 260.0000000000000000 ) ) ;
#1397 = EDGE_CURVE ( 'NONE', #3133, #2269, #1538, .T. ) ;
#1398 = CARTESIAN_POINT ( 'NONE',  ( -350.0000000000001137, 80.00000000000000000, 163.5490939472374521 ) ) ;
#1399 = CC_DESIGN_APPROVAL ( #2240, ( #1207 ) ) ;
#1400 = CALENDAR_DATE ( 2026, 21, 5 ) ;
#1401 = DIRECTION ( 'NONE',  ( 1.000000000000000000, 0.000000000000000000, 0.000000000000000000 ) ) ;
#1402 = LINE ( 'NONE', #1050, #2315 ) ;
#1403 = CARTESIAN_POINT ( 'NONE',  ( -335.0000000000000568, 80.00000000000000000, -235.0000000000000284 ) ) ;
#1404 = ORIENTED_EDGE ( 'NONE', *, *, #1048, .F. ) ;
#1405 = CARTESIAN_POINT ( 'NONE',  ( 350.0000000000000000, 51.47427559237154071, -235.0000000000000284 ) ) ;
#1406 = LINE ( 'NONE', #2405, #2968 ) ;
#1407 = EDGE_LOOP ( 'NONE', ( #3766, #1864, #2406, #1711 ) ) ;
#1408 = EDGE_CURVE ( 'NONE', #1750, #2298, #3858, .T. ) ;
#1409 = DIRECTION ( 'NONE',  ( -1.000000000000000000, 0.000000000000000000, -0.000000000000000000 ) ) ;
#1410 = CARTESIAN_POINT ( 'NONE',  ( 31.89227307562280700, 37.53449224963159736, 291.8479422204054572 ) ) ;
#1411 = CARTESIAN_POINT ( 'NONE',  ( 179.2065075214463548, 30.00000000000000000, 290.0000000000000568 ) ) ;
#1412 = ORIENTED_EDGE ( 'NONE', *, *, #884, .T. ) ;
#1413 = ORIENTED_EDGE ( 'NONE', *, *, #3635, .F. ) ;
#1414 = ORIENTED_EDGE ( 'NONE', *, *, #3786, .T. ) ;
#1415 = CARTESIAN_POINT ( 'NONE',  ( 350.0000119999999697, 51.47427559237154071, 91.45090605276273266 ) ) ;
#1416 = ADVANCED_FACE ( 'NONE', ( #4125 ), #1153, .T. ) ;
#1417 = AXIS2_PLACEMENT_3D ( 'NONE', #3078, #2658, #2048 ) ;
#1418 = CARTESIAN_POINT ( 'NONE',  ( -299.8654762541850118, 57.99999999999999289, -97.53072466251744288 ) ) ;
#1419 = VECTOR ( 'NONE', #2490, 1000.000000000000000 ) ;
#1420 = VECTOR ( 'NONE', #2021, 1000.000000000000000 ) ;
#1421 = ORIENTED_EDGE ( 'NONE', *, *, #1489, .F. ) ;
#1422 = DIRECTION ( 'NONE',  ( 0.000000000000000000, 0.000000000000000000, 1.000000000000000000 ) ) ;
#1423 = AXIS2_PLACEMENT_3D ( 'NONE', #3724, #4089, #1447 ) ;
#1424 = EDGE_CURVE ( 'NONE', #1735, #3034, #3498, .T. ) ;
#1425 = FACE_BOUND ( 'NONE', #1780, .T. ) ;
#1426 = DIRECTION ( 'NONE',  ( -1.000000000000000000, 0.000000000000000000, 0.000000000000000000 ) ) ;
#1427 = CARTESIAN_POINT ( 'NONE',  ( -350.0000000000001137, 51.47427559237154071, -148.5490939472373668 ) ) ;
#1428 = LINE ( 'NONE', #727, #1955 ) ;
#1429 = ORIENTED_EDGE ( 'NONE', *, *, #916, .T. ) ;
#1430 = CARTESIAN_POINT ( 'NONE',  ( -350.0000119999999697, 51.47427559237154071, -148.5490939472373668 ) ) ;
#1431 = ORIENTED_EDGE ( 'NONE', *, *, #4151, .F. ) ;
#1432 = DIRECTION ( 'NONE',  ( 0.000000000000000000, 0.000000000000000000, 1.000000000000000000 ) ) ;
#1433 = EDGE_CURVE ( 'NONE', #2056, #3292, #3173, .T. ) ;
#1434 = FACE_OUTER_BOUND ( 'NONE', #431, .T. ) ;
#1435 = VERTEX_POINT ( 'NONE', #2949 ) ;
#1436 = ORIENTED_EDGE ( 'NONE', *, *, #2250, .F. ) ;
#1437 = EDGE_LOOP ( 'NONE', ( #4072, #1615 ) ) ;
#1438 = FACE_OUTER_BOUND ( 'NONE', #271, .T. ) ;
#1439 = LINE ( 'NONE', #3840, #3611 ) ;
#1440 = ADVANCED_FACE ( 'NONE', ( #3960 ), #907, .T. ) ;
#1441 = ORIENTED_EDGE ( 'NONE', *, *, #1878, .F. ) ;
#1442 = DIRECTION ( 'NONE',  ( 0.000000000000000000, 0.000000000000000000, 1.000000000000000000 ) ) ;
#1443 = LINE ( 'NONE', #2020, #2498 ) ;
#1444 = EDGE_CURVE ( 'NONE', #2563, #551, #2616, .T. ) ;
#1445 = PERSON_AND_ORGANIZATION_ROLE ( 'creator' ) ;
#1446 = LINE ( 'NONE', #142, #3538 ) ;
#1447 = DIRECTION ( 'NONE',  ( 0.000000000000000000, 0.000000000000000000, -1.000000000000000000 ) ) ;
#1448 = VECTOR ( 'NONE', #343, 1000.000000000000000 ) ;
#1449 = AXIS2_PLACEMENT_3D ( 'NONE', #3957, #3308, #400 ) ;
#1450 = DIRECTION ( 'NONE',  ( 0.000000000000000000, 0.000000000000000000, 1.000000000000000000 ) ) ;
#1451 = ORIENTED_EDGE ( 'NONE', *, *, #1575, .F. ) ;
#1452 = EDGE_CURVE ( 'NONE', #4085, #145, #926, .T. ) ;
#1453 = LINE ( 'NONE', #2180, #2065 ) ;
#1454 = ORIENTED_EDGE ( 'NONE', *, *, #1113, .T. ) ;
#1455 = LINE ( 'NONE', #3185, #1419 ) ;
#1456 = CIRCLE ( 'NONE', #1859, 14.01683920888982549 ) ;
#1457 = ADVANCED_FACE ( 'NONE', ( #3939 ), #1254, .T. ) ;
#1458 = VECTOR ( 'NONE', #430, 1000.000000000000000 ) ;
#1459 = CARTESIAN_POINT ( 'NONE',  ( 179.2065075214463548, 30.00000000000000000, -100.0000000000000000 ) ) ;
#1460 = VERTEX_POINT ( 'NONE', #3293 ) ;
#1461 = VERTEX_POINT ( 'NONE', #2927 ) ;
#1462 = ORIENTED_EDGE ( 'NONE', *, *, #1277, .F. ) ;
#1463 = CYLINDRICAL_SURFACE ( 'NONE', #1650, 14.01683920888982549 ) ;
#1464 = LINE ( 'NONE', #3440, #2290 ) ;
#1465 = EDGE_LOOP ( 'NONE', ( #3306, #1044, #763, #1414 ) ) ;
#1466 = CARTESIAN_POINT ( 'NONE',  ( -273.3654762541850118, 15.00000000000000000, 0.000000000000000000 ) ) ;
#1467 = VECTOR ( 'NONE', #495, 1000.000000000000000 ) ;
#1468 = DIRECTION ( 'NONE',  ( 0.000000000000000000, -1.000000000000000000, 0.000000000000000000 ) ) ;
#1469 = DIRECTION ( 'NONE',  ( 0.000000000000000000, 0.000000000000000000, -1.000000000000000000 ) ) ;
#1470 = EDGE_CURVE ( 'NONE', #1271, #1921, #4264, .T. ) ;
#1471 = VECTOR ( 'NONE', #828, 1000.000000000000000 ) ;
#1472 = DIRECTION ( 'NONE',  ( 0.000000000000000000, 0.000000000000000000, -1.000000000000000000 ) ) ;
#1473 = ORIENTED_EDGE ( 'NONE', *, *, #1384, .T. ) ;
#1474 = CARTESIAN_POINT ( 'NONE',  ( 160.1523579107974626, 30.00000000000000355, -275.0000000000000000 ) ) ;
#1475 = VERTEX_POINT ( 'NONE', #2231 ) ;
#1476 = CARTESIAN_POINT ( 'NONE',  ( -310.0000000000001137, 15.00000000000000000, 100.0000000000000000 ) ) ;
#1477 = EDGE_CURVE ( 'NONE', #1194, #2512, #3557, .T. ) ;
#1478 = EDGE_CURVE ( 'NONE', #2866, #1656, #987, .T. ) ;
#1479 = CYLINDRICAL_SURFACE ( 'NONE', #966, 42.50000000000000711 ) ;
#1480 = ORIENTED_EDGE ( 'NONE', *, *, #1408, .T. ) ;
#1481 = ORIENTED_EDGE ( 'NONE', *, *, #3413, .F. ) ;
#1482 = ORIENTED_EDGE ( 'NONE', *, *, #2691, .F. ) ;
#1483 = LINE ( 'NONE', #1861, #1719 ) ;
#1484 = DIRECTION ( 'NONE',  ( 0.000000000000000000, 1.000000000000000000, -0.000000000000000000 ) ) ;
#1485 = ORIENTED_EDGE ( 'NONE', *, *, #2962, .T. ) ;
#1486 = LINE ( 'NONE', #1523, #130 ) ;
#1487 = PLANE ( 'NONE',  #2568 ) ;
#1488 = VECTOR ( 'NONE', #330, 1000.000000000000000 ) ;
#1489 = EDGE_CURVE ( 'NONE', #3734, #4245, #2905, .T. ) ;
#1490 = PERSON_AND_ORGANIZATION ( #3156, #79 ) ;
#1491 = AXIS2_PLACEMENT_3D ( 'NONE', #847, #2168, #2187 ) ;
#1492 = DIRECTION ( 'NONE',  ( 1.000000000000000000, 0.000000000000000000, 0.000000000000000000 ) ) ;
#1493 = PLANE ( 'NONE',  #2138 ) ;
#1494 = ORIENTED_EDGE ( 'NONE', *, *, #1305, .F. ) ;
#1495 = CARTESIAN_POINT ( 'NONE',  ( 309.9999999999998863, 80.00000000000000000, 235.0000000000000284 ) ) ;
#1496 = CARTESIAN_POINT ( 'NONE',  ( -256.8654762541850118, 57.99999999999999289, -97.53072466251742867 ) ) ;
#1497 = ORIENTED_EDGE ( 'NONE', *, *, #3517, .F. ) ;
#1498 = ORIENTED_EDGE ( 'NONE', *, *, #375, .F. ) ;
#1499 = ORIENTED_EDGE ( 'NONE', *, *, #4110, .F. ) ;
#1500 = CARTESIAN_POINT ( 'NONE',  ( 198.2606571320952185, 30.00000000000000000, -275.0000000000000000 ) ) ;
#1501 = LINE ( 'NONE', #3112, #421 ) ;
#1502 = EDGE_LOOP ( 'NONE', ( #3279, #3862, #3124, #3000, #2886, #3542, #2540, #2013 ) ) ;
#1503 = FACE_OUTER_BOUND ( 'NONE', #2802, .T. ) ;
#1504 = ADVANCED_FACE ( 'NONE', ( #967 ), #1231, .T. ) ;
#1505 = LINE ( 'NONE', #1138, #1117 ) ;
#1506 = DIRECTION ( 'NONE',  ( -0.000000000000000000, -0.000000000000000000, 1.000000000000000000 ) ) ;
#1507 = CARTESIAN_POINT ( 'NONE',  ( -31.89227307562281766, 37.53449224963159736, -260.0000000000000000 ) ) ;
#1508 = DIRECTION ( 'NONE',  ( -0.000000000000000000, -1.000000000000000000, -0.000000000000000000 ) ) ;
#1509 = CIRCLE ( 'NONE', #2898, 24.99999999999999289 ) ;
#1510 = AXIS2_PLACEMENT_3D ( 'NONE', #4071, #1530, #1796 ) ;
#1511 = CARTESIAN_POINT ( 'NONE',  ( -191.8812071333370000, 15.00000000000000000, -241.8469422204054808 ) ) ;
#1512 = EDGE_LOOP ( 'NONE', ( #12, #1887, #1171, #3925 ) ) ;
#1513 = EDGE_LOOP ( 'NONE', ( #4242, #3406, #3138, #1059 ) ) ;
#1514 = VECTOR ( 'NONE', #3820, 1000.000000000000000 ) ;
#1515 = AXIS2_PLACEMENT_3D ( 'NONE', #270, #3555, #3512 ) ;
#1516 = EDGE_LOOP ( 'NONE', ( #1637, #3296, #2583, #3787 ) ) ;
#1517 = DIRECTION ( 'NONE',  ( -1.000000000000000000, 0.000000000000000000, 0.000000000000000000 ) ) ;
#1518 = EDGE_CURVE ( 'NONE', #3609, #3134, #1922, .T. ) ;
#1519 = PLANE ( 'NONE',  #4022 ) ;
#1520 = EDGE_LOOP ( 'NONE', ( #1726, #2455, #1777, #2165, #501, #3986 ) ) ;
#1521 = ORIENTED_EDGE ( 'NONE', *, *, #120, .T. ) ;
#1522 = VERTEX_POINT ( 'NONE', #254 ) ;
#1523 = CARTESIAN_POINT ( 'NONE',  ( 104.6270177182934162, 75.00000000000000000, 178.5658364145832024 ) ) ;
#1524 = DIRECTION ( 'NONE',  ( 0.000000000000000000, 1.000000000000000000, 0.000000000000000000 ) ) ;
#1525 = EDGE_CURVE ( 'NONE', #3689, #2685, #293, .T. ) ;
#1526 = EDGE_CURVE ( 'NONE', #3216, #3088, #1577, .T. ) ;
#1527 = VECTOR ( 'NONE', #4101, 1000.000000000000000 ) ;
#1528 = VECTOR ( 'NONE', #934, 1000.000000000000000 ) ;
#1529 = LINE ( 'NONE', #2775, #2458 ) ;
#1530 = DIRECTION ( 'NONE',  ( 0.000000000000000000, 0.000000000000000000, 1.000000000000000000 ) ) ;
#1531 = VECTOR ( 'NONE', #2337, 1000.000000000000000 ) ;
#1532 = CYLINDRICAL_SURFACE ( 'NONE', #3160, 40.00000000000000711 ) ;
#1533 = DIRECTION ( 'NONE',  ( -1.000000000000000000, 0.000000000000000000, 0.000000000000000000 ) ) ;
#1534 = ORIENTED_EDGE ( 'NONE', *, *, #1518, .T. ) ;
#1535 = EDGE_CURVE ( 'NONE', #250, #816, #1599, .T. ) ;
#1536 = DIRECTION ( 'NONE',  ( 0.000000000000000000, 0.000000000000000000, -1.000000000000000000 ) ) ;
#1537 = VERTEX_POINT ( 'NONE', #1294 ) ;
#1538 = LINE ( 'NONE', #476, #1201 ) ;
#1539 = LINE ( 'NONE', #2188, #2917 ) ;
#1540 = VERTEX_POINT ( 'NONE', #659 ) ;
#1541 = ORIENTED_EDGE ( 'NONE', *, *, #4061, .F. ) ;
#1542 = VERTEX_POINT ( 'NONE', #1275 ) ;
#1543 = CARTESIAN_POINT ( 'NONE',  ( -256.8654762541850118, 15.00000000000000000, -49.53072466251744288 ) ) ;
#1544 = FACE_OUTER_BOUND ( 'NONE', #2533, .T. ) ;
#1545 = ORIENTED_EDGE ( 'NONE', *, *, #759, .T. ) ;
#1546 = APPROVAL_ROLE ( '' ) ;
#1547 = EDGE_CURVE ( 'NONE', #2107, #1257, #4205, .T. ) ;
#1548 = VECTOR ( 'NONE', #3811, 1000.000000000000000 ) ;
#1549 = FACE_BOUND ( 'NONE', #1808, .T. ) ;
#1550 = DIRECTION ( 'NONE',  ( 1.000000000000000000, 0.000000000000000000, 0.000000000000000000 ) ) ;
#1551 = VECTOR ( 'NONE', #725, 1000.000000000000000 ) ;
#1552 = LINE ( 'NONE', #1591, #860 ) ;
#1553 = VECTOR ( 'NONE', #2963, 1000.000000000000000 ) ;
#1554 = DIRECTION ( 'NONE',  ( 0.000000000000000000, 0.000000000000000000, 1.000000000000000000 ) ) ;
#1555 = ORIENTED_EDGE ( 'NONE', *, *, #3083, .F. ) ;
#1556 = LINE ( 'NONE', #3876, #2807 ) ;
#1557 = DIRECTION ( 'NONE',  ( 0.000000000000000000, 0.000000000000000000, 1.000000000000000000 ) ) ;
#1558 = ORIENTED_EDGE ( 'NONE', *, *, #2558, .T. ) ;
#1559 = DIRECTION ( 'NONE',  ( -0.000000000000000000, -1.000000000000000000, -0.000000000000000000 ) ) ;
#1560 = LINE ( 'NONE', #2888, #3139 ) ;
#1561 = ORIENTED_EDGE ( 'NONE', *, *, #2203, .F. ) ;
#1562 = ORIENTED_EDGE ( 'NONE', *, *, #2809, .T. ) ;
#1563 = LINE ( 'NONE', #180, #1024 ) ;
#1564 = ADVANCED_FACE ( 'NONE', ( #3620 ), #3918, .F. ) ;
#1565 = CARTESIAN_POINT ( 'NONE',  ( -350.0000000000001137, 28.52572440762845929, -235.0000000000000284 ) ) ;
#1566 = VERTEX_POINT ( 'NONE', #1943 ) ;
#1567 = CARTESIAN_POINT ( 'NONE',  ( -335.0000000000000568, 51.47427559237154071, -28.54909394723731353 ) ) ;
#1568 = CARTESIAN_POINT ( 'NONE',  ( -350.0000119999999697, 51.47427559237154071, -28.54909394723731353 ) ) ;
#1569 = LINE ( 'NONE', #3893, #25 ) ;
#1570 = ADVANCED_FACE ( 'NONE', ( #1619 ), #684, .T. ) ;
#1571 = LINE ( 'NONE', #2900, #1869 ) ;
#1572 = ORIENTED_EDGE ( 'NONE', *, *, #2336, .T. ) ;
#1573 = CARTESIAN_POINT ( 'NONE',  ( 25.41668463387203403, 7.460168080204088170, -275.0000000000000000 ) ) ;
#1574 = CYLINDRICAL_SURFACE ( 'NONE', #137, 14.01683920888982549 ) ;
#1575 = EDGE_CURVE ( 'NONE', #2926, #3470, #56, .T. ) ;
#1576 = ORIENTED_EDGE ( 'NONE', *, *, #2784, .T. ) ;
#1577 = LINE ( 'NONE', #2270, #579 ) ;
#1578 = DIRECTION ( 'NONE',  ( 1.000000000000000000, 0.000000000000000000, 0.000000000000000000 ) ) ;
#1579 = CIRCLE ( 'NONE', #604, 19.05414961064888502 ) ;
#1580 = ORIENTED_EDGE ( 'NONE', *, *, #2657, .T. ) ;
#1581 = AXIS2_PLACEMENT_3D ( 'NONE', #3056, #3307, #333 ) ;
#1582 = VERTEX_POINT ( 'NONE', #13 ) ;
#1583 = EDGE_LOOP ( 'NONE', ( #4166, #284, #3560, #4188 ) ) ;
#1584 = CARTESIAN_POINT ( 'NONE',  ( -163.2500801115500622, 15.00000000000000000, -275.0000000000000000 ) ) ;
#1585 = PLANE ( 'NONE',  #347 ) ;
#1586 = ORIENTED_EDGE ( 'NONE', *, *, #1748, .T. ) ;
#1587 = ADVANCED_FACE ( 'NONE', ( #2053, #381 ), #2711, .T. ) ;
#1588 = VECTOR ( 'NONE', #3107, 1000.000000000000000 ) ;
#1589 = DIRECTION ( 'NONE',  ( 0.000000000000000000, -1.000000000000000000, 0.000000000000000000 ) ) ;
#1590 = EDGE_CURVE ( 'NONE', #4249, #3322, #709, .T. ) ;
#1591 = CARTESIAN_POINT ( 'NONE',  ( -350.0000119999999697, 51.47427559237154071, -148.5490939472373668 ) ) ;
#1592 = AXIS2_PLACEMENT_3D ( 'NONE', #20, #1739, #2744 ) ;
#1593 = DIRECTION ( 'NONE',  ( 0.000000000000000000, -0.000000000000000000, -1.000000000000000000 ) ) ;
#1594 = VERTEX_POINT ( 'NONE', #2431 ) ;
#1595 = VECTOR ( 'NONE', #3313, 1000.000000000000000 ) ;
#1596 = CARTESIAN_POINT ( 'NONE',  ( -31.89227307562281055, 62.46550775036840975, -260.0000000000000000 ) ) ;
#1597 = LINE ( 'NONE', #2207, #678 ) ;
#1598 = EDGE_LOOP ( 'NONE', ( #3170, #2901, #3799, #3071 ) ) ;
#1599 = LINE ( 'NONE', #3641, #1763 ) ;
#1600 = EDGE_CURVE ( 'NONE', #3734, #2123, #3429, .T. ) ;
#1601 = DIRECTION ( 'NONE',  ( 0.000000000000000000, -1.000000000000000000, 0.000000000000000000 ) ) ;
#1602 = LOCAL_TIME ( 19, 12, 23.00000000000000000, #3420 ) ;
#1603 = ORIENTED_EDGE ( 'NONE', *, *, #3423, .T. ) ;
#1604 = ORIENTED_EDGE ( 'NONE', *, *, #2535, .F. ) ;
#1605 = ORIENTED_EDGE ( 'NONE', *, *, #2232, .T. ) ;
#1606 = CARTESIAN_POINT ( 'NONE',  ( -310.0000000000000568, 80.00000000000000000, 275.0000000000000000 ) ) ;
#1607 = LINE ( 'NONE', #3907, #1812 ) ;
#1608 = ORIENTED_EDGE ( 'NONE', *, *, #1309, .T. ) ;
#1609 = EDGE_CURVE ( 'NONE', #4032, #2417, #83, .T. ) ;
#1610 = CARTESIAN_POINT ( 'NONE',  ( -273.3654762541850118, 95.00000000000000000, -112.5307246625174287 ) ) ;
#1611 = CARTESIAN_POINT ( 'NONE',  ( -175.0000000000000000, 30.00000000000000000, 260.0000000000000000 ) ) ;
#1612 = AXIS2_PLACEMENT_3D ( 'NONE', #2595, #3915, #1940 ) ;
#1613 = VECTOR ( 'NONE', #2958, 1000.000000000000000 ) ;
#1614 = CARTESIAN_POINT ( 'NONE',  ( -25.41668463387203403, 29.47716878215687331, 245.0000000000000284 ) ) ;
#1615 = ORIENTED_EDGE ( 'NONE', *, *, #1328, .F. ) ;
#1616 = PLANE ( 'NONE',  #2526 ) ;
#1617 = LINE ( 'NONE', #924, #4215 ) ;
#1618 = ORIENTED_EDGE ( 'NONE', *, *, #315, .F. ) ;
#1619 = FACE_OUTER_BOUND ( 'NONE', #3484, .T. ) ;
#1620 = VECTOR ( 'NONE', #1638, 1000.000000000000000 ) ;
#1621 = EDGE_CURVE ( 'NONE', #560, #3378, #2993, .T. ) ;
#1622 = LINE ( 'NONE', #2599, #494 ) ;
#1623 = ORIENTED_EDGE ( 'NONE', *, *, #4067, .T. ) ;
#1624 = ORIENTED_EDGE ( 'NONE', *, *, #4110, .T. ) ;
#1625 = EDGE_LOOP ( 'NONE', ( #3455, #243, #3131, #4144 ) ) ;
#1626 = LINE ( 'NONE', #3647, #2422 ) ;
#1627 = LINE ( 'NONE', #3628, #2440 ) ;
#1628 = EDGE_LOOP ( 'NONE', ( #1195, #2152, #2389, #221 ) ) ;
#1629 = EDGE_CURVE ( 'NONE', #3470, #1680, #1056, .T. ) ;
#1630 = EDGE_CURVE ( 'NONE', #1908, #2988, #4002, .T. ) ;
#1631 = PLANE ( 'NONE',  #2872 ) ;
#1632 = CARTESIAN_POINT ( 'NONE',  ( 334.9999999999999432, 51.47427559237154071, 163.5490939472374237 ) ) ;
#1633 = CARTESIAN_POINT ( 'NONE',  ( 334.9999999999999432, 28.52572440762845929, 163.5490939472373952 ) ) ;
#1634 = VERTEX_POINT ( 'NONE', #732 ) ;
#1635 = CARTESIAN_POINT ( 'NONE',  ( -191.8812071333370000, 60.00000000000000000, -152.8541871936397456 ) ) ;
#1636 = CARTESIAN_POINT ( 'NONE',  ( -191.8812071333370000, 15.00000000000000000, 152.8541871936397456 ) ) ;
#1637 = ORIENTED_EDGE ( 'NONE', *, *, #6, .T. ) ;
#1638 = DIRECTION ( 'NONE',  ( -0.000000000000000000, 1.000000000000000000, -0.000000000000000000 ) ) ;
#1639 = CARTESIAN_POINT ( 'NONE',  ( -350.0000000000001137, 80.00000000000000000, 91.45090605276270423 ) ) ;
#1640 = ORIENTED_EDGE ( 'NONE', *, *, #2527, .F. ) ;
#1641 = VERTEX_POINT ( 'NONE', #3358 ) ;
#1642 = ORIENTED_EDGE ( 'NONE', *, *, #2647, .F. ) ;
#1643 = LINE ( 'NONE', #601, #3930 ) ;
#1644 = ADVANCED_FACE ( 'NONE', ( #1704 ), #3756, .T. ) ;
#1645 = CARTESIAN_POINT ( 'NONE',  ( -158.1187928666629716, 60.00000000000000000, -152.8541871936397456 ) ) ;
#1646 = AXIS2_PLACEMENT_3D ( 'NONE', #1091, #4086, #1114 ) ;
#1647 = VECTOR ( 'NONE', #379, 1000.000000000000000 ) ;
#1648 = ORIENTED_EDGE ( 'NONE', *, *, #2232, .F. ) ;
#1649 = CARTESIAN_POINT ( 'NONE',  ( 221.2050723411340414, 36.42776134176983760, 100.0000000000000000 ) ) ;
#1650 = AXIS2_PLACEMENT_3D ( 'NONE', #2762, #2038, #3438 ) ;
#1651 = AXIS2_PLACEMENT_3D ( 'NONE', #905, #3897, #1536 ) ;
#1652 = EDGE_CURVE ( 'NONE', #2147, #3511, #2407, .T. ) ;
#1653 = LINE ( 'NONE', #2677, #1551 ) ;
#1654 = CARTESIAN_POINT ( 'NONE',  ( 160.1523579107974626, 30.00000000000000355, -275.0000000000000000 ) ) ;
#1655 = LINE ( 'NONE', #2987, #3906 ) ;
#1656 = VERTEX_POINT ( 'NONE', #2007 ) ;
#1657 = CARTESIAN_POINT ( 'NONE',  ( -350.0000119999999697, 28.52572440762845929, 211.4509060527627753 ) ) ;
#1658 = DIRECTION ( 'NONE',  ( 0.000000000000000000, 1.000000000000000000, 0.000000000000000000 ) ) ;
#1659 = ORIENTED_EDGE ( 'NONE', *, *, #2159, .F. ) ;
#1660 = VECTOR ( 'NONE', #3087, 1000.000000000000000 ) ;
#1661 = DIRECTION ( 'NONE',  ( -0.000000000000000000, -0.000000000000000000, -1.000000000000000000 ) ) ;
#1662 = DIRECTION ( 'NONE',  ( 0.000000000000000000, 0.000000000000000000, -1.000000000000000000 ) ) ;
#1663 = VECTOR ( 'NONE', #2465, 1000.000000000000000 ) ;
#1664 = EDGE_CURVE ( 'NONE', #3212, #3547, #2656, .T. ) ;
#1665 = ORIENTED_EDGE ( 'NONE', *, *, #2174, .F. ) ;
#1666 = ORIENTED_EDGE ( 'NONE', *, *, #2943, .F. ) ;
#1667 = EDGE_LOOP ( 'NONE', ( #498, #1189, #2012, #3556 ) ) ;
#1668 = DIRECTION ( 'NONE',  ( 0.000000000000000000, -1.000000000000000000, 0.000000000000000000 ) ) ;
#1669 = CIRCLE ( 'NONE', #3889, 19.05414961064888502 ) ;
#1670 = CARTESIAN_POINT ( 'NONE',  ( -350.0000119999999697, 51.47427559237154071, -196.4509060527627184 ) ) ;
#1671 = ORIENTED_EDGE ( 'NONE', *, *, #3284, .F. ) ;
#1672 = DIRECTION ( 'NONE',  ( 0.000000000000000000, 0.000000000000000000, -1.000000000000000000 ) ) ;
#1673 = FACE_BOUND ( 'NONE', #3666, .T. ) ;
#1674 = CARTESIAN_POINT ( 'NONE',  ( -350.0000119999999697, 51.47427559237154071, -148.5490939472373668 ) ) ;
#1675 = LINE ( 'NONE', #1723, #3435 ) ;
#1676 = CARTESIAN_POINT ( 'NONE',  ( 350.0000119999999697, 28.52572440762845929, -28.54909394723731353 ) ) ;
#1677 = EDGE_LOOP ( 'NONE', ( #2741, #2413, #1253, #4212, #3332, #3428, #3289, #1642, #2953, #3861, #2171, #1146 ) ) ;
#1678 = CARTESIAN_POINT ( 'NONE',  ( 350.0000119999999697, 28.52572440762845929, 91.45090605276273266 ) ) ;
#1679 = DIRECTION ( 'NONE',  ( 0.000000000000000000, -1.000000000000000000, 0.000000000000000000 ) ) ;
#1680 = VERTEX_POINT ( 'NONE', #3982 ) ;
#1681 = DIRECTION ( 'NONE',  ( -1.000000000000000000, 0.000000000000000000, 0.000000000000000000 ) ) ;
#1682 = EDGE_CURVE ( 'NONE', #110, #1030, #2460, .T. ) ;
#1683 = CARTESIAN_POINT ( 'NONE',  ( -258.3749599442248837, 15.00000000000000000, -142.5307246625174287 ) ) ;
#1684 = VECTOR ( 'NONE', #2427, 1000.000000000000000 ) ;
#1685 = CARTESIAN_POINT ( 'NONE',  ( 350.0000000000000000, 28.52572440762845929, 163.5490939472374237 ) ) ;
#1686 = EDGE_LOOP ( 'NONE', ( #3540, #3553, #2698, #3257 ) ) ;
#1687 = AXIS2_PLACEMENT_3D ( 'NONE', #3168, #3106, #3797 ) ;
#1688 = ORIENTED_EDGE ( 'NONE', *, *, #1806, .T. ) ;
#1689 = ORIENTED_EDGE ( 'NONE', *, *, #4040, .F. ) ;
#1690 = LINE ( 'NONE', #1087, #2555 ) ;
#1691 = LINE ( 'NONE', #3023, #840 ) ;
#1692 = AXIS2_PLACEMENT_3D ( 'NONE', #960, #3592, #3287 ) ;
#1693 = VERTEX_POINT ( 'NONE', #755 ) ;
#1694 = CARTESIAN_POINT ( 'NONE',  ( -350.0000119999999697, 51.47427559237154071, 211.4509060527627753 ) ) ;
#1695 = LINE ( 'NONE', #1070, #1180 ) ;
#1696 = DIRECTION ( 'NONE',  ( -1.000000000000000000, 0.000000000000000000, 0.000000000000000000 ) ) ;
#1697 = PLANE ( 'NONE',  #1423 ) ;
#1698 = EDGE_CURVE ( 'NONE', #2235, #944, #3709, .T. ) ;
#1699 = DIRECTION ( 'NONE',  ( 0.000000000000000000, 0.000000000000000000, -1.000000000000000000 ) ) ;
#1700 = ORIENTED_EDGE ( 'NONE', *, *, #1277, .T. ) ;
#1701 = LINE ( 'NONE', #3032, #605 ) ;
#1702 = PLANE ( 'NONE',  #2345 ) ;
#1703 = ORIENTED_EDGE ( 'NONE', *, *, #669, .T. ) ;
#1704 = FACE_OUTER_BOUND ( 'NONE', #2961, .T. ) ;
#1705 = EDGE_CURVE ( 'NONE', #1337, #111, #1276, .T. ) ;
#1706 = DIRECTION ( 'NONE',  ( -1.000000000000000000, 0.000000000000000000, 0.000000000000000000 ) ) ;
#1707 = EDGE_CURVE ( 'NONE', #2512, #1735, #426, .T. ) ;
#1708 = DIRECTION ( 'NONE',  ( -1.000000000000000000, 0.000000000000000000, -0.000000000000000000 ) ) ;
#1709 = ORIENTED_EDGE ( 'NONE', *, *, #916, .F. ) ;
#1710 = EDGE_LOOP ( 'NONE', ( #2213, #4127, #88, #1665 ) ) ;
#1711 = ORIENTED_EDGE ( 'NONE', *, *, #1308, .T. ) ;
#1712 = DIRECTION ( 'NONE',  ( -0.000000000000000000, -1.000000000000000000, -0.000000000000000000 ) ) ;
#1713 = CARTESIAN_POINT ( 'NONE',  ( 334.9999999999999432, 51.47427559237154071, 211.4509060527627753 ) ) ;
#1714 = EDGE_LOOP ( 'NONE', ( #1060, #2904, #2594, #3938 ) ) ;
#1715 = LINE ( 'NONE', #4063, #3244 ) ;
#1716 = CIRCLE ( 'NONE', #1646, 24.99999999999999289 ) ;
#1717 = CYLINDRICAL_SURFACE ( 'NONE', #1318, 19.05414961064888502 ) ;
#1718 = EDGE_CURVE ( 'NONE', #3687, #16, #34, .T. ) ;
#1719 = VECTOR ( 'NONE', #1804, 1000.000000000000000 ) ;
#1720 = CARTESIAN_POINT ( 'NONE',  ( 0.000000000000000000, 0.000000000000000000, 0.000000000000000000 ) ) ;
#1721 = CYLINDRICAL_SURFACE ( 'NONE', #3086, 14.00000000000001243 ) ;
#1722 = VECTOR ( 'NONE', #730, 1000.000000000000000 ) ;
#1723 = CARTESIAN_POINT ( 'NONE',  ( -283.3654762541850118, 55.00000000000000000, 0.000000000000000000 ) ) ;
#1724 = ADVANCED_FACE ( 'NONE', ( #859 ), #2531, .T. ) ;
#1725 = DIRECTION ( 'NONE',  ( 0.000000000000000000, -1.000000000000000000, 0.000000000000000000 ) ) ;
#1726 = ORIENTED_EDGE ( 'NONE', *, *, #3045, .F. ) ;
#1727 = LINE ( 'NONE', #655, #2618 ) ;
#1728 = CARTESIAN_POINT ( 'NONE',  ( -191.8812071333370000, 60.00000000000000000, 152.8541871936397456 ) ) ;
#1729 = ORIENTED_EDGE ( 'NONE', *, *, #3699, .T. ) ;
#1730 = DIRECTION ( 'NONE',  ( 0.000000000000000000, 0.000000000000000000, -1.000000000000000000 ) ) ;
#1731 = LINE ( 'NONE', #2385, #1395 ) ;
#1732 = CARTESIAN_POINT ( 'NONE',  ( 179.2065075214463548, 30.00000000000000000, 99.99999999999997158 ) ) ;
#1733 = ORIENTED_EDGE ( 'NONE', *, *, #1590, .F. ) ;
#1734 = CIRCLE ( 'NONE', #548, 25.00000000000004974 ) ;
#1735 = VERTEX_POINT ( 'NONE', #1185 ) ;
#1736 = ADVANCED_FACE ( 'NONE', ( #2125 ), #3473, .T. ) ;
#1737 = ORIENTED_EDGE ( 'NONE', *, *, #2983, .F. ) ;
#1738 = FACE_OUTER_BOUND ( 'NONE', #3729, .T. ) ;
#1739 = DIRECTION ( 'NONE',  ( 0.000000000000000000, 0.000000000000000000, -1.000000000000000000 ) ) ;
#1740 = CIRCLE ( 'NONE', #148, 42.50000000000000711 ) ;
#1741 = VERTEX_POINT ( 'NONE', #2820 ) ;
#1742 = AXIS2_PLACEMENT_3D ( 'NONE', #3276, #2865, #2928 ) ;
#1743 = CARTESIAN_POINT ( 'NONE',  ( 31.89227307562280700, 62.46550775036840975, -291.8479422204054572 ) ) ;
#1744 = FACE_OUTER_BOUND ( 'NONE', #2041, .T. ) ;
#1745 = DIRECTION ( 'NONE',  ( 0.000000000000000000, 0.000000000000000000, -1.000000000000000000 ) ) ;
#1746 = DIRECTION ( 'NONE',  ( 1.000000000000000000, 0.000000000000000000, 0.000000000000000000 ) ) ;
#1747 = DIRECTION ( 'NONE',  ( -0.000000000000000000, -1.000000000000000000, -0.000000000000000000 ) ) ;
#1748 = EDGE_CURVE ( 'NONE', #3609, #3216, #527, .T. ) ;
#1749 = CARTESIAN_POINT ( 'NONE',  ( 350.0000119999999697, 28.52572440762845929, 163.5490939472374237 ) ) ;
#1750 = VERTEX_POINT ( 'NONE', #185 ) ;
#1751 = DIRECTION ( 'NONE',  ( -0.000000000000000000, -0.000000000000000000, 1.000000000000000000 ) ) ;
#1752 = ORIENTED_EDGE ( 'NONE', *, *, #2156, .F. ) ;
#1753 = CARTESIAN_POINT ( 'NONE',  ( 350.0000119999999697, 51.47427559237154071, -196.4509060527627184 ) ) ;
#1754 = EDGE_CURVE ( 'NONE', #3058, #1820, #819, .T. ) ;
#1755 = DIRECTION ( 'NONE',  ( -0.000000000000000000, -0.000000000000000000, -1.000000000000000000 ) ) ;
#1756 = VERTEX_POINT ( 'NONE', #1778 ) ;
#1757 = CARTESIAN_POINT ( 'NONE',  ( 31.89227307562280700, 37.53449224963159736, 275.0000000000000000 ) ) ;
#1758 = ORIENTED_EDGE ( 'NONE', *, *, #3742, .F. ) ;
#1759 = LINE ( 'NONE', #4059, #2208 ) ;
#1760 = ADVANCED_FACE ( 'NONE', ( #1852 ), #204, .F. ) ;
#1761 = AXIS2_PLACEMENT_3D ( 'NONE', #1850, #1774, #4112 ) ;
#1762 = DIRECTION ( 'NONE',  ( 0.000000000000000000, 0.000000000000000000, 1.000000000000000000 ) ) ;
#1763 = VECTOR ( 'NONE', #1661, 1000.000000000000000 ) ;
#1764 = EDGE_CURVE ( 'NONE', #3020, #4048, #168, .T. ) ;
#1765 = AXIS2_PLACEMENT_3D ( 'NONE', #3421, #3843, #2794 ) ;
#1766 = EDGE_LOOP ( 'NONE', ( #3273, #4204, #3805, #3583 ) ) ;
#1767 = CARTESIAN_POINT ( 'NONE',  ( -25.41668463387203403, 15.00000000000000000, -260.0000000000000000 ) ) ;
#1768 = VECTOR ( 'NONE', #27, 1000.000000000000000 ) ;
#1769 = CARTESIAN_POINT ( 'NONE',  ( -194.0541496106488637, 30.00000000000000355, 275.0000000000000000 ) ) ;
#1770 = ADVANCED_FACE ( 'NONE', ( #2143 ), #1532, .T. ) ;
#1771 = COORDINATED_UNIVERSAL_TIME_OFFSET ( 1, 0, .AHEAD. ) ;
#1772 = LINE ( 'NONE', #2447, #4181 ) ;
#1773 = DIRECTION ( 'NONE',  ( 0.000000000000000000, 0.000000000000000000, -1.000000000000000000 ) ) ;
#1774 = DIRECTION ( 'NONE',  ( -0.000000000000000000, -1.000000000000000000, -0.000000000000000000 ) ) ;
#1775 = ORIENTED_EDGE ( 'NONE', *, *, #3969, .F. ) ;
#1776 = DIRECTION ( 'NONE',  ( -0.000000000000000000, -1.000000000000000000, 0.000000000000000000 ) ) ;
#1777 = ORIENTED_EDGE ( 'NONE', *, *, #3430, .T. ) ;
#1778 = CARTESIAN_POINT ( 'NONE',  ( -160.9999999999999716, 30.00000000000000000, -291.8469422204054808 ) ) ;
#1779 = LINE ( 'NONE', #85, #900 ) ;
#1780 = EDGE_LOOP ( 'NONE', ( #2280, #2341, #1758, #818 ) ) ;
#1781 = DIRECTION ( 'NONE',  ( -1.000000000000000000, 0.000000000000000000, 0.000000000000000000 ) ) ;
#1782 = ORIENTED_EDGE ( 'NONE', *, *, #2303, .F. ) ;
#1783 = DIRECTION ( 'NONE',  ( -1.000000000000000000, 0.000000000000000000, 0.000000000000000000 ) ) ;
#1784 = DIRECTION ( 'NONE',  ( -0.000000000000000000, -0.000000000000000000, -1.000000000000000000 ) ) ;
#1785 = EDGE_LOOP ( 'NONE', ( #1481, #3754, #3270, #683 ) ) ;
#1786 = ADVANCED_FACE ( 'NONE', ( #492 ), #149, .T. ) ;
#1787 = FACE_OUTER_BOUND ( 'NONE', #3683, .T. ) ;
#1788 = DIRECTION ( 'NONE',  ( 1.000000000000000000, 0.000000000000000000, 0.000000000000000000 ) ) ;
#1789 = LINE ( 'NONE', #4088, #616 ) ;
#1790 = EDGE_CURVE ( 'NONE', #2996, #1594, #2839, .T. ) ;
#1791 = EDGE_CURVE ( 'NONE', #3134, #1311, #3491, .T. ) ;
#1792 = VECTOR ( 'NONE', #2911, 1000.000000000000000 ) ;
#1793 = VECTOR ( 'NONE', #1334, 1000.000000000000000 ) ;
#1794 = DIRECTION ( 'NONE',  ( -1.000000000000000000, 0.000000000000000000, -0.000000000000000000 ) ) ;
#1795 = ORIENTED_EDGE ( 'NONE', *, *, #2018, .T. ) ;
#1796 = DIRECTION ( 'NONE',  ( -1.000000000000000000, 0.000000000000000000, 0.000000000000000000 ) ) ;
#1797 = ORIENTED_EDGE ( 'NONE', *, *, #3461, .T. ) ;
#1798 = CARTESIAN_POINT ( 'NONE',  ( 31.89227307562280700, 62.46550775036840975, -260.0000000000000000 ) ) ;
#1799 = VECTOR ( 'NONE', #4160, 1000.000000000000000 ) ;
#1800 = LINE ( 'NONE', #3187, #3881 ) ;
#1801 = ORIENTED_EDGE ( 'NONE', *, *, #1972, .T. ) ;
#1802 = ORIENTED_EDGE ( 'NONE', *, *, #2090, .T. ) ;
#1803 = ORIENTED_EDGE ( 'NONE', *, *, #2560, .F. ) ;
#1804 = DIRECTION ( 'NONE',  ( 0.000000000000000000, 1.000000000000000000, 0.000000000000000000 ) ) ;
#1805 = LINE ( 'NONE', #2808, #2442 ) ;
#1806 = EDGE_CURVE ( 'NONE', #1979, #1237, #1455, .T. ) ;
#1807 = AXIS2_PLACEMENT_3D ( 'NONE', #1411, #3130, #2126 ) ;
#1808 = EDGE_LOOP ( 'NONE', ( #1729, #1152, #3913, #1217 ) ) ;
#1809 = CARTESIAN_POINT ( 'NONE',  ( -273.3654762541850118, 55.00000000000000000, -97.53072466251744288 ) ) ;
#1810 = VECTOR ( 'NONE', #3340, 1000.000000000000000 ) ;
#1811 = DIRECTION ( 'NONE',  ( 1.000000000000000000, 0.000000000000000000, 0.000000000000000000 ) ) ;
#1812 = VECTOR ( 'NONE', #2301, 1000.000000000000000 ) ;
#1813 = PERSON_AND_ORGANIZATION ( #3156, #79 ) ;
#1814 = VECTOR ( 'NONE', #1862, 1000.000000000000000 ) ;
#1815 = CYLINDRICAL_SURFACE ( 'NONE', #1761, 40.00000000000000711 ) ;
#1816 = CYLINDRICAL_SURFACE ( 'NONE', #3594, 19.05414961064888502 ) ;
#1817 = ORIENTED_EDGE ( 'NONE', *, *, #3423, .F. ) ;
#1818 = CARTESIAN_POINT ( 'NONE',  ( 0.000000000000000000, 55.00000000000000000, 0.000000000000000000 ) ) ;
#1819 = DIRECTION ( 'NONE',  ( 0.000000000000000000, 0.000000000000000000, -1.000000000000000000 ) ) ;
#1820 = VERTEX_POINT ( 'NONE', #2162 ) ;
#1821 = ORIENTED_EDGE ( 'NONE', *, *, #1197, .F. ) ;
#1822 = EDGE_CURVE ( 'NONE', #894, #4032, #511, .T. ) ;
#1823 = ORIENTED_EDGE ( 'NONE', *, *, #3125, .T. ) ;
#1824 = CARTESIAN_POINT ( 'NONE',  ( 178.7050723411340414, 36.42776134176983760, -100.0000000000000000 ) ) ;
#1825 = DIRECTION ( 'NONE',  ( 1.000000000000000000, 0.000000000000000000, -0.000000000000000000 ) ) ;
#1826 = ORIENTED_EDGE ( 'NONE', *, *, #2484, .T. ) ;
#1827 = ORIENTED_EDGE ( 'NONE', *, *, #2798, .T. ) ;
#1828 = DIRECTION ( 'NONE',  ( 0.000000000000000000, 0.000000000000000000, 1.000000000000000000 ) ) ;
#1829 = CIRCLE ( 'NONE', #2382, 19.05414961064888502 ) ;
#1830 = CARTESIAN_POINT ( 'NONE',  ( 25.41668463387203403, 29.47716878215687331, 275.0000000000000000 ) ) ;
#1831 = AXIS2_PLACEMENT_3D ( 'NONE', #3303, #3328, #3995 ) ;
#1832 = AXIS2_PLACEMENT_3D ( 'NONE', #1495, #126, #2471 ) ;
#1833 = PLANE ( 'NONE',  #3218 ) ;
#1834 = DIRECTION ( 'NONE',  ( 1.000000000000000000, -0.000000000000000000, 0.000000000000000000 ) ) ;
#1835 = ADVANCED_FACE ( 'NONE', ( #2779 ), #878, .T. ) ;
#1836 = CARTESIAN_POINT ( 'NONE',  ( 350.0000119999999697, 51.47427559237154071, 211.4509060527627753 ) ) ;
#1837 = CARTESIAN_POINT ( 'NONE',  ( 25.41668463387203403, 29.47716878215687331, -245.0000000000000284 ) ) ;
#1838 = ORIENTED_EDGE ( 'NONE', *, *, #3699, .F. ) ;
#1839 = VERTEX_POINT ( 'NONE', #1798 ) ;
#1840 = ORIENTED_EDGE ( 'NONE', *, *, #3606, .F. ) ;
#1841 = PLANE ( 'NONE',  #957 ) ;
#1842 = EDGE_CURVE ( 'NONE', #310, #3497, #4173, .T. ) ;
#1843 = DIRECTION ( 'NONE',  ( 1.000000000000000000, -0.000000000000000000, -0.000000000000000000 ) ) ;
#1844 = EDGE_CURVE ( 'NONE', #16, #1594, #1126, .T. ) ;
#1845 = ORIENTED_EDGE ( 'NONE', *, *, #3849, .F. ) ;
#1846 = ORIENTED_EDGE ( 'NONE', *, *, #2679, .F. ) ;
#1847 = CARTESIAN_POINT ( 'NONE',  ( 350.0000000000000000, 80.00000000000000000, 235.0000000000000284 ) ) ;
#1848 = CARTESIAN_POINT ( 'NONE',  ( 350.0000000000000000, 28.52572440762845929, -235.0000000000000284 ) ) ;
#1849 = ADVANCED_FACE ( 'NONE', ( #469 ), #1935, .T. ) ;
#1850 = CARTESIAN_POINT ( 'NONE',  ( -310.0000000000000568, 80.00000000000000000, 235.0000000000000284 ) ) ;
#1851 = CARTESIAN_POINT ( 'NONE',  ( 350.0000000000000000, 51.47427559237154071, -196.4509060527627184 ) ) ;
#1852 = FACE_OUTER_BOUND ( 'NONE', #3055, .T. ) ;
#1853 = CIRCLE ( 'NONE', #4003, 42.50000000000000711 ) ;
#1854 = AXIS2_PLACEMENT_3D ( 'NONE', #508, #1834, #1672 ) ;
#1855 = EDGE_CURVE ( 'NONE', #690, #1927, #1916, .T. ) ;
#1856 = CARTESIAN_POINT ( 'NONE',  ( -25.41668463387203403, 7.460168080204088170, -245.0000000000000284 ) ) ;
#1857 = ORIENTED_EDGE ( 'NONE', *, *, #4013, .F. ) ;
#1858 = CARTESIAN_POINT ( 'NONE',  ( -186.7499198884499094, 15.00000000000000000, -275.0000000000000000 ) ) ;
#1859 = AXIS2_PLACEMENT_3D ( 'NONE', #156, #556, #1517 ) ;
#1860 = VERTEX_POINT ( 'NONE', #4258 ) ;
#1861 = CARTESIAN_POINT ( 'NONE',  ( 334.9999999999999432, 51.47427559237154071, -148.5490939472373668 ) ) ;
#1862 = DIRECTION ( 'NONE',  ( 0.000000000000000000, 0.000000000000000000, 1.000000000000000000 ) ) ;
#1863 = ADVANCED_FACE ( 'NONE', ( #899, #2305 ), #2610, .F. ) ;
#1864 = ORIENTED_EDGE ( 'NONE', *, *, #3008, .F. ) ;
#1865 = ORIENTED_EDGE ( 'NONE', *, *, #4150, .T. ) ;
#1866 = FACE_BOUND ( 'NONE', #2995, .T. ) ;
#1867 = FACE_OUTER_BOUND ( 'NONE', #2340, .T. ) ;
#1868 = ORIENTED_EDGE ( 'NONE', *, *, #1225, .T. ) ;
#1869 = VECTOR ( 'NONE', #3934, 1000.000000000000000 ) ;
#1870 = VECTOR ( 'NONE', #1372, 1000.000000000000000 ) ;
#1871 = DIRECTION ( 'NONE',  ( 0.000000000000000000, 0.000000000000000000, -1.000000000000000000 ) ) ;
#1872 = LINE ( 'NONE', #1204, #825 ) ;
#1873 = AXIS2_PLACEMENT_3D ( 'NONE', #662, #1662, #15 ) ;
#1874 = EDGE_CURVE ( 'NONE', #3625, #1908, #569, .T. ) ;
#1875 = CARTESIAN_POINT ( 'NONE',  ( -175.0000000000000000, 30.00000000000000000, 291.8469422204054808 ) ) ;
#1876 = DIRECTION ( 'NONE',  ( -1.000000000000000000, 0.000000000000000000, 0.000000000000000000 ) ) ;
#1877 = ORIENTED_EDGE ( 'NONE', *, *, #1969, .T. ) ;
#1878 = EDGE_CURVE ( 'NONE', #453, #680, #3268, .T. ) ;
#1879 = CARTESIAN_POINT ( 'NONE',  ( -310.0000000000001137, 80.00000000000000000, -235.0000000000000284 ) ) ;
#1880 = FACE_OUTER_BOUND ( 'NONE', #1785, .T. ) ;
#1881 = ADVANCED_FACE ( 'NONE', ( #1307 ), #3206, .T. ) ;
#1882 = ORIENTED_EDGE ( 'NONE', *, *, #3757, .F. ) ;
#1883 = PLANE ( 'NONE',  #1995 ) ;
#1884 = CARTESIAN_POINT ( 'NONE',  ( 179.2065075214463548, 30.00000000000000000, -275.0000000000000000 ) ) ;
#1885 = ORIENTED_EDGE ( 'NONE', *, *, #3339, .F. ) ;
#1886 = ADVANCED_FACE ( 'NONE', ( #981 ), #4278, .F. ) ;
#1887 = ORIENTED_EDGE ( 'NONE', *, *, #2931, .F. ) ;
#1888 = DIRECTION ( 'NONE',  ( -1.000000000000000000, 0.000000000000000000, 0.000000000000000000 ) ) ;
#1889 = DIRECTION ( 'NONE',  ( 0.000000000000000000, 0.000000000000000000, 1.000000000000000000 ) ) ;
#1890 = ADVANCED_FACE ( 'NONE', ( #1954 ), #227, .F. ) ;
#1891 = ORIENTED_EDGE ( 'NONE', *, *, #3525, .F. ) ;
#1892 = EDGE_CURVE ( 'NONE', #1963, #4107, #1552, .T. ) ;
#1893 = VECTOR ( 'NONE', #778, 1000.000000000000000 ) ;
#1894 = EDGE_CURVE ( 'NONE', #1979, #4157, #4219, .T. ) ;
#1895 = VECTOR ( 'NONE', #3060, 1000.000000000000000 ) ;
#1896 = LINE ( 'NONE', #3612, #3696 ) ;
#1897 = DIRECTION ( 'NONE',  ( 0.000000000000000000, 0.000000000000000000, 1.000000000000000000 ) ) ;
#1898 = DIRECTION ( 'NONE',  ( 0.000000000000000000, -0.000000000000000000, -1.000000000000000000 ) ) ;
#1899 = CIRCLE ( 'NONE', #2247, 19.05414961064888502 ) ;
#1900 = PLANE ( 'NONE',  #2704 ) ;
#1901 = ORIENTED_EDGE ( 'NONE', *, *, #3013, .T. ) ;
#1902 = DIRECTION ( 'NONE',  ( -1.000000000000000000, 0.000000000000000000, 0.000000000000000000 ) ) ;
#1903 = DIRECTION ( 'NONE',  ( 1.000000000000000000, 0.000000000000000000, 0.000000000000000000 ) ) ;
#1904 = ORIENTED_EDGE ( 'NONE', *, *, #2159, .T. ) ;
#1905 = DIRECTION ( 'NONE',  ( -1.000000000000000000, 0.000000000000000000, -0.000000000000000000 ) ) ;
#1906 = DIRECTION ( 'NONE',  ( 0.000000000000000000, 0.000000000000000000, 1.000000000000000000 ) ) ;
#1907 = ORIENTED_EDGE ( 'NONE', *, *, #76, .F. ) ;
#1908 = VERTEX_POINT ( 'NONE', #2920 ) ;
#1909 = DIRECTION ( 'NONE',  ( 0.000000000000000000, -0.000000000000000000, -1.000000000000000000 ) ) ;
#1910 = PLANE ( 'NONE',  #2286 ) ;
#1911 = EDGE_CURVE ( 'NONE', #566, #3153, #247, .T. ) ;
#1912 = VERTEX_POINT ( 'NONE', #3573 ) ;
#1913 = FACE_OUTER_BOUND ( 'NONE', #44, .T. ) ;
#1914 = EDGE_CURVE ( 'NONE', #4113, #1820, #4240, .T. ) ;
#1915 = FACE_OUTER_BOUND ( 'NONE', #3109, .T. ) ;
#1916 = LINE ( 'NONE', #3226, #927 ) ;
#1917 = DIRECTION ( 'NONE',  ( 1.000000000000000000, 0.000000000000000000, 0.000000000000000000 ) ) ;
#1918 = ORIENTED_EDGE ( 'NONE', *, *, #298, .T. ) ;
#1919 = LINE ( 'NONE', #3249, #3351 ) ;
#1920 = PLANE ( 'NONE',  #1515 ) ;
#1921 = VERTEX_POINT ( 'NONE', #2246 ) ;
#1922 = LINE ( 'NONE', #3274, #370 ) ;
#1923 = DIRECTION ( 'NONE',  ( 0.000000000000000000, 1.000000000000000000, -0.000000000000000000 ) ) ;
#1924 = CIRCLE ( 'NONE', #886, 19.05414961064888502 ) ;
#1925 = VERTEX_POINT ( 'NONE', #2880 ) ;
#1926 = VECTOR ( 'NONE', #2358, 1000.000000000000000 ) ;
#1927 = VERTEX_POINT ( 'NONE', #4197 ) ;
#1928 = ORIENTED_EDGE ( 'NONE', *, *, #2062, .F. ) ;
#1929 = DIRECTION ( 'NONE',  ( 1.000000000000000000, 0.000000000000000000, 0.000000000000000000 ) ) ;
#1930 = EDGE_CURVE ( 'NONE', #2861, #3902, #3872, .T. ) ;
#1931 = CARTESIAN_POINT ( 'NONE',  ( 334.9999999999999432, 80.00000000000000000, -235.0000000000000284 ) ) ;
#1932 = ORIENTED_EDGE ( 'NONE', *, *, #573, .T. ) ;
#1933 = VECTOR ( 'NONE', #3954, 1000.000000000000000 ) ;
#1934 = LINE ( 'NONE', #1567, #506 ) ;
#1935 = PLANE ( 'NONE',  #100 ) ;
#1936 = CIRCLE ( 'NONE', #3610, 42.50000000000000711 ) ;
#1937 = DIRECTION ( 'NONE',  ( 1.000000000000000000, -0.000000000000000000, -0.000000000000000000 ) ) ;
#1938 = ORIENTED_EDGE ( 'NONE', *, *, #1609, .F. ) ;
#1939 = VECTOR ( 'NONE', #2169, 1000.000000000000000 ) ;
#1940 = DIRECTION ( 'NONE',  ( -1.000000000000000000, 0.000000000000000000, 0.000000000000000000 ) ) ;
#1941 = DIRECTION ( 'NONE',  ( -0.000000000000000000, -1.000000000000000000, -0.000000000000000000 ) ) ;
#1942 = ORIENTED_EDGE ( 'NONE', *, *, #3430, .F. ) ;
#1943 = CARTESIAN_POINT ( 'NONE',  ( -158.1187928666629716, 60.00000000000000000, -241.8469422204054808 ) ) ;
#1944 = DIRECTION ( 'NONE',  ( -0.000000000000000000, -0.000000000000000000, -1.000000000000000000 ) ) ;
#1945 = PRODUCT_DEFINITION_FORMATION_WITH_SPECIFIED_SOURCE ( 'ANY', '', #657, .NOT_KNOWN. ) ;
#1946 = EDGE_CURVE ( 'NONE', #3665, #145, #1569, .T. ) ;
#1947 = VERTEX_POINT ( 'NONE', #589 ) ;
#1948 = VERTEX_POINT ( 'NONE', #939 ) ;
#1949 = VERTEX_POINT ( 'NONE', #608 ) ;
#1950 = DIRECTION ( 'NONE',  ( -1.000000000000000000, 0.000000000000000000, 0.000000000000000000 ) ) ;
#1951 = PLANE ( 'NONE',  #3755 ) ;
#1952 = ORIENTED_EDGE ( 'NONE', *, *, #3179, .F. ) ;
#1953 = LINE ( 'NONE', #545, #2936 ) ;
#1954 = FACE_OUTER_BOUND ( 'NONE', #67, .T. ) ;
#1955 = VECTOR ( 'NONE', #1699, 1000.000000000000000 ) ;
#1956 = VECTOR ( 'NONE', #801, 1000.000000000000000 ) ;
#1957 = VECTOR ( 'NONE', #2304, 1000.000000000000000 ) ;
#1958 = EDGE_CURVE ( 'NONE', #1948, #3133, #3089, .T. ) ;
#1959 = DIRECTION ( 'NONE',  ( 0.000000000000000000, -1.000000000000000000, 0.000000000000000000 ) ) ;
#1960 = ORIENTED_EDGE ( 'NONE', *, *, #980, .T. ) ;
#1961 = CARTESIAN_POINT ( 'NONE',  ( 350.0000000000000000, 28.52572440762845929, -148.5490939472373668 ) ) ;
#1962 = DIRECTION ( 'NONE',  ( 0.000000000000000000, 0.000000000000000000, -1.000000000000000000 ) ) ;
#1963 = VERTEX_POINT ( 'NONE', #1427 ) ;
#1964 = CARTESIAN_POINT ( 'NONE',  ( 309.9999999999998863, 80.00000000000000000, 235.0000000000000284 ) ) ;
#1965 = VECTOR ( 'NONE', #963, 1000.000000000000000 ) ;
#1966 = DIRECTION ( 'NONE',  ( 1.000000000000000000, 0.000000000000000000, 0.000000000000000000 ) ) ;
#1967 = ORIENTED_EDGE ( 'NONE', *, *, #1822, .T. ) ;
#1968 = ORIENTED_EDGE ( 'NONE', *, *, #1930, .F. ) ;
#1969 = EDGE_CURVE ( 'NONE', #986, #1949, #101, .T. ) ;
#1970 = ORIENTED_EDGE ( 'NONE', *, *, #3324, .T. ) ;
#1971 = DIRECTION ( 'NONE',  ( -0.000000000000000000, 0.000000000000000000, -1.000000000000000000 ) ) ;
#1972 = EDGE_CURVE ( 'NONE', #1756, #3865, #2046, .T. ) ;
#1973 = LINE ( 'NONE', #282, #552 ) ;
#1974 = ORIENTED_EDGE ( 'NONE', *, *, #3240, .F. ) ;
#1975 = DIRECTION ( 'NONE',  ( 0.000000000000000000, 0.000000000000000000, -1.000000000000000000 ) ) ;
#1976 = CARTESIAN_POINT ( 'NONE',  ( 31.89227307562280700, 62.46550775036840975, 291.8479422204054572 ) ) ;
#1977 = EDGE_CURVE ( 'NONE', #1066, #890, #4068, .T. ) ;
#1978 = CARTESIAN_POINT ( 'NONE',  ( -258.3749599442248837, 95.00000000000000000, -142.5307246625174287 ) ) ;
#1979 = VERTEX_POINT ( 'NONE', #3372 ) ;
#1980 = DIRECTION ( 'NONE',  ( 0.000000000000000000, -1.000000000000000000, -0.000000000000000000 ) ) ;
#1981 = DIRECTION ( 'NONE',  ( 0.000000000000000000, -0.000000000000000000, -1.000000000000000000 ) ) ;
#1982 = EDGE_LOOP ( 'NONE', ( #86, #3490, #1077, #1033, #2367, #2276 ) ) ;
#1983 = DIRECTION ( 'NONE',  ( 0.000000000000000000, -1.000000000000000000, 0.000000000000000000 ) ) ;
#1984 = CARTESIAN_POINT ( 'NONE',  ( -310.0000000000001137, 15.00000000000000000, -100.0000000000000000 ) ) ;
#1985 = ORIENTED_EDGE ( 'NONE', *, *, #4167, .F. ) ;
#1986 = ORIENTED_EDGE ( 'NONE', *, *, #4159, .T. ) ;
#1987 = ORIENTED_EDGE ( 'NONE', *, *, #2387, .T. ) ;
#1988 = DIRECTION ( 'NONE',  ( -1.000000000000000000, 0.000000000000000000, -0.000000000000000000 ) ) ;
#1989 = DIRECTION ( 'NONE',  ( 0.000000000000000000, -1.000000000000000000, 0.000000000000000000 ) ) ;
#1990 = AXIS2_PLACEMENT_3D ( 'NONE', #1223, #2879, #1994 ) ;
#1991 = EDGE_CURVE ( 'NONE', #2184, #2323, #3653, .T. ) ;
#1992 = VECTOR ( 'NONE', #3451, 1000.000000000000000 ) ;
#1993 = EDGE_LOOP ( 'NONE', ( #3278, #367, #1891, #3472 ) ) ;
#1994 = DIRECTION ( 'NONE',  ( 0.000000000000000000, 0.000000000000000000, -1.000000000000000000 ) ) ;
#1995 = AXIS2_PLACEMENT_3D ( 'NONE', #2457, #3802, #827 ) ;
#1996 = AXIS2_PLACEMENT_3D ( 'NONE', #472, #2474, #2146 ) ;
#1997 = DIRECTION ( 'NONE',  ( -0.000000000000000000, 1.000000000000000000, 0.000000000000000000 ) ) ;
#1998 = EDGE_CURVE ( 'NONE', #2454, #1066, #3634, .T. ) ;
#1999 = CYLINDRICAL_SURFACE ( 'NONE', #3432, 19.05414961064888502 ) ;
#2000 = CARTESIAN_POINT ( 'NONE',  ( -310.0000000000001137, 80.00000000000000000, -275.0000000000000000 ) ) ;
#2001 = DIRECTION ( 'NONE',  ( 0.000000000000000000, 0.000000000000000000, -1.000000000000000000 ) ) ;
#2002 = ORIENTED_EDGE ( 'NONE', *, *, #1790, .T. ) ;
#2003 = DIRECTION ( 'NONE',  ( -1.000000000000000000, 0.000000000000000000, 0.000000000000000000 ) ) ;
#2004 = FACE_OUTER_BOUND ( 'NONE', #1512, .T. ) ;
#2005 = VERTEX_POINT ( 'NONE', #1355 ) ;
#2006 = CIRCLE ( 'NONE', #1115, 19.05414961064888502 ) ;
#2007 = CARTESIAN_POINT ( 'NONE',  ( -31.89227307562286740, 37.53449224963159736, 275.0000000000000000 ) ) ;
#2008 = LINE ( 'NONE', #4005, #1595 ) ;
#2009 = VECTOR ( 'NONE', #3790, 1000.000000000000000 ) ;
#2010 = DIRECTION ( 'NONE',  ( 0.000000000000000000, 1.000000000000000000, 0.000000000000000000 ) ) ;
#2011 = EDGE_LOOP ( 'NONE', ( #1345, #1293, #1803, #1845 ) ) ;
#2012 = ORIENTED_EDGE ( 'NONE', *, *, #1219, .F. ) ;
#2013 = ORIENTED_EDGE ( 'NONE', *, *, #1698, .F. ) ;
#2014 = PLANE ( 'NONE',  #198 ) ;
#2015 = CIRCLE ( 'NONE', #1045, 24.99999999999999289 ) ;
#2016 = LINE ( 'NONE', #3966, #696 ) ;
#2017 = VERTEX_POINT ( 'NONE', #420 ) ;
#2018 = EDGE_CURVE ( 'NONE', #292, #621, #49, .T. ) ;
#2019 = LINE ( 'NONE', #4015, #2967 ) ;
#2020 = CARTESIAN_POINT ( 'NONE',  ( -335.0000000000000568, 51.47427559237154071, 91.45090605276273266 ) ) ;
#2021 = DIRECTION ( 'NONE',  ( 1.000000000000000000, 0.000000000000000000, 0.000000000000000000 ) ) ;
#2022 = EDGE_CURVE ( 'NONE', #1542, #2235, #1675, .T. ) ;
#2023 = FACE_BOUND ( 'NONE', #384, .T. ) ;
#2024 = EDGE_CURVE ( 'NONE', #413, #62, #1349, .T. ) ;
#2025 = DIRECTION ( 'NONE',  ( 0.000000000000000000, 0.000000000000000000, -1.000000000000000000 ) ) ;
#2026 = ORIENTED_EDGE ( 'NONE', *, *, #3908, .T. ) ;
#2027 = PLANE ( 'NONE',  #1236 ) ;
#2028 = LINE ( 'NONE', #1359, #1647 ) ;
#2029 = EDGE_LOOP ( 'NONE', ( #1215, #831 ) ) ;
#2030 = DIRECTION ( 'NONE',  ( -1.000000000000000000, 0.000000000000000000, 0.000000000000000000 ) ) ;
#2031 = LINE ( 'NONE', #2969, #1256 ) ;
#2032 = AXIS2_PLACEMENT_3D ( 'NONE', #2795, #2857, #1450 ) ;
#2033 = CARTESIAN_POINT ( 'NONE',  ( -299.8654762541850118, 57.99999999999999289, -49.53072466251744288 ) ) ;
#2034 = EDGE_LOOP ( 'NONE', ( #2140, #1733, #3066, #1877 ) ) ;
#2035 = VECTOR ( 'NONE', #273, 1000.000000000000000 ) ;
#2036 = ORIENTED_EDGE ( 'NONE', *, *, #2018, .F. ) ;
#2037 = ORIENTED_EDGE ( 'NONE', *, *, #3884, .T. ) ;
#2038 = DIRECTION ( 'NONE',  ( -0.000000000000000000, -0.000000000000000000, -1.000000000000000000 ) ) ;
#2039 = CARTESIAN_POINT ( 'NONE',  ( 309.9999999999998863, 80.00000000000000000, 275.0000000000000568 ) ) ;
#2040 = ADVANCED_FACE ( 'NONE', ( #395 ), #651, .F. ) ;
#2041 = EDGE_LOOP ( 'NONE', ( #3502, #2219, #2909, #218 ) ) ;
#2042 = FACE_OUTER_BOUND ( 'NONE', #3656, .T. ) ;
#2043 = DIRECTION ( 'NONE',  ( 1.000000000000000000, 0.000000000000000000, 0.000000000000000000 ) ) ;
#2044 = ADVANCED_FACE ( 'NONE', ( #3399, #746, #1330, #3077, #352 ), #7, .T. ) ;
#2045 = DIRECTION ( 'NONE',  ( 0.000000000000000000, 0.000000000000000000, 1.000000000000000000 ) ) ;
#2046 = LINE ( 'NONE', #374, #103 ) ;
#2047 = EDGE_CURVE ( 'NONE', #413, #950, #726, .T. ) ;
#2048 = DIRECTION ( 'NONE',  ( 0.000000000000000000, -0.000000000000000000, -1.000000000000000000 ) ) ;
#2049 = VERTEX_POINT ( 'NONE', #2727 ) ;
#2050 = FACE_OUTER_BOUND ( 'NONE', #2403, .T. ) ;
#2051 = CARTESIAN_POINT ( 'NONE',  ( -31.89227307562281766, 62.46550775036840975, -260.0000000000000000 ) ) ;
#2052 = ORIENTED_EDGE ( 'NONE', *, *, #2073, .F. ) ;
#2053 = FACE_BOUND ( 'NONE', #4284, .T. ) ;
#2054 = CARTESIAN_POINT ( 'NONE',  ( -104.6270177182934162, 75.00000000000000000, -178.5658364145832024 ) ) ;
#2055 = DIRECTION ( 'NONE',  ( 0.000000000000000000, -1.000000000000000000, 0.000000000000000000 ) ) ;
#2056 = VERTEX_POINT ( 'NONE', #4044 ) ;
#2057 = ORIENTED_EDGE ( 'NONE', *, *, #3266, .T. ) ;
#2058 = ORIENTED_EDGE ( 'NONE', *, *, #3263, .T. ) ;
#2059 = CARTESIAN_POINT ( 'NONE',  ( -175.0000000000000000, 30.00000000000000000, -241.8469422204054808 ) ) ;
#2060 = CARTESIAN_POINT ( 'NONE',  ( -335.0000000000000568, 28.52572440762845929, -28.54909394723731353 ) ) ;
#2061 = ORIENTED_EDGE ( 'NONE', *, *, #3932, .T. ) ;
#2062 = EDGE_CURVE ( 'NONE', #92, #413, #1899, .T. ) ;
#2063 = CARTESIAN_POINT ( 'NONE',  ( 31.89227307562280700, 37.53449224963159736, -275.0000000000000000 ) ) ;
#2064 = AXIS2_PLACEMENT_3D ( 'NONE', #3280, #1668, #1909 ) ;
#2065 = VECTOR ( 'NONE', #1162, 1000.000000000000000 ) ;
#2066 = DIRECTION ( 'NONE',  ( -0.000000000000000000, -1.000000000000000000, -0.000000000000000000 ) ) ;
#2067 = AXIS2_PLACEMENT_3D ( 'NONE', #3344, #113, #3111 ) ;
#2068 = PERSON_AND_ORGANIZATION_ROLE ( 'design_supplier' ) ;
#2069 = DIRECTION ( 'NONE',  ( 1.000000000000000000, 0.000000000000000000, 0.000000000000000000 ) ) ;
#2070 = VECTOR ( 'NONE', #1941, 1000.000000000000000 ) ;
#2071 = EDGE_CURVE ( 'NONE', #781, #1460, #3976, .T. ) ;
#2072 = CARTESIAN_POINT ( 'NONE',  ( 350.0000000000000000, 80.00000000000000000, 235.0000000000000284 ) ) ;
#2073 = EDGE_CURVE ( 'NONE', #2499, #319, #1402, .T. ) ;
#2074 = DIRECTION ( 'NONE',  ( -0.000000000000000000, -0.000000000000000000, -1.000000000000000000 ) ) ;
#2075 = ORIENTED_EDGE ( 'NONE', *, *, #2112, .T. ) ;
#2076 = CARTESIAN_POINT ( 'NONE',  ( 104.6270177182934162, 75.00000000000000000, 178.5658364145832024 ) ) ;
#2077 = CARTESIAN_POINT ( 'NONE',  ( 350.0000119999999697, 51.47427559237154071, -148.5490939472373668 ) ) ;
#2078 = ORIENTED_EDGE ( 'NONE', *, *, #1262, .F. ) ;
#2079 = DIRECTION ( 'NONE',  ( 1.000000000000000000, 0.000000000000000000, -1.387778780781444492E-15 ) ) ;
#2080 = DIRECTION ( 'NONE',  ( 0.000000000000000000, 0.000000000000000000, -1.000000000000000000 ) ) ;
#2081 = LINE ( 'NONE', #4031, #4155 ) ;
#2082 = VERTEX_POINT ( 'NONE', #676 ) ;
#2083 = CIRCLE ( 'NONE', #3400, 19.05414961064888502 ) ;
#2084 = EDGE_LOOP ( 'NONE', ( #40, #3252 ) ) ;
#2085 = ORIENTED_EDGE ( 'NONE', *, *, #3441, .T. ) ;
#2086 = CARTESIAN_POINT ( 'NONE',  ( 25.41668463387203403, 29.47716878215687331, -245.0000000000000284 ) ) ;
#2087 = DIRECTION ( 'NONE',  ( 0.000000000000000000, -1.000000000000000000, 0.000000000000000000 ) ) ;
#2088 = VECTOR ( 'NONE', #1324, 1000.000000000000000 ) ;
#2089 = ADVANCED_FACE ( 'NONE', ( #3329, #3676, #2023, #1074, #3350 ), #1697, .T. ) ;
#2090 = EDGE_CURVE ( 'NONE', #1475, #1921, #445, .T. ) ;
#2091 = VERTEX_POINT ( 'NONE', #2097 ) ;
#2092 = CIRCLE ( 'NONE', #4, 42.50000000000000711 ) ;
#2093 = DIRECTION ( 'NONE',  ( -0.000000000000000000, -0.000000000000000000, 1.000000000000000000 ) ) ;
#2094 = CARTESIAN_POINT ( 'NONE',  ( 334.9999999999999432, 51.47427559237154071, -196.4509060527627184 ) ) ;
#2095 = PERSON_AND_ORGANIZATION_ROLE ( 'design_owner' ) ;
#2096 = DIRECTION ( 'NONE',  ( 0.000000000000000000, 0.000000000000000000, -1.000000000000000000 ) ) ;
#2097 = CARTESIAN_POINT ( 'NONE',  ( -158.1187928666629716, 60.00000000000000000, 152.8541871936397456 ) ) ;
#2098 = PLANE ( 'NONE',  #2032 ) ;
#2099 = ORIENTED_EDGE ( 'NONE', *, *, #4036, .T. ) ;
#2100 = DIRECTION ( 'NONE',  ( 1.000000000000000000, 0.000000000000000000, 0.000000000000000000 ) ) ;
#2101 = ORIENTED_EDGE ( 'NONE', *, *, #1197, .T. ) ;
#2102 = DIRECTION ( 'NONE',  ( 0.000000000000000000, 1.000000000000000000, 0.000000000000000000 ) ) ;
#2103 = EDGE_CURVE ( 'NONE', #3844, #1693, #2425, .T. ) ;
#2104 = LINE ( 'NONE', #3410, #1810 ) ;
#2105 = ORIENTED_EDGE ( 'NONE', *, *, #166, .T. ) ;
#2106 = ORIENTED_EDGE ( 'NONE', *, *, #217, .F. ) ;
#2107 = VERTEX_POINT ( 'NONE', #776 ) ;
#2108 = CARTESIAN_POINT ( 'NONE',  ( 350.0000119999999697, 51.47427559237154071, -28.54909394723731353 ) ) ;
#2109 = VECTOR ( 'NONE', #1272, 1000.000000000000000 ) ;
#2110 = CARTESIAN_POINT ( 'NONE',  ( -25.41668463387203403, 15.00000000000000000, -235.0000000000000284 ) ) ;
#2111 = VECTOR ( 'NONE', #1382, 1000.000000000000000 ) ;
#2112 = EDGE_CURVE ( 'NONE', #3067, #3034, #3422, .T. ) ;
#2113 = ORIENTED_EDGE ( 'NONE', *, *, #955, .T. ) ;
#2114 = FACE_OUTER_BOUND ( 'NONE', #1502, .T. ) ;
#2115 = ADVANCED_FACE ( 'NONE', ( #3230 ), #1616, .F. ) ;
#2116 = AXIS2_PLACEMENT_3D ( 'NONE', #2285, #3243, #2263 ) ;
#2117 = CARTESIAN_POINT ( 'NONE',  ( 178.7050723411340414, 36.42776134176983760, -100.0000000000000000 ) ) ;
#2118 = DIRECTION ( 'NONE',  ( 1.000000000000000000, 0.000000000000000000, 0.000000000000000000 ) ) ;
#2119 = DIRECTION ( 'NONE',  ( 0.000000000000000000, -0.000000000000000000, -1.000000000000000000 ) ) ;
#2120 = CARTESIAN_POINT ( 'NONE',  ( -350.0000000000001137, 51.47427559237154071, 163.5490939472374237 ) ) ;
#2121 = EDGE_LOOP ( 'NONE', ( #714, #993, #821, #4081 ) ) ;
#2122 = CARTESIAN_POINT ( 'NONE',  ( -350.0000119999999697, 51.47427559237154071, 91.45090605276273266 ) ) ;
#2123 = VERTEX_POINT ( 'NONE', #2638 ) ;
#2124 = EDGE_CURVE ( 'NONE', #1257, #4085, #2228, .T. ) ;
#2125 = FACE_OUTER_BOUND ( 'NONE', #3708, .T. ) ;
#2126 = DIRECTION ( 'NONE',  ( -1.000000000000000000, 0.000000000000000000, 0.000000000000000000 ) ) ;
#2127 = EDGE_LOOP ( 'NONE', ( #112, #3520, #2761, #1451 ) ) ;
#2128 = FACE_OUTER_BOUND ( 'NONE', #3903, .T. ) ;
#2129 = EDGE_LOOP ( 'NONE', ( #2313, #3909, #1932, #925 ) ) ;
#2130 = CARTESIAN_POINT ( 'NONE',  ( 0.000000000000000000, 57.99999999999999289, -97.53072466251742867 ) ) ;
#2131 = CARTESIAN_POINT ( 'NONE',  ( 350.0000000000000000, 51.47427559237154071, 163.5490939472374237 ) ) ;
#2132 = ORIENTED_EDGE ( 'NONE', *, *, #3401, .T. ) ;
#2133 = LINE ( 'NONE', #1466, #3523 ) ;
#2134 = DIRECTION ( 'NONE',  ( 0.000000000000000000, 0.000000000000000000, 1.000000000000000000 ) ) ;
#2135 = MECHANICAL_CONTEXT ( 'NONE', #223, 'mechanical' ) ;
#2136 = AXIS2_PLACEMENT_3D ( 'NONE', #93, #4108, #45 ) ;
#2137 = EDGE_CURVE ( 'NONE', #3922, #3232, #3554, .T. ) ;
#2138 = AXIS2_PLACEMENT_3D ( 'NONE', #164, #2488, #2469 ) ;
#2139 = CARTESIAN_POINT ( 'NONE',  ( -191.8812071333370000, 60.00000000000000000, 152.8541871936397456 ) ) ;
#2140 = ORIENTED_EDGE ( 'NONE', *, *, #3983, .F. ) ;
#2141 = DIRECTION ( 'NONE',  ( 0.000000000000000000, 0.000000000000000000, 1.000000000000000000 ) ) ;
#2142 = ORIENTED_EDGE ( 'NONE', *, *, #4183, .T. ) ;
#2143 = FACE_OUTER_BOUND ( 'NONE', #2894, .T. ) ;
#2144 = DIRECTION ( 'NONE',  ( 0.000000000000000000, -1.000000000000000000, 0.000000000000000000 ) ) ;
#2145 = ORIENTED_EDGE ( 'NONE', *, *, #3991, .T. ) ;
#2146 = DIRECTION ( 'NONE',  ( -1.000000000000000000, 0.000000000000000000, -0.000000000000000000 ) ) ;
#2147 = VERTEX_POINT ( 'NONE', #1312 ) ;
#2148 = CARTESIAN_POINT ( 'NONE',  ( -310.0000000000001137, 15.00000000000000000, 245.0000000000000284 ) ) ;
#2149 = DIRECTION ( 'NONE',  ( 0.000000000000000000, 0.000000000000000000, 1.000000000000000000 ) ) ;
#2150 = AXIS2_PLACEMENT_3D ( 'NONE', #2611, #2635, #3874 ) ;
#2151 = ORIENTED_EDGE ( 'NONE', *, *, #4287, .T. ) ;
#2152 = ORIENTED_EDGE ( 'NONE', *, *, #3359, .T. ) ;
#2153 = DIRECTION ( 'NONE',  ( -0.000000000000000000, -1.000000000000000000, -0.000000000000000000 ) ) ;
#2154 = VECTOR ( 'NONE', #4037, 1000.000000000000000 ) ;
#2155 = LINE ( 'NONE', #2482, #2009 ) ;
#2156 = EDGE_CURVE ( 'NONE', #230, #2184, #4201, .T. ) ;
#2157 = VECTOR ( 'NONE', #2149, 1000.000000000000000 ) ;
#2158 = LINE ( 'NONE', #3166, #3150 ) ;
#2159 = EDGE_CURVE ( 'NONE', #3511, #1237, #633, .T. ) ;
#2160 = PLANE ( 'NONE',  #1854 ) ;
#2161 = ORIENTED_EDGE ( 'NONE', *, *, #3073, .F. ) ;
#2162 = CARTESIAN_POINT ( 'NONE',  ( 25.41668463387203403, 15.00000000000000000, -245.0000000000000284 ) ) ;
#2163 = EDGE_CURVE ( 'NONE', #3114, #4085, #290, .T. ) ;
#2164 = CARTESIAN_POINT ( 'NONE',  ( -283.3654762541850118, 15.00000000000000000, 0.000000000000000000 ) ) ;
#2165 = ORIENTED_EDGE ( 'NONE', *, *, #3796, .T. ) ;
#2166 = ORIENTED_EDGE ( 'NONE', *, *, #3496, .T. ) ;
#2167 = VERTEX_POINT ( 'NONE', #2902 ) ;
#2168 = DIRECTION ( 'NONE',  ( 0.000000000000000000, 0.000000000000000000, 1.000000000000000000 ) ) ;
#2169 = DIRECTION ( 'NONE',  ( 1.000000000000000000, 0.000000000000000000, 0.000000000000000000 ) ) ;
#2170 = EDGE_LOOP ( 'NONE', ( #4288, #2026, #2161, #2937 ) ) ;
#2171 = ORIENTED_EDGE ( 'NONE', *, *, #211, .T. ) ;
#2172 = DIRECTION ( 'NONE',  ( 0.000000000000000000, 0.000000000000000000, 1.000000000000000000 ) ) ;
#2173 = AXIS2_PLACEMENT_3D ( 'NONE', #750, #2753, #4069 ) ;
#2174 = EDGE_CURVE ( 'NONE', #1925, #2645, #2613, .T. ) ;
#2175 = FACE_OUTER_BOUND ( 'NONE', #1, .T. ) ;
#2176 = AXIS2_PLACEMENT_3D ( 'NONE', #1674, #3675, #394 ) ;
#2177 = AXIS2_PLACEMENT_3D ( 'NONE', #3310, #3600, #617 ) ;
#2178 = ADVANCED_FACE ( 'NONE', ( #2206 ), #311, .T. ) ;
#2179 = DIRECTION ( 'NONE',  ( -0.000000000000000000, -1.000000000000000000, -0.000000000000000000 ) ) ;
#2180 = CARTESIAN_POINT ( 'NONE',  ( -25.41668463387203403, 29.47716878215687331, -245.0000000000000284 ) ) ;
#2181 = CARTESIAN_POINT ( 'NONE',  ( -191.8812071333370000, 15.00000000000000000, -152.8541871936397456 ) ) ;
#2182 = EDGE_CURVE ( 'NONE', #3819, #3964, #2291, .T. ) ;
#2183 = LINE ( 'NONE', #3510, #770 ) ;
#2184 = VERTEX_POINT ( 'NONE', #1961 ) ;
#2185 = DIRECTION ( 'NONE',  ( 0.000000000000000000, 0.000000000000000000, -1.000000000000000000 ) ) ;
#2186 = ORIENTED_EDGE ( 'NONE', *, *, #2505, .T. ) ;
#2187 = DIRECTION ( 'NONE',  ( -1.000000000000000000, 0.000000000000000000, 0.000000000000000000 ) ) ;
#2188 = CARTESIAN_POINT ( 'NONE',  ( -310.0000000000001137, 80.00000000000000000, -275.0000000000000000 ) ) ;
#2189 = ORIENTED_EDGE ( 'NONE', *, *, #1652, .T. ) ;
#2190 = DIRECTION ( 'NONE',  ( 0.000000000000000000, 0.000000000000000000, 1.000000000000000000 ) ) ;
#2191 = ORIENTED_EDGE ( 'NONE', *, *, #332, .F. ) ;
#2192 = ORIENTED_EDGE ( 'NONE', *, *, #2970, .F. ) ;
#2193 = FACE_OUTER_BOUND ( 'NONE', #1982, .T. ) ;
#2194 = DIRECTION ( 'NONE',  ( 0.000000000000000000, 0.000000000000000000, 1.000000000000000000 ) ) ;
#2195 = EDGE_CURVE ( 'NONE', #2539, #1947, #3290, .T. ) ;
#2196 = EDGE_CURVE ( 'NONE', #2056, #3688, #3081, .T. ) ;
#2197 = EDGE_CURVE ( 'NONE', #4200, #2819, #1556, .T. ) ;
#2198 = DIRECTION ( 'NONE',  ( -0.000000000000000000, 0.000000000000000000, 1.000000000000000000 ) ) ;
#2199 = CARTESIAN_POINT ( 'NONE',  ( -25.41668463387203403, 29.47716878215687331, 275.0000000000000000 ) ) ;
#2200 = DIRECTION ( 'NONE',  ( -1.000000000000000000, 0.000000000000000000, 0.000000000000000000 ) ) ;
#2201 = VECTOR ( 'NONE', #2153, 1000.000000000000000 ) ;
#2202 = VECTOR ( 'NONE', #984, 1000.000000000000000 ) ;
#2203 = EDGE_CURVE ( 'NONE', #3964, #566, #2576, .T. ) ;
#2204 = CARTESIAN_POINT ( 'NONE',  ( 309.9999999999998863, 80.00000000000000000, 235.0000000000000284 ) ) ;
#2205 = ORIENTED_EDGE ( 'NONE', *, *, #2196, .T. ) ;
#2206 = FACE_OUTER_BOUND ( 'NONE', #2681, .T. ) ;
#2207 = CARTESIAN_POINT ( 'NONE',  ( 334.9999999999999432, 28.52572440762845929, 211.4509060527627753 ) ) ;
#2208 = VECTOR ( 'NONE', #3365, 1000.000000000000000 ) ;
#2209 = ORIENTED_EDGE ( 'NONE', *, *, #3223, .F. ) ;
#2210 = FACE_OUTER_BOUND ( 'NONE', #2581, .T. ) ;
#2211 = DIRECTION ( 'NONE',  ( 0.000000000000000000, 0.000000000000000000, -1.000000000000000000 ) ) ;
#2212 = ORIENTED_EDGE ( 'NONE', *, *, #1547, .F. ) ;
#2213 = ORIENTED_EDGE ( 'NONE', *, *, #2921, .F. ) ;
#2214 = EDGE_CURVE ( 'NONE', #781, #2236, #1228, .T. ) ;
#2215 = ORIENTED_EDGE ( 'NONE', *, *, #3525, .T. ) ;
#2216 = DIRECTION ( 'NONE',  ( 0.000000000000000000, 1.000000000000000000, 0.000000000000000000 ) ) ;
#2217 = EDGE_CURVE ( 'NONE', #3718, #1475, #3896, .T. ) ;
#2218 = CARTESIAN_POINT ( 'NONE',  ( 165.1896683125565062, 30.00000000000000000, 290.0000000000000568 ) ) ;
#2219 = ORIENTED_EDGE ( 'NONE', *, *, #2024, .T. ) ;
#2220 = VECTOR ( 'NONE', #3493, 1000.000000000000000 ) ;
#2221 = VECTOR ( 'NONE', #2585, 1000.000000000000000 ) ;
#2222 = CARTESIAN_POINT ( 'NONE',  ( -104.6270177182934162, 15.00000000000000000, -178.5658364145832024 ) ) ;
#2223 = LINE ( 'NONE', #3323, #3735 ) ;
#2224 = VECTOR ( 'NONE', #789, 1000.000000000000000 ) ;
#2225 = CARTESIAN_POINT ( 'NONE',  ( -163.2500801115500622, 15.00000000000000000, -275.0000000000000000 ) ) ;
#2226 = PLANE ( 'NONE',  #484 ) ;
#2227 = VERTEX_POINT ( 'NONE', #593 ) ;
#2228 = LINE ( 'NONE', #1573, #999 ) ;
#2229 = CARTESIAN_POINT ( 'NONE',  ( -25.41668463387203403, 29.47716878215687331, -275.0000000000000000 ) ) ;
#2230 = EDGE_LOOP ( 'NONE', ( #3988, #3079 ) ) ;
#2231 = CARTESIAN_POINT ( 'NONE',  ( 165.1896683125565062, 30.00000000000000000, 100.0000000000000000 ) ) ;
#2232 = EDGE_CURVE ( 'NONE', #521, #2227, #1919, .T. ) ;
#2233 = PLANE ( 'NONE',  #1120 ) ;
#2234 = VERTEX_POINT ( 'NONE', #1596 ) ;
#2235 = VERTEX_POINT ( 'NONE', #2924 ) ;
#2236 = VERTEX_POINT ( 'NONE', #4243 ) ;
#2237 = CARTESIAN_POINT ( 'NONE',  ( -335.0000000000000568, 51.47427559237154071, 211.4509060527627753 ) ) ;
#2238 = CARTESIAN_POINT ( 'NONE',  ( -191.8812071333370000, 60.00000000000000000, 241.8469422204054808 ) ) ;
#2239 = EDGE_CURVE ( 'NONE', #4123, #781, #2589, .T. ) ;
#2240 = APPROVAL ( #141, 'UNSPECIFIED' ) ;
#2241 = ORIENTED_EDGE ( 'NONE', *, *, #1477, .F. ) ;
#2242 = VECTOR ( 'NONE', #422, 1000.000000000000000 ) ;
#2243 = AXIS2_PLACEMENT_3D ( 'NONE', #1011, #3730, #2384 ) ;
#2244 = LINE ( 'NONE', #4257, #1613 ) ;
#2245 = CARTESIAN_POINT ( 'NONE',  ( 178.7050723411340414, 36.42776134176983760, -100.0000000000000000 ) ) ;
#2246 = CARTESIAN_POINT ( 'NONE',  ( 193.2233467303361749, 30.00000000000000000, 100.0000000000000000 ) ) ;
#2247 = AXIS2_PLACEMENT_3D ( 'NONE', #2984, #1027, #2654 ) ;
#2248 = DIRECTION ( 'NONE',  ( -0.000000000000000000, -0.000000000000000000, 1.000000000000000000 ) ) ;
#2249 = ORIENTED_EDGE ( 'NONE', *, *, #2628, .F. ) ;
#2250 = EDGE_CURVE ( 'NONE', #2926, #3153, #2705, .T. ) ;
#2251 = CARTESIAN_POINT ( 'NONE',  ( 165.1896683125565062, 30.00000000000000000, 290.0000000000000568 ) ) ;
#2252 = CARTESIAN_POINT ( 'NONE',  ( 350.0000119999999697, 51.47427559237154071, -76.45090605276266160 ) ) ;
#2253 = ORIENTED_EDGE ( 'NONE', *, *, #4170, .F. ) ;
#2254 = DIRECTION ( 'NONE',  ( 0.000000000000000000, 0.000000000000000000, 1.000000000000000000 ) ) ;
#2255 = CARTESIAN_POINT ( 'NONE',  ( -310.0000000000000568, 29.47716878215687331, 260.0000000000000000 ) ) ;
#2256 = ORIENTED_EDGE ( 'NONE', *, *, #248, .T. ) ;
#2257 = ORIENTED_EDGE ( 'NONE', *, *, #1698, .T. ) ;
#2258 = ORIENTED_EDGE ( 'NONE', *, *, #2432, .T. ) ;
#2259 = PLANE ( 'NONE',  #2621 ) ;
#2260 = DIRECTION ( 'NONE',  ( 0.000000000000000000, -0.000000000000000000, 1.000000000000000000 ) ) ;
#2261 = VERTEX_POINT ( 'NONE', #1051 ) ;
#2262 = DIRECTION ( 'NONE',  ( -0.000000000000000000, 1.000000000000000000, 0.000000000000000000 ) ) ;
#2263 = DIRECTION ( 'NONE',  ( -1.000000000000000000, 0.000000000000000000, -0.000000000000000000 ) ) ;
#2264 = ADVANCED_FACE ( 'NONE', ( #354 ), #29, .T. ) ;
#2265 = DIRECTION ( 'NONE',  ( 0.000000000000000000, -0.000000000000000000, -1.000000000000000000 ) ) ;
#2266 = EDGE_LOOP ( 'NONE', ( #663, #158, #2449, #4178, #806, #1938, #3229, #3998 ) ) ;
#2267 = DIRECTION ( 'NONE',  ( 1.000000000000000000, 0.000000000000000000, 0.000000000000000000 ) ) ;
#2268 = FACE_OUTER_BOUND ( 'NONE', #2841, .T. ) ;
#2269 = VERTEX_POINT ( 'NONE', #3353 ) ;
#2270 = CARTESIAN_POINT ( 'NONE',  ( -158.1187928666629716, 60.00000000000000000, 241.8469422204054808 ) ) ;
#2271 = VECTOR ( 'NONE', #873, 1000.000000000000000 ) ;
#2272 = LINE ( 'NONE', #3516, #559 ) ;
#2273 = AXIS2_PLACEMENT_3D ( 'NONE', #1062, #2393, #410 ) ;
#2274 = EDGE_LOOP ( 'NONE', ( #3733, #2395, #2765, #2954 ) ) ;
#2275 = VECTOR ( 'NONE', #3376, 1000.000000000000000 ) ;
#2276 = ORIENTED_EDGE ( 'NONE', *, *, #672, .F. ) ;
#2277 = ORIENTED_EDGE ( 'NONE', *, *, #549, .F. ) ;
#2278 = FACE_OUTER_BOUND ( 'NONE', #2029, .T. ) ;
#2279 = DIRECTION ( 'NONE',  ( 0.000000000000000000, -1.000000000000000000, -0.000000000000000000 ) ) ;
#2280 = ORIENTED_EDGE ( 'NONE', *, *, #3401, .F. ) ;
#2281 = ADVANCED_FACE ( 'NONE', ( #3009 ), #3977, .T. ) ;
#2282 = EDGE_CURVE ( 'NONE', #906, #2017, #376, .T. ) ;
#2283 = CIRCLE ( 'NONE', #3132, 19.05414961064888502 ) ;
#2284 = DIRECTION ( 'NONE',  ( -1.000000000000000000, 0.000000000000000000, 0.000000000000000000 ) ) ;
#2285 = CARTESIAN_POINT ( 'NONE',  ( -350.0000119999999697, 51.47427559237154071, 43.54909394723738103 ) ) ;
#2286 = AXIS2_PLACEMENT_3D ( 'NONE', #976, #1283, #2260 ) ;
#2287 = EDGE_CURVE ( 'NONE', #1264, #4123, #717, .T. ) ;
#2288 = CARTESIAN_POINT ( 'NONE',  ( 31.89227307562280700, 62.46550775036840975, -275.0000000000000000 ) ) ;
#2289 = EDGE_LOOP ( 'NONE', ( #2575, #4034, #2622, #1521 ) ) ;
#2290 = VECTOR ( 'NONE', #1843, 1000.000000000000000 ) ;
#2291 = LINE ( 'NONE', #553, #2109 ) ;
#2292 = PLANE ( 'NONE',  #2768 ) ;
#2293 = EDGE_CURVE ( 'NONE', #1007, #110, #3331, .T. ) ;
#2294 = ORIENTED_EDGE ( 'NONE', *, *, #2293, .T. ) ;
#2295 = DIRECTION ( 'NONE',  ( -0.000000000000000000, 0.000000000000000000, 1.000000000000000000 ) ) ;
#2296 = DIRECTION ( 'NONE',  ( -1.000000000000000000, 0.000000000000000000, 0.000000000000000000 ) ) ;
#2297 = ORIENTED_EDGE ( 'NONE', *, *, #2124, .T. ) ;
#2298 = VERTEX_POINT ( 'NONE', #2330 ) ;
#2299 = ORIENTED_EDGE ( 'NONE', *, *, #2569, .T. ) ;
#2300 = CARTESIAN_POINT ( 'NONE',  ( -25.41668463387203403, 29.47716878215687331, 245.0000000000000284 ) ) ;
#2301 = DIRECTION ( 'NONE',  ( 0.000000000000000000, 0.000000000000000000, 1.000000000000000000 ) ) ;
#2302 = EDGE_LOOP ( 'NONE', ( #318, #3146, #408, #1618 ) ) ;
#2303 = EDGE_CURVE ( 'NONE', #111, #1337, #3832, .T. ) ;
#2304 = DIRECTION ( 'NONE',  ( -0.000000000000000000, -1.000000000000000000, -0.000000000000000000 ) ) ;
#2305 = FACE_OUTER_BOUND ( 'NONE', #207, .T. ) ;
#2306 = AXIS2_PLACEMENT_3D ( 'NONE', #144, #2179, #3102 ) ;
#2307 = VECTOR ( 'NONE', #108, 1000.000000000000000 ) ;
#2308 = VECTOR ( 'NONE', #1222, 1000.000000000000000 ) ;
#2309 = CARTESIAN_POINT ( 'NONE',  ( -310.0000000000001137, 15.00000000000000000, -260.0000000000000000 ) ) ;
#2310 = ORIENTED_EDGE ( 'NONE', *, *, #464, .F. ) ;
#2311 = DIRECTION ( 'NONE',  ( 1.000000000000000000, 0.000000000000000000, 0.000000000000000000 ) ) ;
#2312 = LINE ( 'NONE', #1636, #3182 ) ;
#2313 = ORIENTED_EDGE ( 'NONE', *, *, #3635, .T. ) ;
#2314 = DIRECTION ( 'NONE',  ( 0.000000000000000000, 0.000000000000000000, -1.000000000000000000 ) ) ;
#2315 = VECTOR ( 'NONE', #1004, 1000.000000000000000 ) ;
#2316 = EDGE_CURVE ( 'NONE', #1522, #566, #1428, .T. ) ;
#2317 = CARTESIAN_POINT ( 'NONE',  ( 350.0000000000000000, 80.00000000000000000, -235.0000000000000284 ) ) ;
#2318 = ORIENTED_EDGE ( 'NONE', *, *, #2665, .F. ) ;
#2319 = EDGE_LOOP ( 'NONE', ( #3883, #3857, #839, #1040 ) ) ;
#2320 = ORIENTED_EDGE ( 'NONE', *, *, #242, .T. ) ;
#2321 = CARTESIAN_POINT ( 'NONE',  ( 165.1896683125565062, 30.00000000000000000, -290.0000000000000568 ) ) ;
#2322 = CARTESIAN_POINT ( 'NONE',  ( -256.8654762541850118, 15.00000000000000000, -97.53072466251742867 ) ) ;
#2323 = VERTEX_POINT ( 'NONE', #3374 ) ;
#2324 = CARTESIAN_POINT ( 'NONE',  ( -104.6270177182934162, 15.00000000000000000, 178.5658364145832024 ) ) ;
#2325 = LINE ( 'NONE', #3994, #485 ) ;
#2326 = PRODUCT_DEFINITION_SHAPE ( 'NONE', 'NONE',  #1207 ) ;
#2327 = DIRECTION ( 'NONE',  ( 1.000000000000000000, 0.000000000000000000, 0.000000000000000000 ) ) ;
#2328 = CARTESIAN_POINT ( 'NONE',  ( -258.3749599442248837, 55.00000000000000000, -112.5307246625174287 ) ) ;
#2329 = EDGE_CURVE ( 'NONE', #517, #1192, #2680, .T. ) ;
#2330 = CARTESIAN_POINT ( 'NONE',  ( -335.0000000000000568, 51.47427559237154071, -76.45090605276266160 ) ) ;
#2331 = EDGE_LOOP ( 'NONE', ( #2489, #4095, #3103, #3476 ) ) ;
#2332 = CARTESIAN_POINT ( 'NONE',  ( -31.89227307562281766, 62.46550775036840975, 291.8479422204054572 ) ) ;
#2333 = DIRECTION ( 'NONE',  ( -0.000000000000000000, -0.000000000000000000, -1.000000000000000000 ) ) ;
#2334 = ORIENTED_EDGE ( 'NONE', *, *, #2197, .T. ) ;
#2335 = CARTESIAN_POINT ( 'NONE',  ( -1.353510701608797332E-13, 55.00000000000000000, -97.53072466251781236 ) ) ;
#2336 = EDGE_CURVE ( 'NONE', #890, #764, #3305, .T. ) ;
#2337 = DIRECTION ( 'NONE',  ( 0.000000000000000000, -1.000000000000000000, 0.000000000000000000 ) ) ;
#2338 = LINE ( 'NONE', #2738, #1387 ) ;
#2339 = EDGE_LOOP ( 'NONE', ( #3388, #4209, #2318, #3604 ) ) ;
#2340 = EDGE_LOOP ( 'NONE', ( #3176, #455, #2689, #3301 ) ) ;
#2341 = ORIENTED_EDGE ( 'NONE', *, *, #3302, .F. ) ;
#2342 = DIRECTION ( 'NONE',  ( -1.000000000000000000, 0.000000000000000000, 0.000000000000000000 ) ) ;
#2343 = FACE_OUTER_BOUND ( 'NONE', #3752, .T. ) ;
#2344 = VECTOR ( 'NONE', #3561, 1000.000000000000000 ) ;
#2345 = AXIS2_PLACEMENT_3D ( 'NONE', #3033, #54, #3335 ) ;
#2346 = ADVANCED_FACE ( 'NONE', ( #1029 ), #2355, .T. ) ;
#2347 = VERTEX_POINT ( 'NONE', #3725 ) ;
#2348 = DIRECTION ( 'NONE',  ( 1.000000000000000000, 0.000000000000000000, 0.000000000000000000 ) ) ;
#2349 = ADVANCED_FACE ( 'NONE', ( #51 ), #397, .T. ) ;
#2350 = VECTOR ( 'NONE', #2185, 1000.000000000000000 ) ;
#2351 = CARTESIAN_POINT ( 'NONE',  ( 334.9999999999999432, 51.47427559237154071, -28.54909394723731353 ) ) ;
#2352 = PLANE ( 'NONE',  #2176 ) ;
#2353 = CARTESIAN_POINT ( 'NONE',  ( -310.0000000000001137, 15.00000000000000000, -260.0000000000000000 ) ) ;
#2354 = CIRCLE ( 'NONE', #1807, 14.01683920888982549 ) ;
#2355 = PLANE ( 'NONE',  #3562 ) ;
#2356 = VERTEX_POINT ( 'NONE', #77 ) ;
#2357 = CARTESIAN_POINT ( 'NONE',  ( 160.1523579107974626, 30.00000000000000355, -275.0000000000000000 ) ) ;
#2358 = DIRECTION ( 'NONE',  ( 0.000000000000000000, 0.000000000000000000, 1.000000000000000000 ) ) ;
#2359 = ORIENTED_EDGE ( 'NONE', *, *, #4274, .F. ) ;
#2360 = VECTOR ( 'NONE', #181, 1000.000000000000000 ) ;
#2361 = DIRECTION ( 'NONE',  ( -1.000000000000000000, 0.000000000000000000, 0.000000000000000000 ) ) ;
#2362 = LINE ( 'NONE', #1362, #1531 ) ;
#2363 = VECTOR ( 'NONE', #3369, 1000.000000000000000 ) ;
#2364 = DIRECTION ( 'NONE',  ( -0.000000000000000000, -0.000000000000000000, 1.000000000000000000 ) ) ;
#2365 = EDGE_LOOP ( 'NONE', ( #632, #1604, #3362, #741 ) ) ;
#2366 = EDGE_LOOP ( 'NONE', ( #1080, #2186, #179, #1378 ) ) ;
#2367 = ORIENTED_EDGE ( 'NONE', *, *, #3070, .F. ) ;
#2368 = CARTESIAN_POINT ( 'NONE',  ( -155.9458503893511079, 30.00000000000000000, -275.0000000000000000 ) ) ;
#2369 = ADVANCED_FACE ( 'NONE', ( #4047 ), #1076, .F. ) ;
#2370 = AXIS2_PLACEMENT_3D ( 'NONE', #3764, #1255, #558 ) ;
#2371 = FACE_OUTER_BOUND ( 'NONE', #3367, .T. ) ;
#2372 = EDGE_LOOP ( 'NONE', ( #1700, #754 ) ) ;
#2373 = DIRECTION ( 'NONE',  ( 0.000000000000000000, 1.000000000000000000, -0.000000000000000000 ) ) ;
#2374 = EDGE_CURVE ( 'NONE', #3535, #358, #1332, .T. ) ;
#2375 = CARTESIAN_POINT ( 'NONE',  ( 334.9999999999999432, 80.00000000000000000, -235.0000000000000284 ) ) ;
#2376 = LINE ( 'NONE', #3723, #3973 ) ;
#2377 = CARTESIAN_POINT ( 'NONE',  ( -335.0000000000000568, 51.47427559237154071, 211.4509060527627753 ) ) ;
#2378 = DIRECTION ( 'NONE',  ( 0.000000000000000000, -0.000000000000000000, 1.000000000000000000 ) ) ;
#2379 = ORIENTED_EDGE ( 'NONE', *, *, #1444, .T. ) ;
#2380 = CARTESIAN_POINT ( 'NONE',  ( -350.0000119999999697, 51.47427559237154071, -76.45090605276266160 ) ) ;
#2381 = DIRECTION ( 'NONE',  ( 1.000000000000000000, 0.000000000000000000, 0.000000000000000000 ) ) ;
#2382 = AXIS2_PLACEMENT_3D ( 'NONE', #2941, #2591, #2284 ) ;
#2383 = ORIENTED_EDGE ( 'NONE', *, *, #2293, .F. ) ;
#2384 = DIRECTION ( 'NONE',  ( 0.000000000000000000, 0.000000000000000000, -1.000000000000000000 ) ) ;
#2385 = CARTESIAN_POINT ( 'NONE',  ( -350.0000000000001137, 0.000000000000000000, -235.0000000000000284 ) ) ;
#2386 = VECTOR ( 'NONE', #1975, 1000.000000000000000 ) ;
#2387 = EDGE_CURVE ( 'NONE', #4116, #2147, #3751, .T. ) ;
#2388 = CARTESIAN_POINT ( 'NONE',  ( -191.8812071333370000, 60.00000000000000000, -241.8469422204054808 ) ) ;
#2389 = ORIENTED_EDGE ( 'NONE', *, *, #3186, .T. ) ;
#2390 = VECTOR ( 'NONE', #2686, 1000.000000000000000 ) ;
#2391 = ORIENTED_EDGE ( 'NONE', *, *, #2978, .F. ) ;
#2392 = ORIENTED_EDGE ( 'NONE', *, *, #2838, .T. ) ;
#2393 = DIRECTION ( 'NONE',  ( -0.000000000000000000, -0.000000000000000000, -1.000000000000000000 ) ) ;
#2394 = LINE ( 'NONE', #4292, #2088 ) ;
#2395 = ORIENTED_EDGE ( 'NONE', *, *, #3515, .T. ) ;
#2396 = DIRECTION ( 'NONE',  ( 0.000000000000000000, 0.000000000000000000, -1.000000000000000000 ) ) ;
#2397 = DIRECTION ( 'NONE',  ( 0.000000000000000000, -1.000000000000000000, 0.000000000000000000 ) ) ;
#2398 = EDGE_CURVE ( 'NONE', #2017, #1216, #1655, .T. ) ;
#2399 = CARTESIAN_POINT ( 'NONE',  ( 178.7050723411340414, 36.42776134176983760, -100.0000000000000000 ) ) ;
#2400 = DIRECTION ( 'NONE',  ( -0.000000000000000000, -0.000000000000000000, 1.000000000000000000 ) ) ;
#2401 = CARTESIAN_POINT ( 'NONE',  ( -350.0000119999999697, 51.47427559237154071, 163.5490939472374237 ) ) ;
#2402 = CARTESIAN_POINT ( 'NONE',  ( -350.0000000000001137, 28.52572440762845929, -235.0000000000000284 ) ) ;
#2403 = EDGE_LOOP ( 'NONE', ( #107, #948, #4014, #3364 ) ) ;
#2404 = DIRECTION ( 'NONE',  ( -0.000000000000000000, 0.000000000000000000, 1.000000000000000000 ) ) ;
#2405 = CARTESIAN_POINT ( 'NONE',  ( -310.0000000000001137, 15.00000000000000000, -100.0000000000000000 ) ) ;
#2406 = ORIENTED_EDGE ( 'NONE', *, *, #308, .T. ) ;
#2407 = LINE ( 'NONE', #3035, #304 ) ;
#2408 = EDGE_CURVE ( 'NONE', #2005, #1311, #815, .T. ) ;
#2409 = ADVANCED_FACE ( 'NONE', ( #2529 ), #2098, .F. ) ;
#2410 = DIRECTION ( 'NONE',  ( -1.000000000000000000, 0.000000000000000000, -0.000000000000000000 ) ) ;
#2411 = CARTESIAN_POINT ( 'NONE',  ( -104.6270177182934162, 75.00000000000000000, 178.5658364145832024 ) ) ;
#2412 = ORIENTED_EDGE ( 'NONE', *, *, #209, .T. ) ;
#2413 = ORIENTED_EDGE ( 'NONE', *, *, #427, .T. ) ;
#2414 = VERTEX_POINT ( 'NONE', #3424 ) ;
#2415 = DIRECTION ( 'NONE',  ( 0.000000000000000000, -1.000000000000000000, -0.000000000000000000 ) ) ;
#2416 = LINE ( 'NONE', #3345, #2852 ) ;
#2417 = VERTEX_POINT ( 'NONE', #3827 ) ;
#2418 = DIRECTION ( 'NONE',  ( 0.000000000000000000, 0.000000000000000000, -1.000000000000000000 ) ) ;
#2419 = VECTOR ( 'NONE', #898, 1000.000000000000000 ) ;
#2420 = CIRCLE ( 'NONE', #2899, 14.00000000000001243 ) ;
#2421 = FACE_BOUND ( 'NONE', #902, .T. ) ;
#2422 = VECTOR ( 'NONE', #3258, 1000.000000000000000 ) ;
#2423 = DIRECTION ( 'NONE',  ( 1.000000000000000000, 0.000000000000000000, 0.000000000000000000 ) ) ;
#2424 = DIRECTION ( 'NONE',  ( -1.000000000000000000, 0.000000000000000000, 0.000000000000000000 ) ) ;
#2425 = LINE ( 'NONE', #3748, #3841 ) ;
#2426 = ADVANCED_FACE ( 'NONE', ( #3469 ), #3771, .F. ) ;
#2427 = DIRECTION ( 'NONE',  ( 0.000000000000000000, 1.000000000000000000, 0.000000000000000000 ) ) ;
#2428 = ORIENTED_EDGE ( 'NONE', *, *, #614, .F. ) ;
#2429 = LINE ( 'NONE', #3773, #1170 ) ;
#2430 = VERTEX_POINT ( 'NONE', #2506 ) ;
#2431 = CARTESIAN_POINT ( 'NONE',  ( 334.9999999999999432, 15.00000000000000000, 235.0000000000000284 ) ) ;
#2432 = EDGE_CURVE ( 'NONE', #110, #2227, #2836, .T. ) ;
#2433 = CARTESIAN_POINT ( 'NONE',  ( 334.9999999999999432, 15.00000000000000000, -235.0000000000000284 ) ) ;
#2434 = ORIENTED_EDGE ( 'NONE', *, *, #90, .T. ) ;
#2435 = AXIS2_PLACEMENT_3D ( 'NONE', #4055, #2055, #3433 ) ;
#2436 = ORIENTED_EDGE ( 'NONE', *, *, #1424, .T. ) ;
#2437 = VERTEX_POINT ( 'NONE', #857 ) ;
#2438 = DIRECTION ( 'NONE',  ( 0.000000000000000000, 0.000000000000000000, -1.000000000000000000 ) ) ;
#2439 = PLANE ( 'NONE',  #2370 ) ;
#2440 = VECTOR ( 'NONE', #602, 1000.000000000000000 ) ;
#2441 = ORIENTED_EDGE ( 'NONE', *, *, #1199, .T. ) ;
#2442 = VECTOR ( 'NONE', #519, 1000.000000000000000 ) ;
#2443 = LINE ( 'NONE', #3767, #396 ) ;
#2444 = LINE ( 'NONE', #3465, #2788 ) ;
#2445 = EDGE_CURVE ( 'NONE', #3088, #3963, #446, .T. ) ;
#2446 = PERSON_AND_ORGANIZATION ( #3156, #79 ) ;
#2447 = CARTESIAN_POINT ( 'NONE',  ( -258.3749599442248837, 95.00000000000000000, -112.5307246625174287 ) ) ;
#2448 = DIRECTION ( 'NONE',  ( 0.000000000000000000, 0.000000000000000000, 1.000000000000000000 ) ) ;
#2449 = ORIENTED_EDGE ( 'NONE', *, *, #2547, .F. ) ;
#2450 = DIRECTION ( 'NONE',  ( 0.000000000000000000, -0.000000000000000000, -1.000000000000000000 ) ) ;
#2451 = ORIENTED_EDGE ( 'NONE', *, *, #276, .F. ) ;
#2452 = CARTESIAN_POINT ( 'NONE',  ( 334.9999999999999432, 80.00000000000000000, 235.0000000000000284 ) ) ;
#2453 = CARTESIAN_POINT ( 'NONE',  ( 31.89227307562280700, 37.53449224963159736, -291.8479422204054572 ) ) ;
#2454 = VERTEX_POINT ( 'NONE', #2120 ) ;
#2455 = ORIENTED_EDGE ( 'NONE', *, *, #933, .F. ) ;
#2456 = ORIENTED_EDGE ( 'NONE', *, *, #2287, .F. ) ;
#2457 = CARTESIAN_POINT ( 'NONE',  ( 31.89227307562280700, 37.53449224963159736, -291.8479422204054572 ) ) ;
#2458 = VECTOR ( 'NONE', #1202, 1000.000000000000000 ) ;
#2459 = LINE ( 'NONE', #3785, #4099 ) ;
#2460 = CIRCLE ( 'NONE', #2243, 25.00000000000002132 ) ;
#2461 = ORIENTED_EDGE ( 'NONE', *, *, #3143, .T. ) ;
#2462 = DIRECTION ( 'NONE',  ( 0.000000000000000000, 0.000000000000000000, -1.000000000000000000 ) ) ;
#2463 = VECTOR ( 'NONE', #286, 1000.000000000000000 ) ;
#2464 = ADVANCED_FACE ( 'NONE', ( #797 ), #1833, .T. ) ;
#2465 = DIRECTION ( 'NONE',  ( -0.000000000000000000, 1.000000000000000000, -0.000000000000000000 ) ) ;
#2466 = CARTESIAN_POINT ( 'NONE',  ( -175.0000000000000000, 30.00000000000000000, -260.0000000000000000 ) ) ;
#2467 = CARTESIAN_POINT ( 'NONE',  ( -175.0000000000000000, 30.00000000000000000, -260.0000000000000000 ) ) ;
#2468 = ORIENTED_EDGE ( 'NONE', *, *, #4142, .T. ) ;
#2469 = DIRECTION ( 'NONE',  ( 1.000000000000000000, 0.000000000000000000, -0.000000000000000000 ) ) ;
#2470 = ORIENTED_EDGE ( 'NONE', *, *, #3186, .F. ) ;
#2471 = DIRECTION ( 'NONE',  ( 0.000000000000000000, 0.000000000000000000, -1.000000000000000000 ) ) ;
#2472 = CARTESIAN_POINT ( 'NONE',  ( 0.000000000000000000, 0.000000000000000000, 245.0000000000000284 ) ) ;
#2473 = ORIENTED_EDGE ( 'NONE', *, *, #813, .T. ) ;
#2474 = DIRECTION ( 'NONE',  ( 0.000000000000000000, 0.000000000000000000, -1.000000000000000000 ) ) ;
#2475 = ORIENTED_EDGE ( 'NONE', *, *, #3129, .T. ) ;
#2476 = LINE ( 'NONE', #499, #892 ) ;
#2477 = ADVANCED_FACE ( 'NONE', ( #507 ), #1815, .T. ) ;
#2478 = CARTESIAN_POINT ( 'NONE',  ( 25.41668463387203403, 15.00000000000000000, 260.0000000000000000 ) ) ;
#2479 = ORIENTED_EDGE ( 'NONE', *, *, #3227, .T. ) ;
#2480 = ORIENTED_EDGE ( 'NONE', *, *, #1397, .T. ) ;
#2481 = CARTESIAN_POINT ( 'NONE',  ( -350.0000119999999697, 51.47427559237154071, 163.5490939472374237 ) ) ;
#2482 = CARTESIAN_POINT ( 'NONE',  ( -189.0000000000000000, 30.00000000000000000, -291.8469422204054808 ) ) ;
#2483 = ADVANCED_FACE ( 'NONE', ( #465 ), #1182, .T. ) ;
#2484 = EDGE_CURVE ( 'NONE', #2510, #894, #1143, .T. ) ;
#2485 = AXIS2_PLACEMENT_3D ( 'NONE', #414, #1442, #3394 ) ;
#2486 = VECTOR ( 'NONE', #1658, 1000.000000000000000 ) ;
#2487 = DIRECTION ( 'NONE',  ( 0.000000000000000000, 0.000000000000000000, -1.000000000000000000 ) ) ;
#2488 = DIRECTION ( 'NONE',  ( 0.000000000000000000, 0.000000000000000000, 1.000000000000000000 ) ) ;
#2489 = ORIENTED_EDGE ( 'NONE', *, *, #1336, .T. ) ;
#2490 = DIRECTION ( 'NONE',  ( 0.000000000000000000, 0.000000000000000000, 1.000000000000000000 ) ) ;
#2491 = CARTESIAN_POINT ( 'NONE',  ( 31.89227307562280700, 62.46550775036840975, 260.0000000000000000 ) ) ;
#2492 = ORIENTED_EDGE ( 'NONE', *, *, #2784, .F. ) ;
#2493 = EDGE_CURVE ( 'NONE', #3503, #3981, #2586, .T. ) ;
#2494 = DIRECTION ( 'NONE',  ( 0.000000000000000000, 0.000000000000000000, -1.000000000000000000 ) ) ;
#2495 = EDGE_LOOP ( 'NONE', ( #1151, #3317 ) ) ;
#2496 = CARTESIAN_POINT ( 'NONE',  ( -335.0000000000000568, 51.47427559237154071, -76.45090605276266160 ) ) ;
#2497 = CARTESIAN_POINT ( 'NONE',  ( -158.1187928666629716, 60.00000000000000000, -241.8469422204054808 ) ) ;
#2498 = VECTOR ( 'NONE', #2397, 1000.000000000000000 ) ;
#2499 = VERTEX_POINT ( 'NONE', #122 ) ;
#2500 = EDGE_CURVE ( 'NONE', #4116, #4157, #2158, .T. ) ;
#2501 = DIRECTION ( 'NONE',  ( -0.000000000000000000, -1.000000000000000000, -0.000000000000000000 ) ) ;
#2502 = VECTOR ( 'NONE', #3325, 1000.000000000000000 ) ;
#2503 = LINE ( 'NONE', #1830, #71 ) ;
#2504 = AXIS2_PLACEMENT_3D ( 'NONE', #2827, #500, #477 ) ;
#2505 = EDGE_CURVE ( 'NONE', #2082, #4200, #3792, .T. ) ;
#2506 = CARTESIAN_POINT ( 'NONE',  ( 104.6270177182934162, 75.00000000000000000, -178.5658364145832024 ) ) ;
#2507 = DIRECTION ( 'NONE',  ( 0.000000000000000000, -0.000000000000000000, 1.000000000000000000 ) ) ;
#2508 = DIRECTION ( 'NONE',  ( 0.000000000000000000, 0.000000000000000000, -1.000000000000000000 ) ) ;
#2509 = CARTESIAN_POINT ( 'NONE',  ( 350.0000000000000000, 51.47427559237154071, 43.54909394723738103 ) ) ;
#2510 = VERTEX_POINT ( 'NONE', #3183 ) ;
#2511 = CARTESIAN_POINT ( 'NONE',  ( 309.9999999999998863, 15.00000000000000000, 260.0000000000000568 ) ) ;
#2512 = VERTEX_POINT ( 'NONE', #201 ) ;
#2513 = CYLINDRICAL_SURFACE ( 'NONE', #2834, 42.50000000000000711 ) ;
#2514 = DIRECTION ( 'NONE',  ( 1.000000000000000000, 0.000000000000000000, 0.000000000000000000 ) ) ;
#2515 = EDGE_CURVE ( 'NONE', #2883, #4245, #1529, .T. ) ;
#2516 = VERTEX_POINT ( 'NONE', #3144 ) ;
#2517 = DIRECTION ( 'NONE',  ( 0.000000000000000000, 0.000000000000000000, -1.000000000000000000 ) ) ;
#2518 = ORIENTED_EDGE ( 'NONE', *, *, #1135, .F. ) ;
#2519 = ORIENTED_EDGE ( 'NONE', *, *, #2806, .F. ) ;
#2520 = PLANE ( 'NONE',  #2833 ) ;
#2521 = AXIS2_PLACEMENT_3D ( 'NONE', #2467, #2487, #4171 ) ;
#2522 = EDGE_CURVE ( 'NONE', #1921, #1475, #2732, .T. ) ;
#2523 = LINE ( 'NONE', #3825, #772 ) ;
#2524 = VECTOR ( 'NONE', #3784, 1000.000000000000000 ) ;
#2525 = VECTOR ( 'NONE', #2096, 1000.000000000000000 ) ;
#2526 = AXIS2_PLACEMENT_3D ( 'NONE', #2553, #251, #2884 ) ;
#2527 = EDGE_CURVE ( 'NONE', #1350, #1641, #2817, .T. ) ;
#2528 = EDGE_CURVE ( 'NONE', #1756, #922, #1267, .T. ) ;
#2529 = FACE_OUTER_BOUND ( 'NONE', #654, .T. ) ;
#2530 = FACE_BOUND ( 'NONE', #4266, .T. ) ;
#2531 = PLANE ( 'NONE',  #2871 ) ;
#2532 = LINE ( 'NONE', #1837, #4293 ) ;
#2533 = EDGE_LOOP ( 'NONE', ( #2718, #2824, #1319, #262 ) ) ;
#2534 = LINE ( 'NONE', #2596, #3933 ) ;
#2535 = EDGE_CURVE ( 'NONE', #3038, #2796, #1896, .T. ) ;
#2536 = ORIENTED_EDGE ( 'NONE', *, *, #3251, .F. ) ;
#2537 = LINE ( 'NONE', #213, #677 ) ;
#2538 = CARTESIAN_POINT ( 'NONE',  ( 198.2606571320952185, 30.00000000000000000, -260.0000000000000000 ) ) ;
#2539 = VERTEX_POINT ( 'NONE', #959 ) ;
#2540 = ORIENTED_EDGE ( 'NONE', *, *, #3200, .F. ) ;
#2541 = ORIENTED_EDGE ( 'NONE', *, *, #3721, .T. ) ;
#2542 = LINE ( 'NONE', #159, #325 ) ;
#2543 = DIRECTION ( 'NONE',  ( -0.000000000000000000, -0.000000000000000000, 1.000000000000000000 ) ) ;
#2544 = ORIENTED_EDGE ( 'NONE', *, *, #3227, .F. ) ;
#2545 = CARTESIAN_POINT ( 'NONE',  ( -350.0000000000001137, 51.47427559237154071, -28.54909394723731353 ) ) ;
#2546 = DIRECTION ( 'NONE',  ( 0.000000000000000000, 0.000000000000000000, -1.000000000000000000 ) ) ;
#2547 = EDGE_CURVE ( 'NONE', #2167, #950, #1829, .T. ) ;
#2548 = DIRECTION ( 'NONE',  ( 0.000000000000000000, 0.000000000000000000, -1.000000000000000000 ) ) ;
#2549 = AXIS2_PLACEMENT_3D ( 'NONE', #3944, #1971, #1950 ) ;
#2550 = CIRCLE ( 'NONE', #3046, 40.00000000000006395 ) ;
#2551 = LINE ( 'NONE', #1614, #1933 ) ;
#2552 = VERTEX_POINT ( 'NONE', #628 ) ;
#2553 = CARTESIAN_POINT ( 'NONE',  ( 31.89227307562280700, 62.46550775036840975, 291.8479422204054572 ) ) ;
#2554 = DIRECTION ( 'NONE',  ( 1.000000000000000000, 0.000000000000000000, 0.000000000000000000 ) ) ;
#2555 = VECTOR ( 'NONE', #3022, 1000.000000000000000 ) ;
#2556 = EDGE_LOOP ( 'NONE', ( #3567, #1125, #1431, #991, #188, #2036, #4250, #1904 ) ) ;
#2557 = DIRECTION ( 'NONE',  ( 0.000000000000000000, 1.000000000000000000, 0.000000000000000000 ) ) ;
#2558 = EDGE_CURVE ( 'NONE', #2298, #1461, #1934, .T. ) ;
#2559 = CARTESIAN_POINT ( 'NONE',  ( -186.7499198884499094, 15.00000000000000000, -152.8541871936397456 ) ) ;
#2560 = EDGE_CURVE ( 'NONE', #4107, #1641, #567, .T. ) ;
#2561 = EDGE_LOOP ( 'NONE', ( #1688, #1659, #539, #1285 ) ) ;
#2562 = ORIENTED_EDGE ( 'NONE', *, *, #1433, .F. ) ;
#2563 = VERTEX_POINT ( 'NONE', #4216 ) ;
#2564 = DIRECTION ( 'NONE',  ( 0.000000000000000000, 0.000000000000000000, 1.000000000000000000 ) ) ;
#2565 = CARTESIAN_POINT ( 'NONE',  ( 179.2065075214463548, 30.00000000000000000, -275.0000000000000000 ) ) ;
#2566 = ORIENTED_EDGE ( 'NONE', *, *, #1621, .T. ) ;
#2567 = VECTOR ( 'NONE', #2944, 1000.000000000000000 ) ;
#2568 = AXIS2_PLACEMENT_3D ( 'NONE', #199, #1524, #792 ) ;
#2569 = EDGE_CURVE ( 'NONE', #3232, #3460, #1953, .T. ) ;
#2570 = CARTESIAN_POINT ( 'NONE',  ( -298.3749599442248837, 55.00000000000000000, 0.000000000000000000 ) ) ;
#2571 = CARTESIAN_POINT ( 'NONE',  ( -350.0000000000001137, 51.47427559237154071, 91.45090605276276108 ) ) ;
#2572 = AXIS2_PLACEMENT_3D ( 'NONE', #2497, #1191, #808 ) ;
#2573 = DIRECTION ( 'NONE',  ( 0.000000000000000000, 0.000000000000000000, 1.000000000000000000 ) ) ;
#2574 = LINE ( 'NONE', #961, #2567 ) ;
#2575 = ORIENTED_EDGE ( 'NONE', *, *, #1525, .F. ) ;
#2576 = LINE ( 'NONE', #942, #228 ) ;
#2577 = DIRECTION ( 'NONE',  ( -0.000000000000000000, -0.000000000000000000, 1.000000000000000000 ) ) ;
#2578 = ORIENTED_EDGE ( 'NONE', *, *, #2907, .F. ) ;
#2579 = CARTESIAN_POINT ( 'NONE',  ( 193.2233467303361749, 30.00000000000000000, 290.0000000000000568 ) ) ;
#2580 = DIRECTION ( 'NONE',  ( -1.000000000000000000, 0.000000000000000000, 0.000000000000000000 ) ) ;
#2581 = EDGE_LOOP ( 'NONE', ( #178, #1249, #468, #2690 ) ) ;
#2582 = EDGE_LOOP ( 'NONE', ( #3010, #4255, #87, #4224, #561, #2492, #1107, #3417, #1389, #4124, #1462, #1037, #914, #4145, #3795, #2428, #1968, #2756, #2519, #1494 ) ) ;
#2583 = ORIENTED_EDGE ( 'NONE', *, *, #955, .F. ) ;
#2584 = PLANE ( 'NONE',  #2064 ) ;
#2585 = DIRECTION ( 'NONE',  ( 0.000000000000000000, 0.000000000000000000, -1.000000000000000000 ) ) ;
#2586 = CIRCLE ( 'NONE', #2521, 19.05414961064888502 ) ;
#2587 = EDGE_LOOP ( 'NONE', ( #2215, #626, #1561, #3336 ) ) ;
#2588 = ADVANCED_FACE ( 'NONE', ( #1265 ), #917, .T. ) ;
#2589 = CIRCLE ( 'NONE', #1612, 19.05414961064888502 ) ;
#2590 = VECTOR ( 'NONE', #578, 1000.000000000000000 ) ;
#2591 = DIRECTION ( 'NONE',  ( 0.000000000000000000, 0.000000000000000000, -1.000000000000000000 ) ) ;
#2592 = CARTESIAN_POINT ( 'NONE',  ( 25.41668463387203403, 29.47716878215687331, 245.0000000000000284 ) ) ;
#2593 = CARTESIAN_POINT ( 'NONE',  ( -350.0000119999999697, 28.52572440762845929, -148.5490939472373668 ) ) ;
#2594 = ORIENTED_EDGE ( 'NONE', *, *, #4142, .F. ) ;
#2595 = CARTESIAN_POINT ( 'NONE',  ( 179.2065075214463548, 30.00000000000000000, -260.0000000000000000 ) ) ;
#2596 = CARTESIAN_POINT ( 'NONE',  ( -194.0541496106488637, 30.00000000000000355, -275.0000000000000000 ) ) ;
#2597 = EDGE_LOOP ( 'NONE', ( #765, #1163, #1167, #1413 ) ) ;
#2598 = CARTESIAN_POINT ( 'NONE',  ( 25.41668463387203403, 29.47716878215687331, -275.0000000000000000 ) ) ;
#2599 = CARTESIAN_POINT ( 'NONE',  ( 350.0000000000000000, 80.00000000000000000, -28.54909394723731353 ) ) ;
#2600 = EDGE_LOOP ( 'NONE', ( #4233, #3256, #1015, #3261 ) ) ;
#2601 = ORIENTED_EDGE ( 'NONE', *, *, #3380, .F. ) ;
#2602 = VERTEX_POINT ( 'NONE', #2545 ) ;
#2603 = DIRECTION ( 'NONE',  ( 1.000000000000000000, 0.000000000000000000, 0.000000000000000000 ) ) ;
#2604 = EDGE_CURVE ( 'NONE', #3511, #292, #3224, .T. ) ;
#2605 = CARTESIAN_POINT ( 'NONE',  ( -25.41668463387203403, 29.47716878215687331, -260.0000000000000000 ) ) ;
#2606 = ORIENTED_EDGE ( 'NONE', *, *, #3931, .T. ) ;
#2607 = ADVANCED_FACE ( 'NONE', ( #306 ), #244, .F. ) ;
#2608 = ADVANCED_FACE ( 'NONE', ( #285 ), #1631, .F. ) ;
#2609 = PLANE ( 'NONE',  #3157 ) ;
#2610 = PLANE ( 'NONE',  #3352 ) ;
#2611 = CARTESIAN_POINT ( 'NONE',  ( 179.2065075214463548, 30.00000000000000000, -290.0000000000000568 ) ) ;
#2612 = ORIENTED_EDGE ( 'NONE', *, *, #1718, .T. ) ;
#2613 = LINE ( 'NONE', #3576, #439 ) ;
#2614 = DIRECTION ( 'NONE',  ( 0.000000000000000000, 0.000000000000000000, 1.000000000000000000 ) ) ;
#2615 = ORIENTED_EDGE ( 'NONE', *, *, #4190, .F. ) ;
#2616 = LINE ( 'NONE', #636, #2035 ) ;
#2617 = VECTOR ( 'NONE', #1282, 1000.000000000000000 ) ;
#2618 = VECTOR ( 'NONE', #2683, 1000.000000000000000 ) ;
#2619 = CARTESIAN_POINT ( 'NONE',  ( 310.0000000000000000, 80.00000000000000000, -275.0000000000000000 ) ) ;
#2620 = EDGE_CURVE ( 'NONE', #3196, #64, #2244, .T. ) ;
#2621 = AXIS2_PLACEMENT_3D ( 'NONE', #3923, #320, #3585 ) ;
#2622 = ORIENTED_EDGE ( 'NONE', *, *, #627, .T. ) ;
#2623 = VECTOR ( 'NONE', #2494, 1000.000000000000000 ) ;
#2624 = ORIENTED_EDGE ( 'NONE', *, *, #2848, .T. ) ;
#2625 = ORIENTED_EDGE ( 'NONE', *, *, #1268, .T. ) ;
#2626 = CARTESIAN_POINT ( 'NONE',  ( -335.0000000000000568, 51.47427559237154071, 163.5490939472373952 ) ) ;
#2627 = DIRECTION ( 'NONE',  ( 0.000000000000000000, 1.000000000000000000, 0.000000000000000000 ) ) ;
#2628 = EDGE_CURVE ( 'NONE', #2261, #2414, #4276, .T. ) ;
#2629 = ORIENTED_EDGE ( 'NONE', *, *, #1028, .T. ) ;
#2630 = CIRCLE ( 'NONE', #3053, 40.00000000000006395 ) ;
#2631 = CARTESIAN_POINT ( 'NONE',  ( -155.9458503893511079, 30.00000000000000000, 275.0000000000000000 ) ) ;
#2632 = ADVANCED_FACE ( 'NONE', ( #3571, #1306, #3528, #1549, #1286 ), #2609, .T. ) ;
#2633 = DIRECTION ( 'NONE',  ( -1.000000000000000000, 0.000000000000000000, 0.000000000000000000 ) ) ;
#2634 = VECTOR ( 'NONE', #1263, 1000.000000000000000 ) ;
#2635 = DIRECTION ( 'NONE',  ( 0.000000000000000000, 0.000000000000000000, -1.000000000000000000 ) ) ;
#2636 = ORIENTED_EDGE ( 'NONE', *, *, #2856, .T. ) ;
#2637 = CIRCLE ( 'NONE', #2919, 19.05414961064888502 ) ;
#2638 = CARTESIAN_POINT ( 'NONE',  ( -299.8654762541850118, 15.00000000000000000, -97.53072466251744288 ) ) ;
#2639 = LINE ( 'NONE', #3980, #888 ) ;
#2640 = ORIENTED_EDGE ( 'NONE', *, *, #865, .T. ) ;
#2641 = CARTESIAN_POINT ( 'NONE',  ( 31.89227307562280700, 62.46550775036840975, -291.8479422204054572 ) ) ;
#2642 = LINE ( 'NONE', #2054, #3482 ) ;
#2643 = ORIENTED_EDGE ( 'NONE', *, *, #4130, .F. ) ;
#2644 = ORIENTED_EDGE ( 'NONE', *, *, #686, .F. ) ;
#2645 = VERTEX_POINT ( 'NONE', #2222 ) ;
#2646 = DIRECTION ( 'NONE',  ( -0.000000000000000000, -0.000000000000000000, 1.000000000000000000 ) ) ;
#2647 = EDGE_CURVE ( 'NONE', #1237, #1435, #3549, .T. ) ;
#2648 = DIRECTION ( 'NONE',  ( -0.000000000000000000, -1.000000000000000000, -0.000000000000000000 ) ) ;
#2649 = ORIENTED_EDGE ( 'NONE', *, *, #686, .T. ) ;
#2650 = PLANE ( 'NONE',  #1375 ) ;
#2651 = ADVANCED_FACE ( 'NONE', ( #587, #1913 ), #3241, .F. ) ;
#2652 = CARTESIAN_POINT ( 'NONE',  ( 31.89227307562280700, 62.46550775036840975, -260.0000000000000000 ) ) ;
#2653 = ADVANCED_FACE ( 'NONE', ( #3698 ), #1721, .T. ) ;
#2654 = DIRECTION ( 'NONE',  ( -1.000000000000000000, 0.000000000000000000, 0.000000000000000000 ) ) ;
#2655 = AXIS2_PLACEMENT_3D ( 'NONE', #1676, #3402, #2378 ) ;
#2656 = CIRCLE ( 'NONE', #512, 19.05414961064888502 ) ;
#2657 = EDGE_CURVE ( 'NONE', #1007, #521, #1653, .T. ) ;
#2658 = DIRECTION ( 'NONE',  ( 0.000000000000000000, -1.000000000000000000, 0.000000000000000000 ) ) ;
#2659 = ORIENTED_EDGE ( 'NONE', *, *, #1518, .F. ) ;
#2660 = PLANE ( 'NONE',  #4004 ) ;
#2661 = DIRECTION ( 'NONE',  ( -1.000000000000000000, 0.000000000000000000, 0.000000000000000000 ) ) ;
#2662 = ORIENTED_EDGE ( 'NONE', *, *, #3209, .F. ) ;
#2663 = CARTESIAN_POINT ( 'NONE',  ( 25.41668463387203403, 7.460168080204088170, 245.0000000000000284 ) ) ;
#2664 = VECTOR ( 'NONE', #3952, 1000.000000000000000 ) ;
#2665 = EDGE_CURVE ( 'NONE', #894, #680, #996, .T. ) ;
#2666 = CARTESIAN_POINT ( 'NONE',  ( 309.9999999999998863, 80.00000000000000000, 275.0000000000000568 ) ) ;
#2667 = ADVANCED_FACE ( 'NONE', ( #3028 ), #2726, .T. ) ;
#2668 = DIRECTION ( 'NONE',  ( 0.000000000000000000, 0.000000000000000000, -1.000000000000000000 ) ) ;
#2669 = VERTEX_POINT ( 'NONE', #3398 ) ;
#2670 = ORIENTED_EDGE ( 'NONE', *, *, #3717, .F. ) ;
#2671 = VERTEX_POINT ( 'NONE', #5 ) ;
#2672 = LINE ( 'NONE', #19, #748 ) ;
#2673 = LINE ( 'NONE', #1020, #208 ) ;
#2674 = ORIENTED_EDGE ( 'NONE', *, *, #2703, .F. ) ;
#2675 = DIRECTION ( 'NONE',  ( 1.000000000000000000, 0.000000000000000000, 0.000000000000000000 ) ) ;
#2676 = DIRECTION ( 'NONE',  ( -0.000000000000000000, -0.000000000000000000, 1.000000000000000000 ) ) ;
#2677 = CARTESIAN_POINT ( 'NONE',  ( -335.0000000000000568, 80.00000000000000000, -235.0000000000000284 ) ) ;
#2678 = DIRECTION ( 'NONE',  ( -0.000000000000000000, 0.000000000000000000, 1.000000000000000000 ) ) ;
#2679 = EDGE_CURVE ( 'NONE', #2017, #3922, #2376, .T. ) ;
#2680 = LINE ( 'NONE', #104, #4248 ) ;
#2681 = EDGE_LOOP ( 'NONE', ( #2544, #1241, #3452, #3442 ) ) ;
#2682 = ADVANCED_BREP_SHAPE_REPRESENTATION ( 'snoopy_house_Default_sldprt', ( #2912, #2720 ), #842 ) ;
#2683 = DIRECTION ( 'NONE',  ( 1.000000000000000000, -0.000000000000000000, 0.000000000000000000 ) ) ;
#2684 = DIRECTION ( 'NONE',  ( 0.000000000000000000, 0.000000000000000000, -1.000000000000000000 ) ) ;
#2685 = VERTEX_POINT ( 'NONE', #3652 ) ;
#2686 = DIRECTION ( 'NONE',  ( 0.000000000000000000, 0.000000000000000000, 1.000000000000000000 ) ) ;
#2687 = CARTESIAN_POINT ( 'NONE',  ( 350.0000119999999697, 51.47427559237154071, -148.5490939472373668 ) ) ;
#2688 = CARTESIAN_POINT ( 'NONE',  ( -335.0000000000000568, 28.52572440762845929, -148.5490939472373668 ) ) ;
#2689 = ORIENTED_EDGE ( 'NONE', *, *, #759, .F. ) ;
#2690 = ORIENTED_EDGE ( 'NONE', *, *, #3129, .F. ) ;
#2691 = EDGE_CURVE ( 'NONE', #1839, #2234, #3051, .T. ) ;
#2692 = EDGE_LOOP ( 'NONE', ( #2804, #3772, #844, #317 ) ) ;
#2693 = CARTESIAN_POINT ( 'NONE',  ( 350.0000000000000000, 28.52572440762845929, 91.45090605276276108 ) ) ;
#2694 = CC_DESIGN_DATE_AND_TIME_ASSIGNMENT ( #3722, #483, ( #1207 ) ) ;
#2695 = DIRECTION ( 'NONE',  ( 0.000000000000000000, 0.000000000000000000, 1.000000000000000000 ) ) ;
#2696 = AXIS2_PLACEMENT_3D ( 'NONE', #1743, #68, #2766 ) ;
#2697 = VECTOR ( 'NONE', #3426, 1000.000000000000000 ) ;
#2698 = ORIENTED_EDGE ( 'NONE', *, *, #2156, .T. ) ;
#2699 = PLANE ( 'NONE',  #3807 ) ;
#2700 = CARTESIAN_POINT ( 'NONE',  ( -191.8812071333370000, 60.00000000000000000, -241.8469422204054808 ) ) ;
#2701 = DIRECTION ( 'NONE',  ( 1.000000000000000000, 0.000000000000000000, 0.000000000000000000 ) ) ;
#2702 = DIRECTION ( 'NONE',  ( -1.000000000000000000, 0.000000000000000000, 0.000000000000000000 ) ) ;
#2703 = EDGE_CURVE ( 'NONE', #551, #409, #99, .T. ) ;
#2704 = AXIS2_PLACEMENT_3D ( 'NONE', #591, #4241, #249 ) ;
#2705 = LINE ( 'NONE', #1749, #3006 ) ;
#2706 = VERTEX_POINT ( 'NONE', #1374 ) ;
#2707 = DIRECTION ( 'NONE',  ( 1.000000000000000000, 0.000000000000000000, 0.000000000000000000 ) ) ;
#2708 = LINE ( 'NONE', #2051, #1722 ) ;
#2709 = EDGE_LOOP ( 'NONE', ( #2566, #3813, #1150, #3878 ) ) ;
#2710 = VECTOR ( 'NONE', #1997, 1000.000000000000000 ) ;
#2711 = PLANE ( 'NONE',  #722 ) ;
#2712 = UNCERTAINTY_MEASURE_WITH_UNIT (LENGTH_MEASURE( 1.000000000000000082E-05 ), #462, 'distance_accuracy_value', 'NONE');
#2713 = DIRECTION ( 'NONE',  ( 0.000000000000000000, -1.000000000000000000, 0.000000000000000000 ) ) ;
#2714 = VECTOR ( 'NONE', #3338, 1000.000000000000000 ) ;
#2715 = FACE_OUTER_BOUND ( 'NONE', #1297, .T. ) ;
#2716 = ORIENTED_EDGE ( 'NONE', *, *, #1547, .T. ) ;
#2717 = ORIENTED_EDGE ( 'NONE', *, *, #116, .T. ) ;
#2718 = ORIENTED_EDGE ( 'NONE', *, *, #1219, .T. ) ;
#2719 = CARTESIAN_POINT ( 'NONE',  ( 25.41668463387203403, 7.460168080204088170, 245.0000000000000284 ) ) ;
#2720 = AXIS2_PLACEMENT_3D ( 'NONE', #1720, #1160, #2423 ) ;
#2721 = CARTESIAN_POINT ( 'NONE',  ( -335.0000000000000568, 28.52572440762845929, 91.45090605276273266 ) ) ;
#2722 = ORIENTED_EDGE ( 'NONE', *, *, #3983, .T. ) ;
#2723 = CARTESIAN_POINT ( 'NONE',  ( 310.0000000000000000, 80.00000000000000000, -235.0000000000000284 ) ) ;
#2724 = LINE ( 'NONE', #2351, #2846 ) ;
#2725 = ADVANCED_FACE ( 'NONE', ( #26 ), #1999, .F. ) ;
#2726 = CYLINDRICAL_SURFACE ( 'NONE', #3701, 14.00000000000001243 ) ;
#2727 = CARTESIAN_POINT ( 'NONE',  ( -335.0000000000000568, 28.52572440762845929, 163.5490939472374237 ) ) ;
#2728 = DIRECTION ( 'NONE',  ( -1.000000000000000000, 0.000000000000000000, 0.000000000000000000 ) ) ;
#2729 = VERTEX_POINT ( 'NONE', #1072 ) ;
#2730 = DIRECTION ( 'NONE',  ( -1.000000000000000000, 0.000000000000000000, 0.000000000000000000 ) ) ;
#2731 = CARTESIAN_POINT ( 'NONE',  ( -186.7499198884499094, 15.00000000000000000, -241.8469422204054808 ) ) ;
#2732 = CIRCLE ( 'NONE', #2869, 14.01683920888982549 ) ;
#2733 = ORIENTED_EDGE ( 'NONE', *, *, #1452, .F. ) ;
#2734 = DIRECTION ( 'NONE',  ( 0.000000000000000000, 0.000000000000000000, 1.000000000000000000 ) ) ;
#2735 = VECTOR ( 'NONE', #2079, 1000.000000000000000 ) ;
#2736 = DIRECTION ( 'NONE',  ( 0.000000000000000000, -1.000000000000000000, 0.000000000000000000 ) ) ;
#2737 = VECTOR ( 'NONE', #745, 1000.000000000000000 ) ;
#2738 = CARTESIAN_POINT ( 'NONE',  ( 104.6270177182934162, 15.00000000000000000, -178.5658364145832024 ) ) ;
#2739 = ORIENTED_EDGE ( 'NONE', *, *, #1525, .T. ) ;
#2740 = VECTOR ( 'NONE', #4141, 1000.000000000000000 ) ;
#2741 = ORIENTED_EDGE ( 'NONE', *, *, #849, .T. ) ;
#2742 = VERTEX_POINT ( 'NONE', #4020 ) ;
#2743 = CARTESIAN_POINT ( 'NONE',  ( 104.6270177182934162, 75.00000000000000000, -178.5658364145832024 ) ) ;
#2744 = DIRECTION ( 'NONE',  ( -1.000000000000000000, 0.000000000000000000, -0.000000000000000000 ) ) ;
#2745 = EDGE_LOOP ( 'NONE', ( #1404, #962, #278, #3793, #532, #466 ) ) ;
#2746 = EDGE_CURVE ( 'NONE', #2499, #39, #3349, .T. ) ;
#2747 = DIRECTION ( 'NONE',  ( 0.000000000000000000, 0.000000000000000000, 1.000000000000000000 ) ) ;
#2748 = PLANE ( 'NONE',  #619 ) ;
#2749 = DIRECTION ( 'NONE',  ( 0.000000000000000000, -1.000000000000000000, 0.000000000000000000 ) ) ;
#2750 = EDGE_CURVE ( 'NONE', #949, #82, #3633, .T. ) ;
#2751 = DIRECTION ( 'NONE',  ( -0.000000000000000000, -0.000000000000000000, 1.000000000000000000 ) ) ;
#2752 = EDGE_CURVE ( 'NONE', #1963, #1350, #1354, .T. ) ;
#2753 = DIRECTION ( 'NONE',  ( 0.000000000000000000, -1.000000000000000000, 0.000000000000000000 ) ) ;
#2754 = EDGE_LOOP ( 'NONE', ( #238, #2253, #1689, #2101 ) ) ;
#2755 = DIRECTION ( 'NONE',  ( 0.000000000000000000, 0.000000000000000000, -1.000000000000000000 ) ) ;
#2756 = ORIENTED_EDGE ( 'NONE', *, *, #884, .F. ) ;
#2757 = DIRECTION ( 'NONE',  ( -1.000000000000000000, 0.000000000000000000, 0.000000000000000000 ) ) ;
#2758 = DIRECTION ( 'NONE',  ( 0.000000000000000000, 0.000000000000000000, -1.000000000000000000 ) ) ;
#2759 = ORIENTED_EDGE ( 'NONE', *, *, #3320, .T. ) ;
#2760 = ORIENTED_EDGE ( 'NONE', *, *, #2196, .F. ) ;
#2761 = ORIENTED_EDGE ( 'NONE', *, *, #1629, .F. ) ;
#2762 = CARTESIAN_POINT ( 'NONE',  ( 179.2065075214463548, 30.00000000000000000, 290.0000000000000568 ) ) ;
#2763 = CARTESIAN_POINT ( 'NONE',  ( -155.9458503893511079, 30.00000000000000000, -260.0000000000000000 ) ) ;
#2764 = EDGE_CURVE ( 'NONE', #3152, #1537, #350, .T. ) ;
#2765 = ORIENTED_EDGE ( 'NONE', *, *, #4203, .T. ) ;
#2766 = DIRECTION ( 'NONE',  ( 0.000000000000000000, -0.000000000000000000, -1.000000000000000000 ) ) ;
#2767 = AXIS2_PLACEMENT_3D ( 'NONE', #2851, #1196, #1888 ) ;
#2768 = AXIS2_PLACEMENT_3D ( 'NONE', #682, #1679, #1981 ) ;
#2769 = DIRECTION ( 'NONE',  ( 1.000000000000000000, 0.000000000000000000, 0.000000000000000000 ) ) ;
#2770 = VECTOR ( 'NONE', #3668, 1000.000000000000000 ) ;
#2771 = DIRECTION ( 'NONE',  ( 0.000000000000000000, 0.000000000000000000, 1.000000000000000000 ) ) ;
#2772 = CARTESIAN_POINT ( 'NONE',  ( -350.0000000000001137, 28.52572440762845929, -196.4509060527627184 ) ) ;
#2773 = CARTESIAN_POINT ( 'NONE',  ( 179.2065075214463548, 30.00000000000000000, 100.0000000000000000 ) ) ;
#2774 = ADVANCED_FACE ( 'NONE', ( #3951 ), #2352, .F. ) ;
#2775 = CARTESIAN_POINT ( 'NONE',  ( 0.000000000000000000, 57.99999999999999289, -49.53072466251744288 ) ) ;
#2776 = ORIENTED_EDGE ( 'NONE', *, *, #2691, .T. ) ;
#2777 = FACE_OUTER_BOUND ( 'NONE', #1513, .T. ) ;
#2778 = VERTEX_POINT ( 'NONE', #2631 ) ;
#2779 = FACE_OUTER_BOUND ( 'NONE', #1993, .T. ) ;
#2780 = CARTESIAN_POINT ( 'NONE',  ( 25.41668463387203403, 80.00000000000000000, -260.0000000000000000 ) ) ;
#2781 = VERTEX_POINT ( 'NONE', #979 ) ;
#2782 = VECTOR ( 'NONE', #1385, 1000.000000000000000 ) ;
#2783 = EDGE_LOOP ( 'NONE', ( #3659, #586, #1846, #3297 ) ) ;
#2784 = EDGE_CURVE ( 'NONE', #1582, #4048, #1003, .T. ) ;
#2785 = ORIENTED_EDGE ( 'NONE', *, *, #287, .F. ) ;
#2786 = CARTESIAN_POINT ( 'NONE',  ( -350.0000000000001137, 80.00000000000000000, 235.0000000000000284 ) ) ;
#2787 = CARTESIAN_POINT ( 'NONE',  ( -158.1187928666629716, 15.00000000000000000, 152.8541871936397172 ) ) ;
#2788 = VECTOR ( 'NONE', #4149, 1000.000000000000000 ) ;
#2789 = ORIENTED_EDGE ( 'NONE', *, *, #877, .T. ) ;
#2790 = VECTOR ( 'NONE', #2999, 1000.000000000000000 ) ;
#2791 = DIRECTION ( 'NONE',  ( 0.000000000000000000, 0.000000000000000000, -1.000000000000000000 ) ) ;
#2792 = LINE ( 'NONE', #1159, #3198 ) ;
#2793 = APPROVAL_STATUS ( 'not_yet_approved' ) ;
#2794 = DIRECTION ( 'NONE',  ( 1.000000000000000000, 0.000000000000000000, 0.000000000000000000 ) ) ;
#2795 = CARTESIAN_POINT ( 'NONE',  ( 104.6270177182934162, 75.00000000000000000, -178.5658364145832024 ) ) ;
#2796 = VERTEX_POINT ( 'NONE', #1049 ) ;
#2797 = PLANE ( 'NONE',  #2835 ) ;
#2798 = EDGE_CURVE ( 'NONE', #3175, #3082, #301, .T. ) ;
#2799 = VERTEX_POINT ( 'NONE', #702 ) ;
#2800 = DIRECTION ( 'NONE',  ( -1.000000000000000000, 0.000000000000000000, -0.000000000000000000 ) ) ;
#2801 = DIRECTION ( 'NONE',  ( 0.000000000000000000, 0.000000000000000000, -1.000000000000000000 ) ) ;
#2802 = EDGE_LOOP ( 'NONE', ( #2099, #2391, #1421, #362 ) ) ;
#2803 = ORIENTED_EDGE ( 'NONE', *, *, #3873, .F. ) ;
#2804 = ORIENTED_EDGE ( 'NONE', *, *, #2679, .T. ) ;
#2805 = DIRECTION ( 'NONE',  ( 0.000000000000000000, 1.000000000000000000, 0.000000000000000000 ) ) ;
#2806 = EDGE_CURVE ( 'NONE', #3981, #2516, #4253, .T. ) ;
#2807 = VECTOR ( 'NONE', #3271, 1000.000000000000000 ) ;
#2808 = CARTESIAN_POINT ( 'NONE',  ( -191.8812071333370000, 15.00000000000000000, -152.8541871936397456 ) ) ;
#2809 = EDGE_CURVE ( 'NONE', #4048, #335, #3121, .T. ) ;
#2810 = VECTOR ( 'NONE', #2200, 1000.000000000000000 ) ;
#2811 = VERTEX_POINT ( 'NONE', #794 ) ;
#2812 = ORIENTED_EDGE ( 'NONE', *, *, #1630, .T. ) ;
#2813 = DIRECTION ( 'NONE',  ( -1.000000000000000000, 0.000000000000000000, 0.000000000000000000 ) ) ;
#2814 = LINE ( 'NONE', #140, #1663 ) ;
#2815 = PERSON_AND_ORGANIZATION_ROLE ( 'classification_officer' ) ;
#2816 = ADVANCED_FACE ( 'NONE', ( #441 ), #3100, .F. ) ;
#2817 = LINE ( 'NONE', #4132, #1548 ) ;
#2818 = CARTESIAN_POINT ( 'NONE',  ( -350.0000119999999697, 28.52572440762845929, 91.45090605276273266 ) ) ;
#2819 = VERTEX_POINT ( 'NONE', #1193 ) ;
#2820 = CARTESIAN_POINT ( 'NONE',  ( -350.0000000000001137, 51.47427559237154071, 211.4509060527628037 ) ) ;
#2821 = EDGE_CURVE ( 'NONE', #1394, #1136, #645, .T. ) ;
#2822 = CARTESIAN_POINT ( 'NONE',  ( -191.8812071333370000, 60.00000000000000000, -241.8469422204054808 ) ) ;
#2823 = VERTEX_POINT ( 'NONE', #2772 ) ;
#2824 = ORIENTED_EDGE ( 'NONE', *, *, #3302, .T. ) ;
#2825 = EDGE_LOOP ( 'NONE', ( #2649, #592, #3575, #1441 ) ) ;
#2826 = LINE ( 'NONE', #1213, #2524 ) ;
#2827 = CARTESIAN_POINT ( 'NONE',  ( -310.0000000000000568, 80.00000000000000000, 260.0000000000000000 ) ) ;
#2828 = EDGE_CURVE ( 'NONE', #2356, #2437, #1065, .T. ) ;
#2829 = ORIENTED_EDGE ( 'NONE', *, *, #35, .T. ) ;
#2830 = ORIENTED_EDGE ( 'NONE', *, *, #1790, .F. ) ;
#2831 = DIRECTION ( 'NONE',  ( 0.000000000000000000, 0.000000000000000000, 1.000000000000000000 ) ) ;
#2832 = PLANE ( 'NONE',  #3059 ) ;
#2833 = AXIS2_PLACEMENT_3D ( 'NONE', #3163, #2813, #2564 ) ;
#2834 = AXIS2_PLACEMENT_3D ( 'NONE', #1824, #518, #3135 ) ;
#2835 = AXIS2_PLACEMENT_3D ( 'NONE', #2122, #3489, #2507 ) ;
#2836 = LINE ( 'NONE', #837, #793 ) ;
#2837 = LINE ( 'NONE', #799, #264 ) ;
#2838 = EDGE_CURVE ( 'NONE', #292, #4116, #1772, .T. ) ;
#2839 = LINE ( 'NONE', #4154, #795 ) ;
#2840 = CARTESIAN_POINT ( 'NONE',  ( -191.8812071333370000, 15.00000000000000000, -152.8541871936397456 ) ) ;
#2841 = EDGE_LOOP ( 'NONE', ( #2803, #3255, #3616, #2057 ) ) ;
#2842 = CARTESIAN_POINT ( 'NONE',  ( 334.9999999999999432, 80.00000000000000000, 235.0000000000000284 ) ) ;
#2843 = ORIENTED_EDGE ( 'NONE', *, *, #2239, .F. ) ;
#2844 = CARTESIAN_POINT ( 'NONE',  ( 350.0000000000000000, 80.00000000000000000, -76.45090605276266160 ) ) ;
#2845 = CARTESIAN_POINT ( 'NONE',  ( -335.0000000000000568, 28.52572440762845929, 43.54909394723738103 ) ) ;
#2846 = VECTOR ( 'NONE', #699, 1000.000000000000000 ) ;
#2847 = ORIENTED_EDGE ( 'NONE', *, *, #200, .F. ) ;
#2848 = EDGE_CURVE ( 'NONE', #61, #2261, #1789, .T. ) ;
#2849 = EDGE_LOOP ( 'NONE', ( #2468, #2541, #3775, #3208 ) ) ;
#2850 = ORIENTED_EDGE ( 'NONE', *, *, #211, .F. ) ;
#2851 = CARTESIAN_POINT ( 'NONE',  ( -175.0000000000000000, 30.00000000000000000, 291.8469422204054808 ) ) ;
#2852 = VECTOR ( 'NONE', #3739, 1000.000000000000000 ) ;
#2853 = FACE_OUTER_BOUND ( 'NONE', #1407, .T. ) ;
#2854 = VECTOR ( 'NONE', #2713, 1000.000000000000000 ) ;
#2855 = EDGE_CURVE ( 'NONE', #2049, #1066, #1446, .T. ) ;
#2856 = EDGE_CURVE ( 'NONE', #429, #1156, #2083, .T. ) ;
#2857 = DIRECTION ( 'NONE',  ( -1.000000000000000000, 0.000000000000000000, 0.000000000000000000 ) ) ;
#2858 = CARTESIAN_POINT ( 'NONE',  ( 178.7050723411340414, 36.42776134176983760, 100.0000000000000000 ) ) ;
#2859 = CARTESIAN_POINT ( 'NONE',  ( -310.0000000000001137, 80.00000000000000000, -235.0000000000000284 ) ) ;
#2860 = PLANE ( 'NONE',  #3260 ) ;
#2861 = VERTEX_POINT ( 'NONE', #3746 ) ;
#2862 = PLANE ( 'NONE',  #4277 ) ;
#2863 = EDGE_LOOP ( 'NONE', ( #2461, #2105, #2249, #603 ) ) ;
#2864 = CARTESIAN_POINT ( 'NONE',  ( 0.000000000000000000, 15.00000000000000000, 0.000000000000000000 ) ) ;
#2865 = DIRECTION ( 'NONE',  ( -0.000000000000000000, -1.000000000000000000, 0.000000000000000000 ) ) ;
#2866 = VERTEX_POINT ( 'NONE', #775 ) ;
#2867 = ORIENTED_EDGE ( 'NONE', *, *, #4194, .F. ) ;
#2868 = CYLINDRICAL_SURFACE ( 'NONE', #2767, 14.00000000000001243 ) ;
#2869 = AXIS2_PLACEMENT_3D ( 'NONE', #163, #2448, #1492 ) ;
#2870 = DIRECTION ( 'NONE',  ( 0.000000000000000000, 0.000000000000000000, -1.000000000000000000 ) ) ;
#2871 = AXIS2_PLACEMENT_3D ( 'NONE', #3509, #3453, #2800 ) ;
#2872 = AXIS2_PLACEMENT_3D ( 'NONE', #2570, #875, #1871 ) ;
#2873 = ADVANCED_FACE ( 'NONE', ( #3361 ), #762, .T. ) ;
#2874 = ORIENTED_EDGE ( 'NONE', *, *, #3223, .T. ) ;
#2875 = CALENDAR_DATE ( 2026, 21, 5 ) ;
#2876 = AXIS2_PLACEMENT_3D ( 'NONE', #2773, #443, #121 ) ;
#2877 = DIRECTION ( 'NONE',  ( 0.000000000000000000, 0.000000000000000000, -1.000000000000000000 ) ) ;
#2878 = EDGE_CURVE ( 'NONE', #2799, #2602, #2104, .T. ) ;
#2879 = DIRECTION ( 'NONE',  ( 1.000000000000000000, 0.000000000000000000, 0.000000000000000000 ) ) ;
#2880 = CARTESIAN_POINT ( 'NONE',  ( 104.6270177182934162, 15.00000000000000000, -178.5658364145832024 ) ) ;
#2881 = APPROVAL ( #222, 'UNSPECIFIED' ) ;
#2882 = CARTESIAN_POINT ( 'NONE',  ( -310.0000000000001137, 80.00000000000000000, -235.0000000000000284 ) ) ;
#2883 = VERTEX_POINT ( 'NONE', #3732 ) ;
#2884 = DIRECTION ( 'NONE',  ( -0.000000000000000000, 0.000000000000000000, -1.000000000000000000 ) ) ;
#2885 = LINE ( 'NONE', #881, #3527 ) ;
#2886 = ORIENTED_EDGE ( 'NONE', *, *, #3008, .T. ) ;
#2887 = CARTESIAN_POINT ( 'NONE',  ( -186.7499198884499094, 15.00000000000000000, -260.0000000000000000 ) ) ;
#2888 = CARTESIAN_POINT ( 'NONE',  ( -25.41668463387203403, 80.00000000000000000, 260.0000000000000000 ) ) ;
#2889 = ORIENTED_EDGE ( 'NONE', *, *, #1855, .T. ) ;
#2890 = VERTEX_POINT ( 'NONE', #4007 ) ;
#2891 = DIRECTION ( 'NONE',  ( 0.000000000000000000, 0.000000000000000000, -1.000000000000000000 ) ) ;
#2892 = ADVANCED_FACE ( 'NONE', ( #38 ), #1106, .F. ) ;
#2893 = DIRECTION ( 'NONE',  ( 0.000000000000000000, -0.000000000000000000, 1.000000000000000000 ) ) ;
#2894 = EDGE_LOOP ( 'NONE', ( #1499, #3041, #2205, #1623 ) ) ;
#2895 = DIRECTION ( 'NONE',  ( 0.000000000000000000, 0.000000000000000000, -1.000000000000000000 ) ) ;
#2896 = DIRECTION ( 'NONE',  ( 1.000000000000000000, 0.000000000000000000, 0.000000000000000000 ) ) ;
#2897 = CARTESIAN_POINT ( 'NONE',  ( -310.0000000000001137, 15.00000000000000000, -235.0000000000000284 ) ) ;
#2898 = AXIS2_PLACEMENT_3D ( 'NONE', #2723, #2373, #2418 ) ;
#2899 = AXIS2_PLACEMENT_3D ( 'NONE', #3999, #2755, #4049 ) ;
#2900 = CARTESIAN_POINT ( 'NONE',  ( -310.0000000000000568, 80.00000000000000000, 260.0000000000000000 ) ) ;
#2901 = ORIENTED_EDGE ( 'NONE', *, *, #2764, .F. ) ;
#2902 = CARTESIAN_POINT ( 'NONE',  ( 198.2606571320952185, 30.00000000000000000, 275.0000000000000000 ) ) ;
#2903 = DIRECTION ( 'NONE',  ( 0.000000000000000000, 0.000000000000000000, 1.000000000000000000 ) ) ;
#2904 = ORIENTED_EDGE ( 'NONE', *, *, #3828, .T. ) ;
#2905 = LINE ( 'NONE', #2966, #1343 ) ;
#2906 = CARTESIAN_POINT ( 'NONE',  ( -158.1187928666629716, 60.00000000000000000, 241.8469422204054808 ) ) ;
#2907 = EDGE_CURVE ( 'NONE', #1839, #3692, #687, .T. ) ;
#2908 = VERTEX_POINT ( 'NONE', #406 ) ;
#2909 = ORIENTED_EDGE ( 'NONE', *, *, #864, .T. ) ;
#2910 = ORIENTED_EDGE ( 'NONE', *, *, #4130, .T. ) ;
#2911 = DIRECTION ( 'NONE',  ( -0.000000000000000000, -0.000000000000000000, 1.000000000000000000 ) ) ;
#2912 = MANIFOLD_SOLID_BREP ( 'Boss-Extrude11', #3316 ) ;
#2913 = CARTESIAN_POINT ( 'NONE',  ( 25.41668463387203403, 15.00000000000000000, 245.0000000000000284 ) ) ;
#2914 = VECTOR ( 'NONE', #1310, 1000.000000000000000 ) ;
#2915 = ORIENTED_EDGE ( 'NONE', *, *, #4028, .F. ) ;
#2916 = VECTOR ( 'NONE', #1889, 1000.000000000000000 ) ;
#2917 = VECTOR ( 'NONE', #236, 1000.000000000000000 ) ;
#2918 = DIRECTION ( 'NONE',  ( -1.000000000000000000, 0.000000000000000000, 0.000000000000000000 ) ) ;
#2919 = AXIS2_PLACEMENT_3D ( 'NONE', #2951, #2211, #4265 ) ;
#2920 = CARTESIAN_POINT ( 'NONE',  ( 25.41668463387203403, 7.460168080204088170, 245.0000000000000284 ) ) ;
#2921 = EDGE_CURVE ( 'NONE', #216, #1925, #2338, .T. ) ;
#2922 = CARTESIAN_POINT ( 'NONE',  ( -310.0000000000001137, 15.00000000000000000, 260.0000000000000000 ) ) ;
#2923 = EDGE_LOOP ( 'NONE', ( #3705, #153, #640, #3414 ) ) ;
#2924 = CARTESIAN_POINT ( 'NONE',  ( -283.3654762541850118, 55.00000000000000000, -97.53072466251742867 ) ) ;
#2925 = CARTESIAN_POINT ( 'NONE',  ( -160.9999999999999716, 30.00000000000000000, 241.8469422204054808 ) ) ;
#2926 = VERTEX_POINT ( 'NONE', #1685 ) ;
#2927 = CARTESIAN_POINT ( 'NONE',  ( -335.0000000000000568, 51.47427559237154071, -28.54909394723731353 ) ) ;
#2928 = DIRECTION ( 'NONE',  ( 0.000000000000000000, 0.000000000000000000, -1.000000000000000000 ) ) ;
#2929 = ORIENTED_EDGE ( 'NONE', *, *, #1664, .F. ) ;
#2930 = ORIENTED_EDGE ( 'NONE', *, *, #3496, .F. ) ;
#2931 = EDGE_CURVE ( 'NONE', #2235, #2347, #361, .T. ) ;
#2932 = ORIENTED_EDGE ( 'NONE', *, *, #4238, .T. ) ;
#2933 = CARTESIAN_POINT ( 'NONE',  ( 350.0000000000000000, 28.52572440762845929, 43.54909394723738103 ) ) ;
#2934 = EDGE_CURVE ( 'NONE', #1641, #3535, #1363, .T. ) ;
#2935 = DIRECTION ( 'NONE',  ( -1.000000000000000000, 0.000000000000000000, -0.000000000000000000 ) ) ;
#2936 = VECTOR ( 'NONE', #2198, 1000.000000000000000 ) ;
#2937 = ORIENTED_EDGE ( 'NONE', *, *, #733, .F. ) ;
#2938 = AXIS2_PLACEMENT_3D ( 'NONE', #463, #2517, #1426 ) ;
#2939 = SECURITY_CLASSIFICATION ( '', '', #3142 ) ;
#2940 = AXIS2_PLACEMENT_3D ( 'NONE', #1818, #4135, #1165 ) ;
#2941 = CARTESIAN_POINT ( 'NONE',  ( 179.2065075214463548, 30.00000000000000000, 275.0000000000000000 ) ) ;
#2942 = DIRECTION ( 'NONE',  ( 0.000000000000000000, 0.000000000000000000, -1.000000000000000000 ) ) ;
#2943 = EDGE_CURVE ( 'NONE', #1927, #2799, #3985, .T. ) ;
#2944 = DIRECTION ( 'NONE',  ( -0.000000000000000000, -1.000000000000000000, -0.000000000000000000 ) ) ;
#2945 = EDGE_LOOP ( 'NONE', ( #4102, #454, #3588, #4128 ) ) ;
#2946 = DIRECTION ( 'NONE',  ( -0.000000000000000000, -0.000000000000000000, 1.000000000000000000 ) ) ;
#2947 = CARTESIAN_POINT ( 'NONE',  ( -25.41668463387203403, 7.460168080204088170, 245.0000000000000284 ) ) ;
#2948 = ORIENTED_EDGE ( 'NONE', *, *, #450, .F. ) ;
#2949 = CARTESIAN_POINT ( 'NONE',  ( -283.3654762541850118, 15.00000000000000000, -112.5307246625174287 ) ) ;
#2950 = ADVANCED_FACE ( 'NONE', ( #1434 ), #383, .F. ) ;
#2951 = CARTESIAN_POINT ( 'NONE',  ( -175.0000000000000000, 30.00000000000000000, 260.0000000000000000 ) ) ;
#2952 = ORIENTED_EDGE ( 'NONE', *, *, #3517, .T. ) ;
#2953 = ORIENTED_EDGE ( 'NONE', *, *, #1806, .F. ) ;
#2954 = ORIENTED_EDGE ( 'NONE', *, *, #1842, .T. ) ;
#2955 = FACE_OUTER_BOUND ( 'NONE', #3019, .T. ) ;
#2956 = CARTESIAN_POINT ( 'NONE',  ( -191.8812071333370000, 60.00000000000000000, 241.8469422204054808 ) ) ;
#2957 = EDGE_LOOP ( 'NONE', ( #2889, #3630, #3108, #1101 ) ) ;
#2958 = DIRECTION ( 'NONE',  ( -0.000000000000000000, -1.000000000000000000, -0.000000000000000000 ) ) ;
#2959 = DIRECTION ( 'NONE',  ( 0.000000000000000000, 0.000000000000000000, 1.000000000000000000 ) ) ;
#2960 = LINE ( 'NONE', #4280, #3673 ) ;
#2961 = EDGE_LOOP ( 'NONE', ( #297, #190, #829, #1497 ) ) ;
#2962 = EDGE_CURVE ( 'NONE', #1364, #4123, #2081, .T. ) ;
#2963 = DIRECTION ( 'NONE',  ( 0.000000000000000000, 1.000000000000000000, 0.000000000000000000 ) ) ;
#2964 = CARTESIAN_POINT ( 'NONE',  ( 334.9999999999999432, 51.47427559237154071, 91.45090605276273266 ) ) ;
#2965 = VERTEX_POINT ( 'NONE', #3037 ) ;
#2966 = CARTESIAN_POINT ( 'NONE',  ( -299.8654762541850118, 57.99999999999999289, 0.000000000000000000 ) ) ;
#2967 = VECTOR ( 'NONE', #2462, 1000.000000000000000 ) ;
#2968 = VECTOR ( 'NONE', #3728, 1000.000000000000000 ) ;
#2969 = CARTESIAN_POINT ( 'NONE',  ( -31.89227307562281766, 62.46550775036840975, 275.0000000000000000 ) ) ;
#2970 = EDGE_CURVE ( 'NONE', #1594, #64, #1734, .T. ) ;
#2971 = CIRCLE ( 'NONE', #3593, 19.05414961064888502 ) ;
#2972 = ORIENTED_EDGE ( 'NONE', *, *, #2620, .T. ) ;
#2973 = VECTOR ( 'NONE', #1781, 1000.000000000000000 ) ;
#2974 = ORIENTED_EDGE ( 'NONE', *, *, #1930, .T. ) ;
#2975 = ORIENTED_EDGE ( 'NONE', *, *, #1397, .F. ) ;
#2976 = DIRECTION ( 'NONE',  ( 0.000000000000000000, 0.000000000000000000, -1.000000000000000000 ) ) ;
#2977 = DIRECTION ( 'NONE',  ( 0.000000000000000000, 1.000000000000000000, 0.000000000000000000 ) ) ;
#2978 = EDGE_CURVE ( 'NONE', #4245, #82, #60, .T. ) ;
#2979 = ORIENTED_EDGE ( 'NONE', *, *, #339, .T. ) ;
#2980 = DIRECTION ( 'NONE',  ( 1.000000000000000000, 0.000000000000000000, 0.000000000000000000 ) ) ;
#2981 = AXIS2_PLACEMENT_3D ( 'NONE', #1459, #3475, #529 ) ;
#2982 = CARTESIAN_POINT ( 'NONE',  ( 178.7050723411340414, 36.42776134176983760, 100.0000000000000000 ) ) ;
#2983 = EDGE_CURVE ( 'NONE', #4249, #986, #1779, .T. ) ;
#2984 = CARTESIAN_POINT ( 'NONE',  ( 179.2065075214463548, 30.00000000000000000, 260.0000000000000000 ) ) ;
#2985 = VECTOR ( 'NONE', #723, 1000.000000000000000 ) ;
#2986 = ADVANCED_FACE ( 'NONE', ( #2715 ), #3383, .F. ) ;
#2987 = CARTESIAN_POINT ( 'NONE',  ( -350.0000000000001137, 80.00000000000000000, 43.54909394723735261 ) ) ;
#2988 = VERTEX_POINT ( 'NONE', #735 ) ;
#2989 = AXIS2_PLACEMENT_3D ( 'NONE', #1884, #3193, #1232 ) ;
#2990 = DIRECTION ( 'NONE',  ( 0.000000000000000000, 0.000000000000000000, -1.000000000000000000 ) ) ;
#2991 = CARTESIAN_POINT ( 'NONE',  ( 104.6270177182934162, 15.00000000000000000, 178.5658364145832024 ) ) ;
#2992 = ORIENTED_EDGE ( 'NONE', *, *, #2124, .F. ) ;
#2993 = LINE ( 'NONE', #1753, #3501 ) ;
#2994 = LINE ( 'NONE', #1639, #624 ) ;
#2995 = EDGE_LOOP ( 'NONE', ( #239, #256, #2334, #3375 ) ) ;
#2996 = VERTEX_POINT ( 'NONE', #2433 ) ;
#2997 = EDGE_LOOP ( 'NONE', ( #3640, #3712, #4077, #2644, #2359, #3513 ) ) ;
#2998 = LINE ( 'NONE', #4252, #2617 ) ;
#2999 = DIRECTION ( 'NONE',  ( 1.000000000000000000, 0.000000000000000000, 0.000000000000000000 ) ) ;
#3000 = ORIENTED_EDGE ( 'NONE', *, *, #1393, .T. ) ;
#3001 = LINE ( 'NONE', #368, #3149 ) ;
#3002 = CARTESIAN_POINT ( 'NONE',  ( 0.000000000000000000, 15.00000000000000000, -97.53072466251742867 ) ) ;
#3003 = EDGE_CURVE ( 'NONE', #4032, #970, #2283, .T. ) ;
#3004 = DIRECTION ( 'NONE',  ( 1.000000000000000000, 0.000000000000000000, 0.000000000000000000 ) ) ;
#3005 = DIRECTION ( 'NONE',  ( 0.000000000000000000, 0.000000000000000000, -1.000000000000000000 ) ) ;
#3006 = VECTOR ( 'NONE', #679, 1000.000000000000000 ) ;
#3007 = AXIS2_PLACEMENT_3D ( 'NONE', #1836, #3830, #4097 ) ;
#3008 = EDGE_CURVE ( 'NONE', #3031, #3780, #783, .T. ) ;
#3009 = FACE_OUTER_BOUND ( 'NONE', #2863, .T. ) ;
#3010 = ORIENTED_EDGE ( 'NONE', *, *, #2856, .F. ) ;
#3011 = CARTESIAN_POINT ( 'NONE',  ( -194.0541496106488637, 30.00000000000000355, -275.0000000000000000 ) ) ;
#3012 = CARTESIAN_POINT ( 'NONE',  ( -350.0000000000001137, 51.47427559237154071, -235.0000000000000284 ) ) ;
#3013 = EDGE_CURVE ( 'NONE', #3718, #1271, #2354, .T. ) ;
#3014 = ORIENTED_EDGE ( 'NONE', *, *, #2558, .F. ) ;
#3015 = DIRECTION ( 'NONE',  ( 1.000000000000000000, 0.000000000000000000, 0.000000000000000000 ) ) ;
#3016 = VECTOR ( 'NONE', #2678, 1000.000000000000000 ) ;
#3017 = FACE_OUTER_BOUND ( 'NONE', #3626, .T. ) ;
#3018 = CARTESIAN_POINT ( 'NONE',  ( 31.89227307562280700, 62.46550775036840975, 291.8479422204054572 ) ) ;
#3019 = EDGE_LOOP ( 'NONE', ( #4221, #1480, #1112, #1666 ) ) ;
#3020 = VERTEX_POINT ( 'NONE', #2840 ) ;
#3021 = ORIENTED_EDGE ( 'NONE', *, *, #322, .F. ) ;
#3022 = DIRECTION ( 'NONE',  ( -0.000000000000000000, -1.000000000000000000, -0.000000000000000000 ) ) ;
#3023 = CARTESIAN_POINT ( 'NONE',  ( -191.8812071333370000, 15.00000000000000000, -241.8469422204054808 ) ) ;
#3024 = ORIENTED_EDGE ( 'NONE', *, *, #1408, .F. ) ;
#3025 = EDGE_CURVE ( 'NONE', #78, #2082, #187, .T. ) ;
#3026 = CARTESIAN_POINT ( 'NONE',  ( -155.9458503893511079, 30.00000000000000000, -275.0000000000000000 ) ) ;
#3027 = FACE_OUTER_BOUND ( 'NONE', #3403, .T. ) ;
#3028 = FACE_OUTER_BOUND ( 'NONE', #2121, .T. ) ;
#3029 = DIRECTION ( 'NONE',  ( 0.000000000000000000, 0.000000000000000000, 1.000000000000000000 ) ) ;
#3030 = DIRECTION ( 'NONE',  ( -1.000000000000000000, 0.000000000000000000, -0.000000000000000000 ) ) ;
#3031 = VERTEX_POINT ( 'NONE', #1496 ) ;
#3032 = CARTESIAN_POINT ( 'NONE',  ( 167.4565876329964169, 15.00000000000000000, -275.0000000000000000 ) ) ;
#3033 = CARTESIAN_POINT ( 'NONE',  ( 350.0000119999999697, 28.52572440762845929, 211.4509060527627753 ) ) ;
#3034 = VERTEX_POINT ( 'NONE', #1186 ) ;
#3035 = CARTESIAN_POINT ( 'NONE',  ( -298.3749599442248837, 95.00000000000000000, -142.5307246625174287 ) ) ;
#3036 = DIRECTION ( 'NONE',  ( -0.000000000000000000, -1.000000000000000000, -0.000000000000000000 ) ) ;
#3037 = CARTESIAN_POINT ( 'NONE',  ( 31.89227307562281055, 37.53449224963159736, 260.0000000000000000 ) ) ;
#3038 = VERTEX_POINT ( 'NONE', #3454 ) ;
#3039 = ORIENTED_EDGE ( 'NONE', *, *, #1113, .F. ) ;
#3040 = AXIS2_PLACEMENT_3D ( 'NONE', #459, #2747, #3462 ) ;
#3041 = ORIENTED_EDGE ( 'NONE', *, *, #3382, .F. ) ;
#3042 = DIRECTION ( 'NONE',  ( -1.000000000000000000, 0.000000000000000000, 0.000000000000000000 ) ) ;
#3043 = DIRECTION ( 'NONE',  ( 1.000000000000000000, 0.000000000000000000, 0.000000000000000000 ) ) ;
#3044 = VECTOR ( 'NONE', #4196, 1000.000000000000000 ) ;
#3045 = EDGE_CURVE ( 'NONE', #4237, #335, #3169, .T. ) ;
#3046 = AXIS2_PLACEMENT_3D ( 'NONE', #3471, #1776, #3507 ) ;
#3047 = ORIENTED_EDGE ( 'NONE', *, *, #3320, .F. ) ;
#3048 = DIRECTION ( 'NONE',  ( 0.000000000000000000, 0.000000000000000000, -1.000000000000000000 ) ) ;
#3049 = LINE ( 'NONE', #1848, #3677 ) ;
#3050 = COORDINATED_UNIVERSAL_TIME_OFFSET ( 1, 0, .AHEAD. ) ;
#3051 = LINE ( 'NONE', #2652, #2737 ) ;
#3052 = DIRECTION ( 'NONE',  ( 0.000000000000000000, 0.000000000000000000, 1.000000000000000000 ) ) ;
#3053 = AXIS2_PLACEMENT_3D ( 'NONE', #2204, #1166, #1819 ) ;
#3054 = DIRECTION ( 'NONE',  ( -0.000000000000000000, 0.000000000000000000, -1.000000000000000000 ) ) ;
#3055 = EDGE_LOOP ( 'NONE', ( #41, #3941, #3039, #385 ) ) ;
#3056 = CARTESIAN_POINT ( 'NONE',  ( 179.2065075214463548, 30.00000000000000000, 290.0000000000000568 ) ) ;
#3057 = DIRECTION ( 'NONE',  ( 1.000000000000000000, 0.000000000000000000, 0.000000000000000000 ) ) ;
#3058 = VERTEX_POINT ( 'NONE', #4156 ) ;
#3059 = AXIS2_PLACEMENT_3D ( 'NONE', #160, #220, #2134 ) ;
#3060 = DIRECTION ( 'NONE',  ( -0.000000000000000000, -1.000000000000000000, -0.000000000000000000 ) ) ;
#3061 = FACE_BOUND ( 'NONE', #537, .T. ) ;
#3062 = EDGE_CURVE ( 'NONE', #986, #4268, #2630, .T. ) ;
#3063 = AXIS2_PLACEMENT_3D ( 'NONE', #4053, #2080, #2410 ) ;
#3064 = CARTESIAN_POINT ( 'NONE',  ( -256.8654762541850118, 57.99999999999999289, -97.53072466251742867 ) ) ;
#3065 = VERTEX_POINT ( 'NONE', #2822 ) ;
#3066 = ORIENTED_EDGE ( 'NONE', *, *, #2983, .T. ) ;
#3067 = VERTEX_POINT ( 'NONE', #2509 ) ;
#3068 = PLANE ( 'NONE',  #403 ) ;
#3069 = LINE ( 'NONE', #2039, #4019 ) ;
#3070 = EDGE_CURVE ( 'NONE', #804, #3665, #470, .T. ) ;
#3071 = ORIENTED_EDGE ( 'NONE', *, *, #3200, .T. ) ;
#3072 = DIRECTION ( 'NONE',  ( 0.000000000000000000, 1.000000000000000000, -0.000000000000000000 ) ) ;
#3073 = EDGE_CURVE ( 'NONE', #3354, #2107, #2532, .T. ) ;
#3074 = CARTESIAN_POINT ( 'NONE',  ( 310.0000000000000000, 0.000000000000000000, -235.0000000000000284 ) ) ;
#3075 = DATE_AND_TIME ( #1140, #1347 ) ;
#3076 = CARTESIAN_POINT ( 'NONE',  ( -273.3654762541850118, 55.00000000000000000, -112.5307246625174287 ) ) ;
#3077 = FACE_BOUND ( 'NONE', #2084, .T. ) ;
#3078 = CARTESIAN_POINT ( 'NONE',  ( -310.0000000000001137, 0.000000000000000000, -235.0000000000000284 ) ) ;
#3079 = ORIENTED_EDGE ( 'NONE', *, *, #3113, .F. ) ;
#3080 = CARTESIAN_POINT ( 'NONE',  ( 350.0000119999999697, 51.47427559237154071, -148.5490939472373668 ) ) ;
#3081 = CIRCLE ( 'NONE', #1200, 40.00000000000000711 ) ;
#3082 = VERTEX_POINT ( 'NONE', #3531 ) ;
#3083 = EDGE_CURVE ( 'NONE', #2184, #4070, #1800, .T. ) ;
#3084 = DIRECTION ( 'NONE',  ( 0.000000000000000000, 0.000000000000000000, -1.000000000000000000 ) ) ;
#3085 = VECTOR ( 'NONE', #4246, 1000.000000000000000 ) ;
#3086 = AXIS2_PLACEMENT_3D ( 'NONE', #326, #73, #1401 ) ;
#3087 = DIRECTION ( 'NONE',  ( 0.000000000000000000, 0.000000000000000000, -1.000000000000000000 ) ) ;
#3088 = VERTEX_POINT ( 'NONE', #1149 ) ;
#3089 = CIRCLE ( 'NONE', #581, 19.05414961064888502 ) ;
#3090 = ORIENTED_EDGE ( 'NONE', *, *, #4074, .T. ) ;
#3091 = ORIENTED_EDGE ( 'NONE', *, *, #2103, .T. ) ;
#3092 = CARTESIAN_POINT ( 'NONE',  ( 160.1523579107974626, 30.00000000000000355, -260.0000000000000000 ) ) ;
#3093 = ADVANCED_FACE ( 'NONE', ( #206 ), #2860, .T. ) ;
#3094 = DIRECTION ( 'NONE',  ( 1.000000000000000000, 0.000000000000000000, 0.000000000000000000 ) ) ;
#3095 = ORIENTED_EDGE ( 'NONE', *, *, #975, .F. ) ;
#3096 = CARTESIAN_POINT ( 'NONE',  ( -335.0000000000000568, 28.52572440762845929, 211.4509060527627753 ) ) ;
#3097 = EDGE_CURVE ( 'NONE', #2602, #690, #2183, .T. ) ;
#3098 = DIRECTION ( 'NONE',  ( 0.000000000000000000, 1.000000000000000000, 0.000000000000000000 ) ) ;
#3099 = PERSON_AND_ORGANIZATION ( #3156, #79 ) ;
#3100 = PLANE ( 'NONE',  #509 ) ;
#3101 = CARTESIAN_POINT ( 'NONE',  ( 350.0000119999999697, 51.47427559237154071, 43.54909394723738103 ) ) ;
#3102 = DIRECTION ( 'NONE',  ( 0.000000000000000000, 0.000000000000000000, -1.000000000000000000 ) ) ;
#3103 = ORIENTED_EDGE ( 'NONE', *, *, #1630, .F. ) ;
#3104 = FACE_OUTER_BOUND ( 'NONE', #471, .T. ) ;
#3105 = ORIENTED_EDGE ( 'NONE', *, *, #3045, .T. ) ;
#3106 = DIRECTION ( 'NONE',  ( 0.000000000000000000, -1.000000000000000000, 0.000000000000000000 ) ) ;
#3107 = DIRECTION ( 'NONE',  ( -0.000000000000000000, -1.000000000000000000, -0.000000000000000000 ) ) ;
#3108 = ORIENTED_EDGE ( 'NONE', *, *, #2878, .T. ) ;
#3109 = EDGE_LOOP ( 'NONE', ( #2670, #1090, #55, #658 ) ) ;
#3110 = ORIENTED_EDGE ( 'NONE', *, *, #3868, .T. ) ;
#3111 = DIRECTION ( 'NONE',  ( 1.000000000000000000, 0.000000000000000000, 0.000000000000000000 ) ) ;
#3112 = CARTESIAN_POINT ( 'NONE',  ( -191.8812071333370000, 15.00000000000000000, 152.8541871936397456 ) ) ;
#3113 = EDGE_CURVE ( 'NONE', #2437, #2356, #143, .T. ) ;
#3114 = VERTEX_POINT ( 'NONE', #1856 ) ;
#3115 = PLANE ( 'NONE',  #2485 ) ;
#3116 = AXIS2_PLACEMENT_3D ( 'NONE', #832, #2216, #2172 ) ;
#3117 = VECTOR ( 'NONE', #3650, 1000.000000000000000 ) ;
#3118 = DIRECTION ( 'NONE',  ( 1.000000000000000000, 0.000000000000000000, 0.000000000000000000 ) ) ;
#3119 = ADVANCED_FACE ( 'NONE', ( #3854 ), #1479, .T. ) ;
#3120 = CALENDAR_DATE ( 2026, 21, 5 ) ;
#3121 = LINE ( 'NONE', #3770, #2525 ) ;
#3122 = EDGE_CURVE ( 'NONE', #950, #2167, #2006, .T. ) ;
#3123 = CARTESIAN_POINT ( 'NONE',  ( 0.000000000000000000, 57.99999999999999289, -49.53072466251744288 ) ) ;
#3124 = ORIENTED_EDGE ( 'NONE', *, *, #1600, .F. ) ;
#3125 = EDGE_CURVE ( 'NONE', #3354, #4113, #4120, .T. ) ;
#3126 = CARTESIAN_POINT ( 'NONE',  ( -104.6270177182934162, 75.00000000000000000, 178.5658364145832024 ) ) ;
#3127 = ORIENTED_EDGE ( 'NONE', *, *, #1309, .F. ) ;
#3128 = DIRECTION ( 'NONE',  ( -1.000000000000000000, 0.000000000000000000, 0.000000000000000000 ) ) ;
#3129 = EDGE_CURVE ( 'NONE', #2965, #2819, #4137, .T. ) ;
#3130 = DIRECTION ( 'NONE',  ( -0.000000000000000000, -0.000000000000000000, -1.000000000000000000 ) ) ;
#3131 = ORIENTED_EDGE ( 'NONE', *, *, #652, .F. ) ;
#3132 = AXIS2_PLACEMENT_3D ( 'NONE', #1732, #1755, #3759 ) ;
#3133 = VERTEX_POINT ( 'NONE', #3779 ) ;
#3134 = VERTEX_POINT ( 'NONE', #803 ) ;
#3135 = DIRECTION ( 'NONE',  ( 1.000000000000000000, 0.000000000000000000, 0.000000000000000000 ) ) ;
#3136 = LINE ( 'NONE', #2110, #3201 ) ;
#3137 = AXIS2_PLACEMENT_3D ( 'NONE', #3074, #3098, #70 ) ;
#3138 = ORIENTED_EDGE ( 'NONE', *, *, #4193, .F. ) ;
#3139 = VECTOR ( 'NONE', #1601, 1000.000000000000000 ) ;
#3140 = DIRECTION ( 'NONE',  ( 1.000000000000000000, 0.000000000000000000, 0.000000000000000000 ) ) ;
#3141 = CARTESIAN_POINT ( 'NONE',  ( -335.0000000000000568, 28.52572440762845929, -196.4509060527627184 ) ) ;
#3142 = SECURITY_CLASSIFICATION_LEVEL ( 'unclassified' ) ;
#3143 = EDGE_CURVE ( 'NONE', #61, #1860, #151, .T. ) ;
#3144 = CARTESIAN_POINT ( 'NONE',  ( -163.2500801115500622, 15.00000000000000000, -260.0000000000000000 ) ) ;
#3145 = CARTESIAN_POINT ( 'NONE',  ( -335.0000000000000568, 15.00000000000000000, -235.0000000000000284 ) ) ;
#3146 = ORIENTED_EDGE ( 'NONE', *, *, #2329, .T. ) ;
#3147 = CARTESIAN_POINT ( 'NONE',  ( -191.8812071333370000, 60.00000000000000000, 241.8469422204054808 ) ) ;
#3148 = EDGE_CURVE ( 'NONE', #1435, #2347, #843, .T. ) ;
#3149 = VECTOR ( 'NONE', #2675, 1000.000000000000000 ) ;
#3150 = VECTOR ( 'NONE', #525, 1000.000000000000000 ) ;
#3151 = DIRECTION ( 'NONE',  ( -0.000000000000000000, -0.000000000000000000, 1.000000000000000000 ) ) ;
#3152 = VERTEX_POINT ( 'NONE', #514 ) ;
#3153 = VERTEX_POINT ( 'NONE', #1633 ) ;
#3154 = ORIENTED_EDGE ( 'NONE', *, *, #1874, .T. ) ;
#3155 = CARTESIAN_POINT ( 'NONE',  ( -256.8654762541850118, 57.99999999999999289, -49.53072466251744288 ) ) ;
#3156 = PERSON ( 'UNSPECIFIED', 'UNSPECIFIED', 'UNSPECIFIED', ('UNSPECIFIED'), ('UNSPECIFIED'), ('UNSPECIFIED') ) ;
#3157 = AXIS2_PLACEMENT_3D ( 'NONE', #3204, #225, #2877 ) ;
#3158 = FACE_OUTER_BOUND ( 'NONE', #1465, .T. ) ;
#3159 = APPROVAL_PERSON_ORGANIZATION ( #3099, #3789, #72 ) ;
#3160 = AXIS2_PLACEMENT_3D ( 'NONE', #2859, #1508, #3852 ) ;
#3161 = EDGE_LOOP ( 'NONE', ( #2733, #2992, #2212, #212 ) ) ;
#3162 = ORIENTED_EDGE ( 'NONE', *, *, #3382, .T. ) ;
#3163 = CARTESIAN_POINT ( 'NONE',  ( -25.41668463387203403, 29.47716878215687331, -245.0000000000000284 ) ) ;
#3164 = CARTESIAN_POINT ( 'NONE',  ( -194.0541496106488637, 30.00000000000000355, 260.0000000000000000 ) ) ;
#3165 = ADVANCED_FACE ( 'NONE', ( #901 ), #3615, .F. ) ;
#3166 = CARTESIAN_POINT ( 'NONE',  ( -258.3749599442248837, 55.00000000000000000, -142.5307246625174287 ) ) ;
#3167 = PLANE ( 'NONE',  #3736 ) ;
#3168 = CARTESIAN_POINT ( 'NONE',  ( 25.41668463387203403, 29.47716878215687331, 245.0000000000000284 ) ) ;
#3169 = LINE ( 'NONE', #1511, #1467 ) ;
#3170 = ORIENTED_EDGE ( 'NONE', *, *, #849, .F. ) ;
#3171 = EDGE_LOOP ( 'NONE', ( #2451, #615, #4289, #3801 ) ) ;
#3172 = ORIENTED_EDGE ( 'NONE', *, *, #3073, .T. ) ;
#3173 = LINE ( 'NONE', #867, #3971 ) ;
#3174 = LINE ( 'NONE', #457, #3680 ) ;
#3175 = VERTEX_POINT ( 'NONE', #3269 ) ;
#3176 = ORIENTED_EDGE ( 'NONE', *, *, #1998, .T. ) ;
#3177 = LINE ( 'NONE', #4189, #3926 ) ;
#3178 = ADVANCED_FACE ( 'NONE', ( #288, #4220 ), #2226, .F. ) ;
#3179 = EDGE_CURVE ( 'NONE', #1566, #1947, #4199, .T. ) ;
#3180 = DIRECTION ( 'NONE',  ( 0.000000000000000000, 1.000000000000000000, -0.000000000000000000 ) ) ;
#3181 = AXIS2_PLACEMENT_3D ( 'NONE', #4291, #3319, #3989 ) ;
#3182 = VECTOR ( 'NONE', #11, 1000.000000000000000 ) ;
#3183 = CARTESIAN_POINT ( 'NONE',  ( 215.4079474857348373, 15.00000000000000000, -100.0000000000000000 ) ) ;
#3184 = DIRECTION ( 'NONE',  ( 1.000000000000000000, -0.000000000000000000, 0.000000000000000000 ) ) ;
#3185 = CARTESIAN_POINT ( 'NONE',  ( -298.3749599442248837, 15.00000000000000000, 0.000000000000000000 ) ) ;
#3186 = EDGE_CURVE ( 'NONE', #1230, #3114, #921, .T. ) ;
#3187 = CARTESIAN_POINT ( 'NONE',  ( 350.0000000000000000, 80.00000000000000000, -148.5490939472373668 ) ) ;
#3188 = ORIENTED_EDGE ( 'NONE', *, *, #1093, .T. ) ;
#3189 = CARTESIAN_POINT ( 'NONE',  ( 334.9999999999999432, 28.52572440762845929, -28.54909394723731353 ) ) ;
#3190 = ORIENTED_EDGE ( 'NONE', *, *, #2821, .T. ) ;
#3191 = DIRECTION ( 'NONE',  ( 0.000000000000000000, 0.000000000000000000, -1.000000000000000000 ) ) ;
#3192 = EDGE_CURVE ( 'NONE', #2706, #3346, #2551, .T. ) ;
#3193 = DIRECTION ( 'NONE',  ( -0.000000000000000000, -0.000000000000000000, 1.000000000000000000 ) ) ;
#3194 = VECTOR ( 'NONE', #1937, 1000.000000000000000 ) ;
#3195 = ORIENTED_EDGE ( 'NONE', *, *, #3445, .F. ) ;
#3196 = VERTEX_POINT ( 'NONE', #1248 ) ;
#3197 = FACE_BOUND ( 'NONE', #2372, .T. ) ;
#3198 = VECTOR ( 'NONE', #3118, 1000.000000000000000 ) ;
#3199 = DIRECTION ( 'NONE',  ( 0.000000000000000000, 0.000000000000000000, -1.000000000000000000 ) ) ;
#3200 = EDGE_CURVE ( 'NONE', #944, #4267, #2574, .T. ) ;
#3201 = VECTOR ( 'NONE', #1154, 1000.000000000000000 ) ;
#3202 = PRODUCT_RELATED_PRODUCT_CATEGORY ( 'detail', '', ( #657 ) ) ;
#3203 = ORIENTED_EDGE ( 'NONE', *, *, #1444, .F. ) ;
#3204 = CARTESIAN_POINT ( 'NONE',  ( 350.0000000000000000, 80.00000000000000000, -235.0000000000000284 ) ) ;
#3205 = FACE_OUTER_BOUND ( 'NONE', #1598, .T. ) ;
#3206 = PLANE ( 'NONE',  #1692 ) ;
#3207 = DIRECTION ( 'NONE',  ( -0.000000000000000000, -1.000000000000000000, -0.000000000000000000 ) ) ;
#3208 = ORIENTED_EDGE ( 'NONE', *, *, #1855, .F. ) ;
#3209 = EDGE_CURVE ( 'NONE', #3584, #3212, #3288, .T. ) ;
#3210 = CARTESIAN_POINT ( 'NONE',  ( 179.2065075214463548, 30.00000000000000000, -290.0000000000000568 ) ) ;
#3211 = DIRECTION ( 'NONE',  ( -1.000000000000000000, 0.000000000000000000, 0.000000000000000000 ) ) ;
#3212 = VERTEX_POINT ( 'NONE', #3595 ) ;
#3213 = CARTESIAN_POINT ( 'NONE',  ( -191.8812071333370000, 15.00000000000000000, 152.8541871936397172 ) ) ;
#3214 = CARTESIAN_POINT ( 'NONE',  ( 334.9999999999999432, 51.47427559237154071, -76.45090605276266160 ) ) ;
#3215 = EDGE_LOOP ( 'NONE', ( #3603, #1586, #977, #3021 ) ) ;
#3216 = VERTEX_POINT ( 'NONE', #1288 ) ;
#3217 = CARTESIAN_POINT ( 'NONE',  ( -189.0000000000000000, 30.00000000000000000, -291.8469422204054808 ) ) ;
#3218 = AXIS2_PLACEMENT_3D ( 'NONE', #3123, #1161, #3449 ) ;
#3219 = CARTESIAN_POINT ( 'NONE',  ( -310.0000000000001137, 0.000000000000000000, -275.0000000000000000 ) ) ;
#3220 = VECTOR ( 'NONE', #2508, 1000.000000000000000 ) ;
#3221 = VERTEX_POINT ( 'NONE', #631 ) ;
#3222 = VECTOR ( 'NONE', #1266, 1000.000000000000000 ) ;
#3223 = EDGE_CURVE ( 'NONE', #1216, #688, #2960, .T. ) ;
#3224 = LINE ( 'NONE', #1610, #1063 ) ;
#3225 = LINE ( 'NONE', #4217, #2419 ) ;
#3226 = CARTESIAN_POINT ( 'NONE',  ( -350.0000000000001137, 28.52572440762845929, -235.0000000000000284 ) ) ;
#3227 = EDGE_CURVE ( 'NONE', #1136, #1394, #415, .T. ) ;
#3228 = DIRECTION ( 'NONE',  ( 1.000000000000000000, 0.000000000000000000, 0.000000000000000000 ) ) ;
#3229 = ORIENTED_EDGE ( 'NONE', *, *, #3003, .T. ) ;
#3230 = FACE_OUTER_BOUND ( 'NONE', #4290, .T. ) ;
#3231 = CARTESIAN_POINT ( 'NONE',  ( 179.2065075214463548, 30.00000000000000000, -290.0000000000000568 ) ) ;
#3232 = VERTEX_POINT ( 'NONE', #982 ) ;
#3233 = DIRECTION ( 'NONE',  ( -0.000000000000000000, -1.000000000000000000, -0.000000000000000000 ) ) ;
#3234 = LINE ( 'NONE', #255, #909 ) ;
#3235 = ORIENTED_EDGE ( 'NONE', *, *, #2522, .F. ) ;
#3236 = ORIENTED_EDGE ( 'NONE', *, *, #543, .F. ) ;
#3237 = DIRECTION ( 'NONE',  ( 0.000000000000000000, 0.000000000000000000, -1.000000000000000000 ) ) ;
#3238 = CARTESIAN_POINT ( 'NONE',  ( 350.0000000000000000, 51.47427559237154071, -235.0000000000000284 ) ) ;
#3239 = ORIENTED_EDGE ( 'NONE', *, *, #4273, .T. ) ;
#3240 = EDGE_CURVE ( 'NONE', #3713, #3692, #267, .T. ) ;
#3241 = PLANE ( 'NONE',  #1205 ) ;
#3242 = CYLINDRICAL_SURFACE ( 'NONE', #4275, 19.05414961064888502 ) ;
#3243 = DIRECTION ( 'NONE',  ( 0.000000000000000000, 0.000000000000000000, -1.000000000000000000 ) ) ;
#3244 = VECTOR ( 'NONE', #2093, 1000.000000000000000 ) ;
#3245 = AXIS2_PLACEMENT_3D ( 'NONE', #3871, #1001, #3347 ) ;
#3246 = ADVANCED_FACE ( 'NONE', ( #571 ), #1900, .T. ) ;
#3247 = PLANE ( 'NONE',  #1179 ) ;
#3248 = ORIENTED_EDGE ( 'NONE', *, *, #2073, .T. ) ;
#3249 = CARTESIAN_POINT ( 'NONE',  ( -335.0000000000000568, 15.00000000000000000, -235.0000000000000284 ) ) ;
#3250 = CARTESIAN_POINT ( 'NONE',  ( 167.4565876329964169, 15.00000000000000000, 260.0000000000000000 ) ) ;
#3251 = EDGE_CURVE ( 'NONE', #319, #1333, #3894, .T. ) ;
#3252 = ORIENTED_EDGE ( 'NONE', *, *, #505, .T. ) ;
#3253 = CARTESIAN_POINT ( 'NONE',  ( -310.0000000000001137, 0.000000000000000000, -275.0000000000000000 ) ) ;
#3254 = LINE ( 'NONE', #2255, #3409 ) ;
#3255 = ORIENTED_EDGE ( 'NONE', *, *, #2432, .F. ) ;
#3256 = ORIENTED_EDGE ( 'NONE', *, *, #98, .F. ) ;
#3257 = ORIENTED_EDGE ( 'NONE', *, *, #3083, .T. ) ;
#3258 = DIRECTION ( 'NONE',  ( -0.000000000000000000, -1.000000000000000000, -0.000000000000000000 ) ) ;
#3259 = CARTESIAN_POINT ( 'NONE',  ( 350.0000000000000000, 80.00000000000000000, 211.4509060527628037 ) ) ;
#3260 = AXIS2_PLACEMENT_3D ( 'NONE', #2472, #1128, #1533 ) ;
#3261 = ORIENTED_EDGE ( 'NONE', *, *, #2569, .F. ) ;
#3262 = VECTOR ( 'NONE', #91, 1000.000000000000000 ) ;
#3263 = EDGE_CURVE ( 'NONE', #4051, #648, #3636, .T. ) ;
#3264 = VECTOR ( 'NONE', #535, 1000.000000000000000 ) ;
#3265 = DIRECTION ( 'NONE',  ( 1.000000000000000000, 0.000000000000000000, 0.000000000000000000 ) ) ;
#3266 = EDGE_CURVE ( 'NONE', #1030, #3584, #1571, .T. ) ;
#3267 = APPROVAL_PERSON_ORGANIZATION ( #2446, #2240, #744 ) ;
#3268 = LINE ( 'NONE', #1224, #2664 ) ;
#3269 = CARTESIAN_POINT ( 'NONE',  ( -160.9999999999999716, 30.00000000000000000, 291.8469422204054808 ) ) ;
#3270 = ORIENTED_EDGE ( 'NONE', *, *, #701, .T. ) ;
#3271 = DIRECTION ( 'NONE',  ( 0.000000000000000000, -1.000000000000000000, 0.000000000000000000 ) ) ;
#3272 = CARTESIAN_POINT ( 'NONE',  ( -299.8654762541850118, 15.00000000000000000, -49.53072466251744288 ) ) ;
#3273 = ORIENTED_EDGE ( 'NONE', *, *, #4167, .T. ) ;
#3274 = CARTESIAN_POINT ( 'NONE',  ( -191.8812071333370000, 60.00000000000000000, 241.8469422204054808 ) ) ;
#3275 = ADVANCED_FACE ( 'NONE', ( #3574 ), #3247, .F. ) ;
#3276 = CARTESIAN_POINT ( 'NONE',  ( -310.0000000000001137, 0.000000000000000000, -235.0000000000000284 ) ) ;
#3277 = ORIENTED_EDGE ( 'NONE', *, *, #3645, .F. ) ;
#3278 = ORIENTED_EDGE ( 'NONE', *, *, #1629, .T. ) ;
#3279 = ORIENTED_EDGE ( 'NONE', *, *, #2931, .T. ) ;
#3280 = CARTESIAN_POINT ( 'NONE',  ( 0.000000000000000000, 60.00000000000000000, 0.000000000000000000 ) ) ;
#3281 = DIRECTION ( 'NONE',  ( 0.000000000000000000, 0.000000000000000000, -1.000000000000000000 ) ) ;
#3282 = VECTOR ( 'NONE', #1725, 1000.000000000000000 ) ;
#3283 = VERTEX_POINT ( 'NONE', #1270 ) ;
#3284 = EDGE_CURVE ( 'NONE', #2539, #3020, #3912, .T. ) ;
#3285 = VECTOR ( 'NONE', #74, 1000.000000000000000 ) ;
#3286 = DIRECTION ( 'NONE',  ( 0.000000000000000000, 0.000000000000000000, -1.000000000000000000 ) ) ;
#3287 = DIRECTION ( 'NONE',  ( 1.000000000000000000, 0.000000000000000000, -0.000000000000000000 ) ) ;
#3288 = LINE ( 'NONE', #2922, #3474 ) ;
#3289 = ORIENTED_EDGE ( 'NONE', *, *, #3148, .F. ) ;
#3290 = LINE ( 'NONE', #1635, #1340 ) ;
#3291 = CARTESIAN_POINT ( 'NONE',  ( 334.9999999999999432, 51.47427559237154071, -196.4509060527627184 ) ) ;
#3292 = VERTEX_POINT ( 'NONE', #3348 ) ;
#3293 = CARTESIAN_POINT ( 'NONE',  ( 310.0000000000000000, 15.00000000000000000, -260.0000000000000000 ) ) ;
#3294 = EDGE_CURVE ( 'NONE', #3460, #3761, #1443, .T. ) ;
#3295 = DIRECTION ( 'NONE',  ( 0.000000000000000000, -0.000000000000000000, -1.000000000000000000 ) ) ;
#3296 = ORIENTED_EDGE ( 'NONE', *, *, #3778, .F. ) ;
#3297 = ORIENTED_EDGE ( 'NONE', *, *, #2282, .F. ) ;
#3298 = ORIENTED_EDGE ( 'NONE', *, *, #1791, .F. ) ;
#3299 = LINE ( 'NONE', #1261, #1448 ) ;
#3300 = LINE ( 'NONE', #3238, #1392 ) ;
#3301 = ORIENTED_EDGE ( 'NONE', *, *, #242, .F. ) ;
#3302 = EDGE_CURVE ( 'NONE', #3221, #4038, #2724, .T. ) ;
#3303 = CARTESIAN_POINT ( 'NONE',  ( -175.0000000000000000, 30.00000000000000000, 291.8469422204054808 ) ) ;
#3304 = DIRECTION ( 'NONE',  ( 0.000000000000000000, 0.000000000000000000, -1.000000000000000000 ) ) ;
#3305 = LINE ( 'NONE', #1356, #3282 ) ;
#3306 = ORIENTED_EDGE ( 'NONE', *, *, #1028, .F. ) ;
#3307 = DIRECTION ( 'NONE',  ( -0.000000000000000000, -0.000000000000000000, -1.000000000000000000 ) ) ;
#3308 = DIRECTION ( 'NONE',  ( 0.000000000000000000, 0.000000000000000000, 1.000000000000000000 ) ) ;
#3309 = ORIENTED_EDGE ( 'NONE', *, *, #614, .T. ) ;
#3310 = CARTESIAN_POINT ( 'NONE',  ( -350.0000119999999697, 51.47427559237154071, 211.4509060527627753 ) ) ;
#3311 = VECTOR ( 'NONE', #3572, 1000.000000000000000 ) ;
#3312 = AXIS2_PLACEMENT_3D ( 'NONE', #2077, #3405, #356 ) ;
#3313 = DIRECTION ( 'NONE',  ( -0.000000000000000000, -1.000000000000000000, -0.000000000000000000 ) ) ;
#3314 = VECTOR ( 'NONE', #533, 1000.000000000000000 ) ;
#3315 = ORIENTED_EDGE ( 'NONE', *, *, #2750, .F. ) ;
#3316 = CLOSED_SHELL ( 'NONE', ( #937, #2667, #488, #2178, #1326, #3119, #2725, #711, #4065, #3613, #1786, #1016, #4006, #3178, #2632, #3396, #1863, #1890, #2264, #606, #1770, #4198, #2477, #1504, #2483, #2044, #2651, #3165, #2089, #96, #1760, #2607, #637, #3373, #4227, #802, #154, #1644, #47, #4270, #1164, #1416, #2409, #854, #835, #2950, #1570, #3747, #3765, #3949, #1587, #2986, #2369, #1369, #3468, #37, #4090, #1724, #1073, #2653, #1127, #1284, #1849, #3887, #482, #338, #1440, #1881, #3702, #2349, #2281, #524, #1155, #182, #2873, #3246, #4016, #1835, #302, #2426, #3275, #434, #2774, #1133, #186, #649, #3693, #1886, #534, #372, #528, #896, #2816, #1564, #3548, #2040, #2115, #4218, #493, #609, #822, #1457, #1331, #1067, #990, #1290, #4136, #2892, #3093, #1118, #1736, #503, #3623, #786, #2346, #2608, #3674, #260, #665, #773, #2464, #3563, #936, #3539, #2588 ) ) ;
#3317 = ORIENTED_EDGE ( 'NONE', *, *, #3122, .T. ) ;
#3318 = ORIENTED_EDGE ( 'NONE', *, *, #1089, .F. ) ;
#3319 = DIRECTION ( 'NONE',  ( -0.000000000000000000, -1.000000000000000000, 0.000000000000000000 ) ) ;
#3320 = EDGE_CURVE ( 'NONE', #2796, #3088, #3972, .T. ) ;
#3321 = DIRECTION ( 'NONE',  ( -0.000000000000000000, 0.000000000000000000, 1.000000000000000000 ) ) ;
#3322 = VERTEX_POINT ( 'NONE', #1002 ) ;
#3323 = CARTESIAN_POINT ( 'NONE',  ( -310.0000000000001137, 15.00000000000000000, 260.0000000000000000 ) ) ;
#3324 = EDGE_CURVE ( 'NONE', #551, #3485, #438, .T. ) ;
#3325 = DIRECTION ( 'NONE',  ( 0.000000000000000000, -1.000000000000000000, 0.000000000000000000 ) ) ;
#3326 = CC_DESIGN_PERSON_AND_ORGANIZATION_ASSIGNMENT ( #814, #161, ( #1945 ) ) ;
#3327 = VECTOR ( 'NONE', #1058, 1000.000000000000000 ) ;
#3328 = DIRECTION ( 'NONE',  ( -0.000000000000000000, -0.000000000000000000, -1.000000000000000000 ) ) ;
#3329 = FACE_BOUND ( 'NONE', #1108, .T. ) ;
#3330 = AXIS2_PLACEMENT_3D ( 'NONE', #388, #2087, #767 ) ;
#3331 = LINE ( 'NONE', #1403, #2242 ) ;
#3332 = ORIENTED_EDGE ( 'NONE', *, *, #4036, .F. ) ;
#3333 = VECTOR ( 'NONE', #3321, 1000.000000000000000 ) ;
#3334 = DIRECTION ( 'NONE',  ( 0.000000000000000000, 0.000000000000000000, -1.000000000000000000 ) ) ;
#3335 = DIRECTION ( 'NONE',  ( 0.000000000000000000, -0.000000000000000000, 1.000000000000000000 ) ) ;
#3336 = ORIENTED_EDGE ( 'NONE', *, *, #2182, .F. ) ;
#3337 = DIRECTION ( 'NONE',  ( -1.000000000000000000, 0.000000000000000000, 0.000000000000000000 ) ) ;
#3338 = DIRECTION ( 'NONE',  ( -1.000000000000000000, 0.000000000000000000, 0.000000000000000000 ) ) ;
#3339 = EDGE_CURVE ( 'NONE', #3065, #2539, #2325, .T. ) ;
#3340 = DIRECTION ( 'NONE',  ( 0.000000000000000000, 0.000000000000000000, 1.000000000000000000 ) ) ;
#3341 = EDGE_LOOP ( 'NONE', ( #2277, #869, #643, #846 ) ) ;
#3342 = ORIENTED_EDGE ( 'NONE', *, *, #1621, .F. ) ;
#3343 = ORIENTED_EDGE ( 'NONE', *, *, #4183, .F. ) ;
#3344 = CARTESIAN_POINT ( 'NONE',  ( -175.0000000000000000, 30.00000000000000000, -275.0000000000000000 ) ) ;
#3345 = CARTESIAN_POINT ( 'NONE',  ( -350.0000000000001137, 80.00000000000000000, 211.4509060527628037 ) ) ;
#3346 = VERTEX_POINT ( 'NONE', #4041 ) ;
#3347 = DIRECTION ( 'NONE',  ( -1.000000000000000000, 0.000000000000000000, -0.000000000000000000 ) ) ;
#3348 = CARTESIAN_POINT ( 'NONE',  ( -350.0000000000001137, 80.00000000000000000, 235.0000000000000284 ) ) ;
#3349 = LINE ( 'NONE', #1025, #1420 ) ;
#3350 = FACE_OUTER_BOUND ( 'NONE', #1321, .T. ) ;
#3351 = VECTOR ( 'NONE', #269, 1000.000000000000000 ) ;
#3352 = AXIS2_PLACEMENT_3D ( 'NONE', #630, #3929, #1898 ) ;
#3353 = CARTESIAN_POINT ( 'NONE',  ( -25.41668463387203403, 15.00000000000000000, 260.0000000000000000 ) ) ;
#3354 = VERTEX_POINT ( 'NONE', #743 ) ;
#3355 = CARTESIAN_POINT ( 'NONE',  ( -350.0000119999999697, 51.47427559237154071, 91.45090605276273266 ) ) ;
#3356 = LINE ( 'NONE', #1380, #194 ) ;
#3357 = ORIENTED_EDGE ( 'NONE', *, *, #3025, .F. ) ;
#3358 = CARTESIAN_POINT ( 'NONE',  ( -335.0000000000000568, 28.52572440762845929, -148.5490939472373668 ) ) ;
#3359 = EDGE_CURVE ( 'NONE', #1820, #1230, #3744, .T. ) ;
#3360 = FACE_OUTER_BOUND ( 'NONE', #2945, .T. ) ;
#3361 = FACE_OUTER_BOUND ( 'NONE', #4231, .T. ) ;
#3362 = ORIENTED_EDGE ( 'NONE', *, *, #3483, .T. ) ;
#3363 = ORIENTED_EDGE ( 'NONE', *, *, #1764, .F. ) ;
#3364 = ORIENTED_EDGE ( 'NONE', *, *, #4238, .F. ) ;
#3365 = DIRECTION ( 'NONE',  ( -1.000000000000000000, 0.000000000000000000, 0.000000000000000000 ) ) ;
#3366 = PLANE ( 'NONE',  #3330 ) ;
#3367 = EDGE_LOOP ( 'NONE', ( #2974, #3637, #1562, #2717 ) ) ;
#3368 = PLANE ( 'NONE',  #2136 ) ;
#3369 = DIRECTION ( 'NONE',  ( 1.000000000000000000, 0.000000000000000000, 0.000000000000000000 ) ) ;
#3370 = APPLICATION_PROTOCOL_DEFINITION ( 'international standard', 'config_control_design', 1994, #660 ) ;
#3371 = CARTESIAN_POINT ( 'NONE',  ( -104.6270177182934162, 75.00000000000000000, 178.5658364145832024 ) ) ;
#3372 = CARTESIAN_POINT ( 'NONE',  ( -298.3749599442248837, 15.00000000000000000, -142.5307246625174287 ) ) ;
#3373 = ADVANCED_FACE ( 'NONE', ( #1744 ), #1717, .F. ) ;
#3374 = CARTESIAN_POINT ( 'NONE',  ( 334.9999999999999432, 28.52572440762845929, -148.5490939472373668 ) ) ;
#3375 = ORIENTED_EDGE ( 'NONE', *, *, #28, .T. ) ;
#3376 = DIRECTION ( 'NONE',  ( 0.000000000000000000, 0.000000000000000000, -1.000000000000000000 ) ) ;
#3377 = FACE_OUTER_BOUND ( 'NONE', #2849, .T. ) ;
#3378 = VERTEX_POINT ( 'NONE', #2094 ) ;
#3379 = DIRECTION ( 'NONE',  ( 0.000000000000000000, -0.000000000000000000, 1.000000000000000000 ) ) ;
#3380 = EDGE_CURVE ( 'NONE', #3322, #2685, #275, .T. ) ;
#3381 = DIRECTION ( 'NONE',  ( 0.000000000000000000, 0.000000000000000000, 1.000000000000000000 ) ) ;
#3382 = EDGE_CURVE ( 'NONE', #2056, #800, #1695, .T. ) ;
#3383 = PLANE ( 'NONE',  #272 ) ;
#3384 = ORIENTED_EDGE ( 'NONE', *, *, #3251, .T. ) ;
#3385 = VERTEX_POINT ( 'NONE', #1769 ) ;
#3386 = VECTOR ( 'NONE', #3627, 1000.000000000000000 ) ;
#3387 = VECTOR ( 'NONE', #4094, 1000.000000000000000 ) ;
#3388 = ORIENTED_EDGE ( 'NONE', *, *, #4274, .T. ) ;
#3389 = CYLINDRICAL_SURFACE ( 'NONE', #2273, 14.00000000000001243 ) ;
#3390 = CARTESIAN_POINT ( 'NONE',  ( -310.0000000000001137, 15.00000000000000000, -260.0000000000000000 ) ) ;
#3391 = CIRCLE ( 'NONE', #2067, 19.05414961064888502 ) ;
#3392 = VECTOR ( 'NONE', #3184, 1000.000000000000000 ) ;
#3393 = EDGE_LOOP ( 'NONE', ( #295, #147, #1640, #562 ) ) ;
#3394 = DIRECTION ( 'NONE',  ( 1.000000000000000000, 0.000000000000000000, -0.000000000000000000 ) ) ;
#3395 = CARTESIAN_POINT ( 'NONE',  ( 25.41668463387203403, 29.47716878215687331, -245.0000000000000284 ) ) ;
#3396 = ADVANCED_FACE ( 'NONE', ( #1673, #3720, #3027, #1425, #2421 ), #2748, .F. ) ;
#3397 = DATE_AND_TIME ( #1400, #997 ) ;
#3398 = CARTESIAN_POINT ( 'NONE',  ( -163.2500801115500622, 15.00000000000000000, 152.8541871936396888 ) ) ;
#3399 = FACE_BOUND ( 'NONE', #3161, .T. ) ;
#3400 = AXIS2_PLACEMENT_3D ( 'NONE', #3448, #1119, #4066 ) ;
#3401 = EDGE_CURVE ( 'NONE', #4038, #1860, #3651, .T. ) ;
#3402 = DIRECTION ( 'NONE',  ( 0.000000000000000000, 1.000000000000000000, 0.000000000000000000 ) ) ;
#3403 = EDGE_LOOP ( 'NONE', ( #2002, #355, #346, #2625 ) ) ;
#3404 = LINE ( 'NONE', #1405, #2275 ) ;
#3405 = DIRECTION ( 'NONE',  ( -0.000000000000000000, 0.000000000000000000, -1.000000000000000000 ) ) ;
#3406 = ORIENTED_EDGE ( 'NONE', *, *, #3745, .T. ) ;
#3407 = VECTOR ( 'NONE', #3716, 1000.000000000000000 ) ;
#3408 = DIRECTION ( 'NONE',  ( -0.000000000000000000, -0.000000000000000000, -1.000000000000000000 ) ) ;
#3409 = VECTOR ( 'NONE', #2580, 1000.000000000000000 ) ;
#3410 = CARTESIAN_POINT ( 'NONE',  ( -350.0000000000001137, 51.47427559237154071, -235.0000000000000284 ) ) ;
#3411 = ORIENTED_EDGE ( 'NONE', *, *, #1842, .F. ) ;
#3412 = CARTESIAN_POINT ( 'NONE',  ( -310.0000000000000568, 0.000000000000000000, 275.0000000000000000 ) ) ;
#3413 = EDGE_CURVE ( 'NONE', #1136, #2437, #118, .T. ) ;
#3414 = ORIENTED_EDGE ( 'NONE', *, *, #1489, .T. ) ;
#3415 = DIRECTION ( 'NONE',  ( 1.000000000000000000, 0.000000000000000000, -0.000000000000000000 ) ) ;
#3416 = FACE_OUTER_BOUND ( 'NONE', #2587, .T. ) ;
#3417 = ORIENTED_EDGE ( 'NONE', *, *, #135, .F. ) ;
#3418 = CARTESIAN_POINT ( 'NONE',  ( -258.3749599442248837, 55.00000000000000000, 0.000000000000000000 ) ) ;
#3419 = CARTESIAN_POINT ( 'NONE',  ( -104.6270177182934162, 75.00000000000000000, 178.5658364145832024 ) ) ;
#3420 = COORDINATED_UNIVERSAL_TIME_OFFSET ( 1, 0, .AHEAD. ) ;
#3421 = CARTESIAN_POINT ( 'NONE',  ( 179.2065075214463548, 30.00000000000000000, -100.0000000000000000 ) ) ;
#3422 = LINE ( 'NONE', #3101, #1965 ) ;
#3423 = EDGE_CURVE ( 'NONE', #2811, #2454, #673, .T. ) ;
#3424 = CARTESIAN_POINT ( 'NONE',  ( 334.9999999999999432, 28.52572440762845929, -28.54909394723731353 ) ) ;
#3425 = ORIENTED_EDGE ( 'NONE', *, *, #3810, .F. ) ;
#3426 = DIRECTION ( 'NONE',  ( 0.000000000000000000, 0.000000000000000000, -1.000000000000000000 ) ) ;
#3427 = VECTOR ( 'NONE', #4222, 1000.000000000000000 ) ;
#3428 = ORIENTED_EDGE ( 'NONE', *, *, #3439, .T. ) ;
#3429 = LINE ( 'NONE', #1104, #3566 ) ;
#3430 = EDGE_CURVE ( 'NONE', #3065, #1566, #392, .T. ) ;
#3431 = AXIS2_PLACEMENT_3D ( 'NONE', #1964, #4285, #2314 ) ;
#3432 = AXIS2_PLACEMENT_3D ( 'NONE', #4043, #3975, #2701 ) ;
#3433 = DIRECTION ( 'NONE',  ( 0.000000000000000000, -0.000000000000000000, -1.000000000000000000 ) ) ;
#3434 = ORIENTED_EDGE ( 'NONE', *, *, #1977, .F. ) ;
#3435 = VECTOR ( 'NONE', #3029, 1000.000000000000000 ) ;
#3436 = EDGE_LOOP ( 'NONE', ( #2085, #2299, #1775, #2209 ) ) ;
#3437 = ORIENTED_EDGE ( 'NONE', *, *, #2387, .F. ) ;
#3438 = DIRECTION ( 'NONE',  ( -1.000000000000000000, 0.000000000000000000, 0.000000000000000000 ) ) ;
#3439 = EDGE_CURVE ( 'NONE', #2123, #2347, #349, .T. ) ;
#3440 = CARTESIAN_POINT ( 'NONE',  ( 25.41668463387203403, 29.47716878215687331, -275.0000000000000000 ) ) ;
#3441 = EDGE_CURVE ( 'NONE', #1216, #3232, #1047, .T. ) ;
#3442 = ORIENTED_EDGE ( 'NONE', *, *, #701, .F. ) ;
#3443 = CARTESIAN_POINT ( 'NONE',  ( 0.000000000000000000, 57.99999999999999289, -97.53072466251742867 ) ) ;
#3444 = DIRECTION ( 'NONE',  ( 1.000000000000000000, 0.000000000000000000, 0.000000000000000000 ) ) ;
#3445 = EDGE_CURVE ( 'NONE', #1084, #1194, #3049, .T. ) ;
#3446 = EDGE_CURVE ( 'NONE', #922, #2671, #2155, .T. ) ;
#3447 = APPROVAL_DATE_TIME ( #393, #2240 ) ;
#3448 = CARTESIAN_POINT ( 'NONE',  ( -175.0000000000000000, 30.00000000000000000, -275.0000000000000000 ) ) ;
#3449 = DIRECTION ( 'NONE',  ( 1.000000000000000000, 0.000000000000000000, -0.000000000000000000 ) ) ;
#3450 = EDGE_LOOP ( 'NONE', ( #4139, #3478, #2785, #4058, #4251, #398, #2843, #620 ) ) ;
#3451 = DIRECTION ( 'NONE',  ( 0.000000000000000000, -1.000000000000000000, 0.000000000000000000 ) ) ;
#3452 = ORIENTED_EDGE ( 'NONE', *, *, #3113, .T. ) ;
#3453 = DIRECTION ( 'NONE',  ( 0.000000000000000000, 0.000000000000000000, -1.000000000000000000 ) ) ;
#3454 = CARTESIAN_POINT ( 'NONE',  ( -186.7499198884499094, 15.00000000000000000, 241.8469422204054808 ) ) ;
#3455 = ORIENTED_EDGE ( 'NONE', *, *, #412, .T. ) ;
#3456 = PLANE ( 'NONE',  #1996 ) ;
#3457 = ORIENTED_EDGE ( 'NONE', *, *, #3070, .T. ) ;
#3458 = CARTESIAN_POINT ( 'NONE',  ( 193.2233467303361749, 30.00000000000000000, -290.0000000000000568 ) ) ;
#3459 = CARTESIAN_POINT ( 'NONE',  ( -350.0000119999999697, 51.47427559237154071, 91.45090605276273266 ) ) ;
#3460 = VERTEX_POINT ( 'NONE', #811 ) ;
#3461 = EDGE_CURVE ( 'NONE', #1634, #2323, #461, .T. ) ;
#3462 = DIRECTION ( 'NONE',  ( 1.000000000000000000, 0.000000000000000000, -0.000000000000000000 ) ) ;
#3463 = VECTOR ( 'NONE', #3694, 1000.000000000000000 ) ;
#3464 = AXIS2_PLACEMENT_3D ( 'NONE', #1430, #3657, #1031 ) ;
#3465 = CARTESIAN_POINT ( 'NONE',  ( -186.7499198884499094, 15.00000000000000000, -275.0000000000000000 ) ) ;
#3466 = DIRECTION ( 'NONE',  ( -1.000000000000000000, 0.000000000000000000, 0.000000000000000000 ) ) ;
#3467 = EDGE_CURVE ( 'NONE', #3692, #816, #2523, .T. ) ;
#3468 = ADVANCED_FACE ( 'NONE', ( #2175 ), #2832, .T. ) ;
#3469 = FACE_OUTER_BOUND ( 'NONE', #3959, .T. ) ;
#3470 = VERTEX_POINT ( 'NONE', #1177 ) ;
#3471 = CARTESIAN_POINT ( 'NONE',  ( 309.9999999999998863, 0.000000000000000000, 235.0000000000000284 ) ) ;
#3472 = ORIENTED_EDGE ( 'NONE', *, *, #3591, .F. ) ;
#3473 = PLANE ( 'NONE',  #1687 ) ;
#3474 = VECTOR ( 'NONE', #3228, 1000.000000000000000 ) ;
#3475 = DIRECTION ( 'NONE',  ( -0.000000000000000000, -0.000000000000000000, -1.000000000000000000 ) ) ;
#3476 = ORIENTED_EDGE ( 'NONE', *, *, #1874, .F. ) ;
#3477 = VECTOR ( 'NONE', #3043, 1000.000000000000000 ) ;
#3478 = ORIENTED_EDGE ( 'NONE', *, *, #464, .T. ) ;
#3479 = ORIENTED_EDGE ( 'NONE', *, *, #339, .F. ) ;
#3480 = DIRECTION ( 'NONE',  ( -0.000000000000000000, -0.000000000000000000, 1.000000000000000000 ) ) ;
#3481 = DIRECTION ( 'NONE',  ( 0.000000000000000000, 0.000000000000000000, -1.000000000000000000 ) ) ;
#3482 = VECTOR ( 'NONE', #3036, 1000.000000000000000 ) ;
#3483 = EDGE_CURVE ( 'NONE', #3038, #1582, #2444, .T. ) ;
#3484 = EDGE_LOOP ( 'NONE', ( #1918, #582, #2379, #3495 ) ) ;
#3485 = VERTEX_POINT ( 'NONE', #481 ) ;
#3486 = LINE ( 'NONE', #912, #2271 ) ;
#3487 = CARTESIAN_POINT ( 'NONE',  ( -298.3749599442248837, 95.00000000000000000, -112.5307246625174287 ) ) ;
#3488 = CARTESIAN_POINT ( 'NONE',  ( 31.89227307562280700, 62.46550775036840975, -291.8479422204054572 ) ) ;
#3489 = DIRECTION ( 'NONE',  ( 0.000000000000000000, 1.000000000000000000, 0.000000000000000000 ) ) ;
#3490 = ORIENTED_EDGE ( 'NONE', *, *, #2163, .T. ) ;
#3491 = LINE ( 'NONE', #3814, #3220 ) ;
#3492 = AXIS2_PLACEMENT_3D ( 'NONE', #4023, #3054, #2728 ) ;
#3493 = DIRECTION ( 'NONE',  ( 0.000000000000000000, 0.000000000000000000, 1.000000000000000000 ) ) ;
#3494 = EDGE_LOOP ( 'NONE', ( #1131, #2475, #599, #3679 ) ) ;
#3495 = ORIENTED_EDGE ( 'NONE', *, *, #2703, .T. ) ;
#3496 = EDGE_CURVE ( 'NONE', #3902, #972, #1505, .T. ) ;
#3497 = VERTEX_POINT ( 'NONE', #3522 ) ;
#3498 = LINE ( 'NONE', #883, #641 ) ;
#3499 = VECTOR ( 'NONE', #419, 1000.000000000000000 ) ;
#3500 = CARTESIAN_POINT ( 'NONE',  ( -310.0000000000000568, 80.00000000000000000, 275.0000000000000000 ) ) ;
#3501 = VECTOR ( 'NONE', #2361, 1000.000000000000000 ) ;
#3502 = ORIENTED_EDGE ( 'NONE', *, *, #2047, .F. ) ;
#3503 = VERTEX_POINT ( 'NONE', #874 ) ;
#3504 = DIRECTION ( 'NONE',  ( -0.000000000000000000, -0.000000000000000000, -1.000000000000000000 ) ) ;
#3505 = DIRECTION ( 'NONE',  ( 1.000000000000000000, 0.000000000000000000, 0.000000000000000000 ) ) ;
#3506 = CARTESIAN_POINT ( 'NONE',  ( 215.4079474857348373, 15.00000000000000000, -100.0000000000000000 ) ) ;
#3507 = DIRECTION ( 'NONE',  ( 0.000000000000000000, 0.000000000000000000, -1.000000000000000000 ) ) ;
#3508 = EDGE_CURVE ( 'NONE', #1927, #1750, #2792, .T. ) ;
#3509 = CARTESIAN_POINT ( 'NONE',  ( -191.8812071333370000, 60.00000000000000000, 152.8541871936397456 ) ) ;
#3510 = CARTESIAN_POINT ( 'NONE',  ( -350.0000000000001137, 80.00000000000000000, -28.54909394723731353 ) ) ;
#3511 = VERTEX_POINT ( 'NONE', #3487 ) ;
#3512 = DIRECTION ( 'NONE',  ( 1.000000000000000000, 0.000000000000000000, -0.000000000000000000 ) ) ;
#3513 = ORIENTED_EDGE ( 'NONE', *, *, #4194, .T. ) ;
#3514 = DIRECTION ( 'NONE',  ( 1.000000000000000000, 0.000000000000000000, 0.000000000000000000 ) ) ;
#3515 = EDGE_CURVE ( 'NONE', #3346, #648, #2503, .T. ) ;
#3516 = CARTESIAN_POINT ( 'NONE',  ( -104.6270177182934162, 15.00000000000000000, -178.5658364145832024 ) ) ;
#3517 = EDGE_CURVE ( 'NONE', #2781, #595, #1740, .T. ) ;
#3518 = ORIENTED_EDGE ( 'NONE', *, *, #3900, .T. ) ;
#3519 = ORIENTED_EDGE ( 'NONE', *, *, #353, .T. ) ;
#3520 = ORIENTED_EDGE ( 'NONE', *, *, #76, .T. ) ;
#3521 = CARTESIAN_POINT ( 'NONE',  ( -335.0000000000000568, 80.00000000000000000, -235.0000000000000284 ) ) ;
#3522 = CARTESIAN_POINT ( 'NONE',  ( -25.41668463387208732, 7.460168080204082841, 275.0000000000000000 ) ) ;
#3523 = VECTOR ( 'NONE', #1422, 1000.000000000000000 ) ;
#3524 = VECTOR ( 'NONE', #876, 1000.000000000000000 ) ;
#3525 = EDGE_CURVE ( 'NONE', #3819, #1522, #4087, .T. ) ;
#3526 = AXIS2_PLACEMENT_3D ( 'NONE', #1322, #995, #644 ) ;
#3527 = VECTOR ( 'NONE', #1557, 1000.000000000000000 ) ;
#3528 = FACE_BOUND ( 'NONE', #4165, .T. ) ;
#3529 = CARTESIAN_POINT ( 'NONE',  ( -175.0000000000000000, 30.00000000000000000, -291.8469422204054808 ) ) ;
#3530 = DIRECTION ( 'NONE',  ( 0.000000000000000000, 0.000000000000000000, 1.000000000000000000 ) ) ;
#3531 = CARTESIAN_POINT ( 'NONE',  ( -189.0000000000000000, 30.00000000000000000, 291.8469422204054808 ) ) ;
#3532 = EDGE_LOOP ( 'NONE', ( #152, #1827, #1175, #1782 ) ) ;
#3533 = DIRECTION ( 'NONE',  ( 1.000000000000000000, 0.000000000000000000, 0.000000000000000000 ) ) ;
#3534 = LINE ( 'NONE', #1858, #2350 ) ;
#3535 = VERTEX_POINT ( 'NONE', #3141 ) ;
#3536 = LINE ( 'NONE', #2844, #3314 ) ;
#3537 = DIRECTION ( 'NONE',  ( 0.000000000000000000, 0.000000000000000000, 1.000000000000000000 ) ) ;
#3538 = VECTOR ( 'NONE', #870, 1000.000000000000000 ) ;
#3539 = ADVANCED_FACE ( 'NONE', ( #3768 ), #3809, .T. ) ;
#3540 = ORIENTED_EDGE ( 'NONE', *, *, #450, .T. ) ;
#3541 = ORIENTED_EDGE ( 'NONE', *, *, #1998, .F. ) ;
#3542 = ORIENTED_EDGE ( 'NONE', *, *, #427, .F. ) ;
#3543 = FACE_OUTER_BOUND ( 'NONE', #1516, .T. ) ;
#3544 = VECTOR ( 'NONE', #4109, 1000.000000000000000 ) ;
#3545 = FACE_OUTER_BOUND ( 'NONE', #3450, .T. ) ;
#3546 = VECTOR ( 'NONE', #3710, 1000.000000000000000 ) ;
#3547 = VERTEX_POINT ( 'NONE', #3164 ) ;
#3548 = ADVANCED_FACE ( 'NONE', ( #1867 ), #1487, .F. ) ;
#3549 = LINE ( 'NONE', #4195, #2308 ) ;
#3550 = PLANE ( 'NONE',  #3245 ) ;
#3551 = DIRECTION ( 'NONE',  ( -0.000000000000000000, -0.000000000000000000, 1.000000000000000000 ) ) ;
#3552 = DIRECTION ( 'NONE',  ( -1.000000000000000000, 0.000000000000000000, 0.000000000000000000 ) ) ;
#3553 = ORIENTED_EDGE ( 'NONE', *, *, #63, .T. ) ;
#3554 = LINE ( 'NONE', #612, #1553 ) ;
#3555 = DIRECTION ( 'NONE',  ( 0.000000000000000000, 0.000000000000000000, 1.000000000000000000 ) ) ;
#3556 = ORIENTED_EDGE ( 'NONE', *, *, #4054, .F. ) ;
#3557 = LINE ( 'NONE', #314, #3085 ) ;
#3558 = CARTESIAN_POINT ( 'NONE',  ( 25.41668463387203403, 29.47716878215687331, -245.0000000000000284 ) ) ;
#3559 = ORIENTED_EDGE ( 'NONE', *, *, #217, .T. ) ;
#3560 = ORIENTED_EDGE ( 'NONE', *, *, #980, .F. ) ;
#3561 = DIRECTION ( 'NONE',  ( -0.000000000000000000, -1.000000000000000000, -0.000000000000000000 ) ) ;
#3562 = AXIS2_PLACEMENT_3D ( 'NONE', #3678, #2025, #3030 ) ;
#3563 = ADVANCED_FACE ( 'NONE', ( #2853 ), #4169, .T. ) ;
#3564 = APPROVAL_PERSON_ORGANIZATION ( #915, #2881, #1546 ) ;
#3565 = FACE_OUTER_BOUND ( 'NONE', #2556, .T. ) ;
#3566 = VECTOR ( 'NONE', #3684, 1000.000000000000000 ) ;
#3567 = ORIENTED_EDGE ( 'NONE', *, *, #2647, .T. ) ;
#3568 = AXIS2_PLACEMENT_3D ( 'NONE', #1976, #3996, #3052 ) ;
#3569 = EDGE_CURVE ( 'NONE', #3920, #2729, #1936, .T. ) ;
#3570 = EDGE_CURVE ( 'NONE', #1192, #3713, #2814, .T. ) ;
#3571 = FACE_OUTER_BOUND ( 'NONE', #2034, .T. ) ;
#3572 = DIRECTION ( 'NONE',  ( -0.000000000000000000, -0.000000000000000000, 1.000000000000000000 ) ) ;
#3573 = CARTESIAN_POINT ( 'NONE',  ( 334.9999999999999432, 51.47427559237154071, -148.5490939472373668 ) ) ;
#3574 = FACE_OUTER_BOUND ( 'NONE', #2597, .T. ) ;
#3575 = ORIENTED_EDGE ( 'NONE', *, *, #661, .F. ) ;
#3576 = CARTESIAN_POINT ( 'NONE',  ( -104.6270177182934162, 15.00000000000000000, -178.5658364145832024 ) ) ;
#3577 = FACE_BOUND ( 'NONE', #2230, .T. ) ;
#3578 = ORIENTED_EDGE ( 'NONE', *, *, #35, .F. ) ;
#3579 = DIRECTION ( 'NONE',  ( 0.000000000000000000, 0.000000000000000000, 1.000000000000000000 ) ) ;
#3580 = CARTESIAN_POINT ( 'NONE',  ( -25.41668463387203403, 7.460168080204088170, -275.0000000000000000 ) ) ;
#3581 = EDGE_CURVE ( 'NONE', #3964, #2926, #4131, .T. ) ;
#3582 = ORIENTED_EDGE ( 'NONE', *, *, #1328, .T. ) ;
#3583 = ORIENTED_EDGE ( 'NONE', *, *, #1005, .F. ) ;
#3584 = VERTEX_POINT ( 'NONE', #241 ) ;
#3585 = DIRECTION ( 'NONE',  ( -1.000000000000000000, 0.000000000000000000, -0.000000000000000000 ) ) ;
#3586 = LINE ( 'NONE', #261, #2916 ) ;
#3587 = EDGE_CURVE ( 'NONE', #3920, #2781, #1607, .T. ) ;
#3588 = ORIENTED_EDGE ( 'NONE', *, *, #1259, .T. ) ;
#3589 = CIRCLE ( 'NONE', #1301, 14.00000000000001243 ) ;
#3590 = DIRECTION ( 'NONE',  ( 0.000000000000000000, -0.000000000000000000, 1.000000000000000000 ) ) ;
#3591 = EDGE_CURVE ( 'NONE', #3470, #3819, #646, .T. ) ;
#3592 = DIRECTION ( 'NONE',  ( 0.000000000000000000, 0.000000000000000000, 1.000000000000000000 ) ) ;
#3593 = AXIS2_PLACEMENT_3D ( 'NONE', #739, #716, #3042 ) ;
#3594 = AXIS2_PLACEMENT_3D ( 'NONE', #780, #838, #2100 ) ;
#3595 = CARTESIAN_POINT ( 'NONE',  ( -186.7499198884499094, 15.00000000000000000, 260.0000000000000000 ) ) ;
#3596 = ORIENTED_EDGE ( 'NONE', *, *, #2978, .T. ) ;
#3597 = CARTESIAN_POINT ( 'NONE',  ( 190.9564274098962642, 15.00000000000000000, -275.0000000000000000 ) ) ;
#3598 = CARTESIAN_POINT ( 'NONE',  ( -158.1187928666629716, 60.00000000000000000, 152.8541871936397456 ) ) ;
#3599 = ORIENTED_EDGE ( 'NONE', *, *, #2604, .T. ) ;
#3600 = DIRECTION ( 'NONE',  ( -0.000000000000000000, 0.000000000000000000, 1.000000000000000000 ) ) ;
#3601 = DIRECTION ( 'NONE',  ( 0.000000000000000000, 1.000000000000000000, 0.000000000000000000 ) ) ;
#3602 = ORIENTED_EDGE ( 'NONE', *, *, #975, .T. ) ;
#3603 = ORIENTED_EDGE ( 'NONE', *, *, #3654, .F. ) ;
#3604 = ORIENTED_EDGE ( 'NONE', *, *, #2484, .F. ) ;
#3605 = LINE ( 'NONE', #300, #2344 ) ;
#3606 = EDGE_CURVE ( 'NONE', #2823, #173, #1627, .T. ) ;
#3607 = CARTESIAN_POINT ( 'NONE',  ( -31.89227307562281766, 62.46550775036840975, -275.0000000000000000 ) ) ;
#3608 = AXIS2_PLACEMENT_3D ( 'NONE', #2411, #2668, #1708 ) ;
#3609 = VERTEX_POINT ( 'NONE', #2956 ) ;
#3610 = AXIS2_PLACEMENT_3D ( 'NONE', #2117, #833, #3444 ) ;
#3611 = VECTOR ( 'NONE', #1784, 1000.000000000000000 ) ;
#3612 = CARTESIAN_POINT ( 'NONE',  ( -191.8812071333370000, 15.00000000000000000, 241.8469422204054808 ) ) ;
#3613 = ADVANCED_FACE ( 'NONE', ( #3545 ), #4271, .F. ) ;
#3614 = DIRECTION ( 'NONE',  ( 0.000000000000000000, -1.000000000000000000, 0.000000000000000000 ) ) ;
#3615 = CYLINDRICAL_SURFACE ( 'NONE', #3749, 24.99999999999999289 ) ;
#3616 = ORIENTED_EDGE ( 'NONE', *, *, #1682, .T. ) ;
#3617 = CARTESIAN_POINT ( 'NONE',  ( -298.3749599442248837, 55.00000000000000000, -112.5307246625174287 ) ) ;
#3618 = CARTESIAN_POINT ( 'NONE',  ( 31.89227307562280700, 37.53449224963159736, -260.0000000000000000 ) ) ;
#3619 = ORIENTED_EDGE ( 'NONE', *, *, #3324, .F. ) ;
#3620 = FACE_OUTER_BOUND ( 'NONE', #1221, .T. ) ;
#3621 = FACE_BOUND ( 'NONE', #4207, .T. ) ;
#3622 = EDGE_CURVE ( 'NONE', #4281, #3283, #1973, .T. ) ;
#3623 = ADVANCED_FACE ( 'NONE', ( #3888 ), #913, .T. ) ;
#3624 = ORIENTED_EDGE ( 'NONE', *, *, #3826, .F. ) ;
#3625 = VERTEX_POINT ( 'NONE', #2913 ) ;
#3626 = EDGE_LOOP ( 'NONE', ( #738, #132, #2473, #1381 ) ) ;
#3627 = DIRECTION ( 'NONE',  ( 0.000000000000000000, 0.000000000000000000, 1.000000000000000000 ) ) ;
#3628 = CARTESIAN_POINT ( 'NONE',  ( -350.0000000000001137, 80.00000000000000000, -196.4509060527627184 ) ) ;
#3629 = AXIS2_PLACEMENT_3D ( 'NONE', #183, #1122, #1794 ) ;
#3630 = ORIENTED_EDGE ( 'NONE', *, *, #2943, .T. ) ;
#3631 = VECTOR ( 'NONE', #1983, 1000.000000000000000 ) ;
#3632 = VECTOR ( 'NONE', #1747, 1000.000000000000000 ) ;
#3633 = LINE ( 'NONE', #373, #3839 ) ;
#3634 = LINE ( 'NONE', #2401, #1768 ) ;
#3635 = EDGE_CURVE ( 'NONE', #1350, #2823, #4235, .T. ) ;
#3636 = LINE ( 'NONE', #309, #834 ) ;
#3637 = ORIENTED_EDGE ( 'NONE', *, *, #3884, .F. ) ;
#3638 = CARTESIAN_POINT ( 'NONE',  ( 160.1523579107974626, 30.00000000000000355, 260.0000000000000000 ) ) ;
#3639 = CARTESIAN_POINT ( 'NONE',  ( 179.2065075214463548, 30.00000000000000000, -260.0000000000000000 ) ) ;
#3640 = ORIENTED_EDGE ( 'NONE', *, *, #978, .T. ) ;
#3641 = CARTESIAN_POINT ( 'NONE',  ( 31.89227307562280700, 37.53449224963159736, 291.8479422204054572 ) ) ;
#3642 = CYLINDRICAL_SURFACE ( 'NONE', #150, 19.05414961064888502 ) ;
#3643 = ORIENTED_EDGE ( 'NONE', *, *, #3750, .F. ) ;
#3644 = ORIENTED_EDGE ( 'NONE', *, *, #3359, .F. ) ;
#3645 = EDGE_CURVE ( 'NONE', #3152, #944, #3586, .T. ) ;
#3646 = ORIENTED_EDGE ( 'NONE', *, *, #351, .F. ) ;
#3647 = CARTESIAN_POINT ( 'NONE',  ( -283.3654762541850118, 55.00000000000000000, -112.5307246625174287 ) ) ;
#3648 = DIRECTION ( 'NONE',  ( 0.000000000000000000, 1.000000000000000000, 0.000000000000000000 ) ) ;
#3649 = EDGE_LOOP ( 'NONE', ( #1258, #1857, #929, #3670 ) ) ;
#3650 = DIRECTION ( 'NONE',  ( 1.000000000000000000, 0.000000000000000000, 0.000000000000000000 ) ) ;
#3651 = LINE ( 'NONE', #1023, #2985 ) ;
#3652 = CARTESIAN_POINT ( 'NONE',  ( 310.0000000000000000, 0.000000000000000000, -275.0000000000000000 ) ) ;
#3653 = LINE ( 'NONE', #1376, #237 ) ;
#3654 = EDGE_CURVE ( 'NONE', #3609, #2005, #4191, .T. ) ;
#3655 = CARTESIAN_POINT ( 'NONE',  ( -335.0000000000000568, 51.47427559237154071, -196.4509060527627184 ) ) ;
#3656 = EDGE_LOOP ( 'NONE', ( #994, #3619, #3203, #257 ) ) ;
#3657 = DIRECTION ( 'NONE',  ( -0.000000000000000000, 0.000000000000000000, 1.000000000000000000 ) ) ;
#3658 = FACE_OUTER_BOUND ( 'NONE', #2127, .T. ) ;
#3659 = ORIENTED_EDGE ( 'NONE', *, *, #390, .T. ) ;
#3660 = CARTESIAN_POINT ( 'NONE',  ( 350.0000119999999697, 51.47427559237154071, 91.45090605276273266 ) ) ;
#3661 = AXIS2_PLACEMENT_3D ( 'NONE', #2300, #1018, #3237 ) ;
#3662 = VECTOR ( 'NONE', #2311, 1000.000000000000000 ) ;
#3663 = LINE ( 'NONE', #360, #3546 ) ;
#3664 = CARTESIAN_POINT ( 'NONE',  ( 309.9999999999998863, 15.00000000000000000, 235.0000000000000284 ) ) ;
#3665 = VERTEX_POINT ( 'NONE', #2605 ) ;
#3666 = EDGE_LOOP ( 'NONE', ( #3760, #4134, #386, #496 ) ) ;
#3667 = EDGE_LOOP ( 'NONE', ( #279, #872, #258, #253 ) ) ;
#3668 = DIRECTION ( 'NONE',  ( -0.000000000000000000, -0.000000000000000000, 1.000000000000000000 ) ) ;
#3669 = DIRECTION ( 'NONE',  ( -0.000000000000000000, -1.000000000000000000, -0.000000000000000000 ) ) ;
#3670 = ORIENTED_EDGE ( 'NONE', *, *, #1247, .T. ) ;
#3671 = DIRECTION ( 'NONE',  ( -1.000000000000000000, 0.000000000000000000, 0.000000000000000000 ) ) ;
#3672 = CARTESIAN_POINT ( 'NONE',  ( 179.2065075214463548, 30.00000000000000000, -275.0000000000000000 ) ) ;
#3673 = VECTOR ( 'NONE', #1554, 1000.000000000000000 ) ;
#3674 = ADVANCED_FACE ( 'NONE', ( #3565 ), #1951, .F. ) ;
#3675 = DIRECTION ( 'NONE',  ( 0.000000000000000000, 1.000000000000000000, 0.000000000000000000 ) ) ;
#3676 = FACE_BOUND ( 'NONE', #2600, .T. ) ;
#3677 = VECTOR ( 'NONE', #852, 1000.000000000000000 ) ;
#3678 = CARTESIAN_POINT ( 'NONE',  ( 0.000000000000000000, 55.00000000000000000, -142.5307246625174287 ) ) ;
#3679 = ORIENTED_EDGE ( 'NONE', *, *, #2505, .F. ) ;
#3680 = VECTOR ( 'NONE', #114, 1000.000000000000000 ) ;
#3681 = CARTESIAN_POINT ( 'NONE',  ( -350.0000119999999697, 28.52572440762845929, -196.4509060527627184 ) ) ;
#3682 = DIRECTION ( 'NONE',  ( -1.000000000000000000, 0.000000000000000000, 0.000000000000000000 ) ) ;
#3683 = EDGE_LOOP ( 'NONE', ( #3318, #598, #377, #715, #751, #2952 ) ) ;
#3684 = DIRECTION ( 'NONE',  ( -0.000000000000000000, -1.000000000000000000, -0.000000000000000000 ) ) ;
#3685 = CARTESIAN_POINT ( 'NONE',  ( -350.0000000000001137, 80.00000000000000000, -235.0000000000000284 ) ) ;
#3686 = DIRECTION ( 'NONE',  ( -0.000000000000000000, 1.000000000000000000, 0.000000000000000000 ) ) ;
#3687 = VERTEX_POINT ( 'NONE', #1931 ) ;
#3688 = VERTEX_POINT ( 'NONE', #564 ) ;
#3689 = VERTEX_POINT ( 'NONE', #3219 ) ;
#3690 = LINE ( 'NONE', #4105, #4147 ) ;
#3691 = LINE ( 'NONE', #693, #836 ) ;
#3692 = VERTEX_POINT ( 'NONE', #4254 ) ;
#3693 = ADVANCED_FACE ( 'NONE', ( #585 ), #1910, .F. ) ;
#3694 = DIRECTION ( 'NONE',  ( -0.000000000000000000, -0.000000000000000000, 1.000000000000000000 ) ) ;
#3695 = DIRECTION ( 'NONE',  ( 1.000000000000000000, 0.000000000000000000, 0.000000000000000000 ) ) ;
#3696 = VECTOR ( 'NONE', #3850, 1000.000000000000000 ) ;
#3697 =( NAMED_UNIT ( * ) PLANE_ANGLE_UNIT ( ) SI_UNIT ( $, .RADIAN. ) );
#3698 = FACE_OUTER_BOUND ( 'NONE', #125, .T. ) ;
#3699 = EDGE_CURVE ( 'NONE', #2512, #3067, #3300, .T. ) ;
#3700 = CARTESIAN_POINT ( 'NONE',  ( 179.2065075214463548, 30.00000000000000000, 260.0000000000000000 ) ) ;
#3701 = AXIS2_PLACEMENT_3D ( 'NONE', #675, #2400, #3004 ) ;
#3702 = ADVANCED_FACE ( 'NONE', ( #1544 ), #1585, .T. ) ;
#3703 = VECTOR ( 'NONE', #3776, 1000.000000000000000 ) ;
#3704 = CARTESIAN_POINT ( 'NONE',  ( -175.0000000000000000, 30.00000000000000000, 241.8469422204054808 ) ) ;
#3705 = ORIENTED_EDGE ( 'NONE', *, *, #2515, .F. ) ;
#3706 = CARTESIAN_POINT ( 'NONE',  ( -310.0000000000001137, 80.00000000000000000, 260.0000000000000000 ) ) ;
#3707 = DIRECTION ( 'NONE',  ( -0.000000000000000000, -0.000000000000000000, 1.000000000000000000 ) ) ;
#3708 = EDGE_LOOP ( 'NONE', ( #2058, #3968, #1365, #1541 ) ) ;
#3709 = LINE ( 'NONE', #2335, #2735 ) ;
#3710 = DIRECTION ( 'NONE',  ( -1.000000000000000000, 0.000000000000000000, 0.000000000000000000 ) ) ;
#3711 = DIRECTION ( 'NONE',  ( 1.000000000000000000, 0.000000000000000000, 0.000000000000000000 ) ) ;
#3712 = ORIENTED_EDGE ( 'NONE', *, *, #332, .T. ) ;
#3713 = VERTEX_POINT ( 'NONE', #3607 ) ;
#3714 = ORIENTED_EDGE ( 'NONE', *, *, #1048, .T. ) ;
#3715 = CARTESIAN_POINT ( 'NONE',  ( 25.41668463387203403, 15.00000000000000000, -235.0000000000000284 ) ) ;
#3716 = DIRECTION ( 'NONE',  ( 0.000000000000000000, 0.000000000000000000, -1.000000000000000000 ) ) ;
#3717 = EDGE_CURVE ( 'NONE', #429, #3503, #625, .T. ) ;
#3718 = VERTEX_POINT ( 'NONE', #2218 ) ;
#3719 = FACE_OUTER_BOUND ( 'NONE', #737, .T. ) ;
#3720 = FACE_BOUND ( 'NONE', #3171, .T. ) ;
#3721 = EDGE_CURVE ( 'NONE', #3943, #1750, #718, .T. ) ;
#3722 = DATE_AND_TIME ( #3120, #283 ) ;
#3723 = CARTESIAN_POINT ( 'NONE',  ( -350.0000119999999697, 28.52572440762845929, 43.54909394723738103 ) ) ;
#3724 = CARTESIAN_POINT ( 'NONE',  ( -335.0000000000000568, 80.00000000000000000, -235.0000000000000284 ) ) ;
#3725 = CARTESIAN_POINT ( 'NONE',  ( -283.3654762541850118, 15.00000000000000000, -97.53072466251742867 ) ) ;
#3726 = ORIENTED_EDGE ( 'NONE', *, *, #590, .F. ) ;
#3727 = LINE ( 'NONE', #1678, #58 ) ;
#3728 = DIRECTION ( 'NONE',  ( -1.000000000000000000, 0.000000000000000000, 0.000000000000000000 ) ) ;
#3729 = EDGE_LOOP ( 'NONE', ( #784, #3172, #2716, #2915, #3644, #3898 ) ) ;
#3730 = DIRECTION ( 'NONE',  ( 0.000000000000000000, 1.000000000000000000, -0.000000000000000000 ) ) ;
#3731 = DIRECTION ( 'NONE',  ( 0.000000000000000000, 1.000000000000000000, 0.000000000000000000 ) ) ;
#3732 = CARTESIAN_POINT ( 'NONE',  ( -256.8654762541850118, 57.99999999999999289, -49.53072466251744288 ) ) ;
#3733 = ORIENTED_EDGE ( 'NONE', *, *, #692, .T. ) ;
#3734 = VERTEX_POINT ( 'NONE', #1418 ) ;
#3735 = VECTOR ( 'NONE', #2896, 1000.000000000000000 ) ;
#3736 = AXIS2_PLACEMENT_3D ( 'NONE', #2818, #858, #2450 ) ;
#3737 = ORIENTED_EDGE ( 'NONE', *, *, #812, .F. ) ;
#3738 = DIRECTION ( 'NONE',  ( -1.000000000000000000, 0.000000000000000000, 0.000000000000000000 ) ) ;
#3739 = DIRECTION ( 'NONE',  ( 0.000000000000000000, -1.000000000000000000, 0.000000000000000000 ) ) ;
#3740 = CIRCLE ( 'NONE', #541, 14.00000000000001243 ) ;
#3741 = ORIENTED_EDGE ( 'NONE', *, *, #3931, .F. ) ;
#3742 = EDGE_CURVE ( 'NONE', #2414, #3221, #2016, .T. ) ;
#3743 = CARTESIAN_POINT ( 'NONE',  ( -350.0000000000001137, 0.000000000000000000, -235.0000000000000284 ) ) ;
#3744 = LINE ( 'NONE', #3395, #2502 ) ;
#3745 = EDGE_CURVE ( 'NONE', #78, #555, #43, .T. ) ;
#3746 = CARTESIAN_POINT ( 'NONE',  ( -163.2500801115500622, 15.00000000000000000, -241.8469422204054808 ) ) ;
#3747 = ADVANCED_FACE ( 'NONE', ( #2371 ), #3366, .T. ) ;
#3748 = CARTESIAN_POINT ( 'NONE',  ( 167.4565876329964169, 15.00000000000000000, -275.0000000000000000 ) ) ;
#3749 = AXIS2_PLACEMENT_3D ( 'NONE', #2882, #3207, #653 ) ;
#3750 = EDGE_CURVE ( 'NONE', #1680, #1522, #1348, .T. ) ;
#3751 = LINE ( 'NONE', #1978, #1488 ) ;
#3752 = EDGE_LOOP ( 'NONE', ( #3804, #2037, #2166, #479, #4010, #713 ) ) ;
#3753 = DIRECTION ( 'NONE',  ( 0.000000000000000000, -1.000000000000000000, 0.000000000000000000 ) ) ;
#3754 = ORIENTED_EDGE ( 'NONE', *, *, #2821, .F. ) ;
#3755 = AXIS2_PLACEMENT_3D ( 'NONE', #3945, #893, #2935 ) ;
#3756 = CYLINDRICAL_SURFACE ( 'NONE', #4180, 42.50000000000000711 ) ;
#3757 = EDGE_CURVE ( 'NONE', #2516, #804, #740, .T. ) ;
#3758 = CIRCLE ( 'NONE', #1873, 19.05414961064888502 ) ;
#3759 = DIRECTION ( 'NONE',  ( 1.000000000000000000, 1.820835368068395845E-15, 0.000000000000000000 ) ) ;
#3760 = ORIENTED_EDGE ( 'NONE', *, *, #4159, .F. ) ;
#3761 = VERTEX_POINT ( 'NONE', #2721 ) ;
#3762 = ORIENTED_EDGE ( 'NONE', *, *, #3654, .T. ) ;
#3763 = CARTESIAN_POINT ( 'NONE',  ( -350.0000000000001137, 51.47427559237154071, 43.54909394723738103 ) ) ;
#3764 = CARTESIAN_POINT ( 'NONE',  ( 350.0000119999999697, 51.47427559237154071, 211.4509060527627753 ) ) ;
#3765 = ADVANCED_FACE ( 'NONE', ( #2343 ), #321, .F. ) ;
#3766 = ORIENTED_EDGE ( 'NONE', *, *, #50, .F. ) ;
#3767 = CARTESIAN_POINT ( 'NONE',  ( 334.9999999999999432, 28.52572440762845929, 91.45090605276273266 ) ) ;
#3768 = FACE_OUTER_BOUND ( 'NONE', #2923, .T. ) ;
#3769 = CALENDAR_DATE ( 2026, 21, 5 ) ;
#3770 = CARTESIAN_POINT ( 'NONE',  ( -186.7499198884499094, 15.00000000000000000, -275.0000000000000000 ) ) ;
#3771 = PLANE ( 'NONE',  #3629 ) ;
#3772 = ORIENTED_EDGE ( 'NONE', *, *, #2137, .T. ) ;
#3773 = CARTESIAN_POINT ( 'NONE',  ( -350.0000000000001137, 51.47427559237154071, -235.0000000000000284 ) ) ;
#3774 = AXIS2_PLACEMENT_3D ( 'NONE', #3704, #1100, #704 ) ;
#3775 = ORIENTED_EDGE ( 'NONE', *, *, #3508, .F. ) ;
#3776 = DIRECTION ( 'NONE',  ( 1.000000000000000000, 0.000000000000000000, 0.000000000000000000 ) ) ;
#3777 = AXIS2_PLACEMENT_3D ( 'NONE', #359, #3408, #3337 ) ;
#3778 = EDGE_CURVE ( 'NONE', #4268, #138, #3069, .T. ) ;
#3779 = CARTESIAN_POINT ( 'NONE',  ( -163.2500801115500622, 15.00000000000000000, 260.0000000000000000 ) ) ;
#3780 = VERTEX_POINT ( 'NONE', #2322 ) ;
#3781 = AXIS2_PLACEMENT_3D ( 'NONE', #2000, #3304, #4021 ) ;
#3782 = EDGE_LOOP ( 'NONE', ( #2434, #2132, #3783, #3127 ) ) ;
#3783 = ORIENTED_EDGE ( 'NONE', *, *, #3143, .F. ) ;
#3784 = DIRECTION ( 'NONE',  ( 0.000000000000000000, 0.000000000000000000, -1.000000000000000000 ) ) ;
#3785 = CARTESIAN_POINT ( 'NONE',  ( -310.0000000000001137, 15.00000000000000000, -260.0000000000000000 ) ) ;
#3786 = EDGE_CURVE ( 'NONE', #1947, #972, #1042, .T. ) ;
#3787 = ORIENTED_EDGE ( 'NONE', *, *, #4013, .T. ) ;
#3788 = FACE_OUTER_BOUND ( 'NONE', #2754, .T. ) ;
#3789 = APPROVAL ( #2793, 'UNSPECIFIED' ) ;
#3790 = DIRECTION ( 'NONE',  ( -0.000000000000000000, -0.000000000000000000, 1.000000000000000000 ) ) ;
#3791 = APPROVAL_DATE_TIME ( #3075, #3789 ) ;
#3792 = LINE ( 'NONE', #3488, #639 ) ;
#3793 = ORIENTED_EDGE ( 'NONE', *, *, #177, .T. ) ;
#3794 = DIRECTION ( 'NONE',  ( -1.000000000000000000, 0.000000000000000000, -0.000000000000000000 ) ) ;
#3795 = ORIENTED_EDGE ( 'NONE', *, *, #1075, .F. ) ;
#3796 = EDGE_CURVE ( 'NONE', #1566, #17, #4060, .T. ) ;
#3797 = DIRECTION ( 'NONE',  ( 0.000000000000000000, -0.000000000000000000, -1.000000000000000000 ) ) ;
#3798 = DIRECTION ( 'NONE',  ( 0.000000000000000000, 0.000000000000000000, 1.000000000000000000 ) ) ;
#3799 = ORIENTED_EDGE ( 'NONE', *, *, #3645, .T. ) ;
#3800 = CARTESIAN_POINT ( 'NONE',  ( 310.0000000000000000, 80.00000000000000000, -260.0000000000000000 ) ) ;
#3801 = ORIENTED_EDGE ( 'NONE', *, *, #3461, .F. ) ;
#3802 = DIRECTION ( 'NONE',  ( 0.000000000000000000, 1.000000000000000000, 0.000000000000000000 ) ) ;
#3803 = FACE_OUTER_BOUND ( 'NONE', #516, .T. ) ;
#3804 = ORIENTED_EDGE ( 'NONE', *, *, #1764, .T. ) ;
#3805 = ORIENTED_EDGE ( 'NONE', *, *, #1705, .F. ) ;
#3806 = CARTESIAN_POINT ( 'NONE',  ( -191.8812071333370000, 60.00000000000000000, -241.8469422204054808 ) ) ;
#3807 = AXIS2_PLACEMENT_3D ( 'NONE', #3418, #117, #3048 ) ;
#3808 = VECTOR ( 'NONE', #3707, 1000.000000000000000 ) ;
#3809 = PLANE ( 'NONE',  #4096 ) ;
#3810 = EDGE_CURVE ( 'NONE', #2866, #78, #3691, .T. ) ;
#3811 = DIRECTION ( 'NONE',  ( 1.000000000000000000, 0.000000000000000000, 0.000000000000000000 ) ) ;
#3812 = CARTESIAN_POINT ( 'NONE',  ( 0.000000000000000000, 15.00000000000000000, -112.5307246625174287 ) ) ;
#3813 = ORIENTED_EDGE ( 'NONE', *, *, #276, .T. ) ;
#3814 = CARTESIAN_POINT ( 'NONE',  ( -191.8812071333370000, 15.00000000000000000, 241.8469422204054808 ) ) ;
#3815 = DIRECTION ( 'NONE',  ( -1.000000000000000000, 0.000000000000000000, 0.000000000000000000 ) ) ;
#3816 = ORIENTED_EDGE ( 'NONE', *, *, #4151, .T. ) ;
#3817 = VECTOR ( 'NONE', #4018, 1000.000000000000000 ) ;
#3818 = CARTESIAN_POINT ( 'NONE',  ( -158.1187928666629716, 15.00000000000000000, -241.8469422204054808 ) ) ;
#3819 = VERTEX_POINT ( 'NONE', #1064 ) ;
#3820 = DIRECTION ( 'NONE',  ( -1.000000000000000000, 0.000000000000000000, 0.000000000000000000 ) ) ;
#3821 = LINE ( 'NONE', #3500, #2224 ) ;
#3822 = AXIS2_PLACEMENT_3D ( 'NONE', #734, #685, #2296 ) ;
#3823 = ORIENTED_EDGE ( 'NONE', *, *, #672, .T. ) ;
#3824 = CARTESIAN_POINT ( 'NONE',  ( 167.4565876329964169, 15.00000000000000000, 99.99999999999997158 ) ) ;
#3825 = CARTESIAN_POINT ( 'NONE',  ( 31.89227307562280700, 62.46550775036840975, -275.0000000000000000 ) ) ;
#3826 = EDGE_CURVE ( 'NONE', #1741, #3895, #2416, .T. ) ;
#3827 = CARTESIAN_POINT ( 'NONE',  ( 190.9564274098962642, 15.00000000000000000, 260.0000000000000000 ) ) ;
#3828 = EDGE_CURVE ( 'NONE', #1461, #3943, #4012, .T. ) ;
#3829 = CARTESIAN_POINT ( 'NONE',  ( 25.41668463387203403, 29.47716878215687331, 245.0000000000000284 ) ) ;
#3830 = DIRECTION ( 'NONE',  ( -0.000000000000000000, 0.000000000000000000, -1.000000000000000000 ) ) ;
#3831 = EDGE_CURVE ( 'NONE', #555, #4200, #2394, .T. ) ;
#3832 = CIRCLE ( 'NONE', #3774, 14.00000000000001243 ) ;
#3833 = DIRECTION ( 'NONE',  ( 0.000000000000000000, 1.000000000000000000, 0.000000000000000000 ) ) ;
#3834 = ORIENTED_EDGE ( 'NONE', *, *, #2408, .T. ) ;
#3835 = DIRECTION ( 'NONE',  ( 0.000000000000000000, 0.000000000000000000, 1.000000000000000000 ) ) ;
#3836 = ORIENTED_EDGE ( 'NONE', *, *, #3467, .F. ) ;
#3837 = CARTESIAN_POINT ( 'NONE',  ( -189.0000000000000000, 30.00000000000000000, 241.8469422204054808 ) ) ;
#3838 = VECTOR ( 'NONE', #3128, 1000.000000000000000 ) ;
#3839 = VECTOR ( 'NONE', #1696, 1000.000000000000000 ) ;
#3840 = CARTESIAN_POINT ( 'NONE',  ( 142.0021971965332170, 15.00000000000000000, -100.0000000000000000 ) ) ;
#3841 = VECTOR ( 'NONE', #1773, 1000.000000000000000 ) ;
#3842 = EDGE_LOOP ( 'NONE', ( #2739, #2601, #2722, #695, #30, #965, #4009, #1624 ) ) ;
#3843 = DIRECTION ( 'NONE',  ( -0.000000000000000000, -0.000000000000000000, -1.000000000000000000 ) ) ;
#3844 = VERTEX_POINT ( 'NONE', #998 ) ;
#3845 = ORIENTED_EDGE ( 'NONE', *, *, #351, .T. ) ;
#3846 = DIRECTION ( 'NONE',  ( -1.000000000000000000, 0.000000000000000000, -0.000000000000000000 ) ) ;
#3847 = EDGE_CURVE ( 'NONE', #2988, #2890, #2673, .T. ) ;
#3848 = DIRECTION ( 'NONE',  ( 0.000000000000000000, 0.000000000000000000, 1.000000000000000000 ) ) ;
#3849 = EDGE_CURVE ( 'NONE', #358, #4107, #668, .T. ) ;
#3850 = DIRECTION ( 'NONE',  ( 1.000000000000000000, 0.000000000000000000, 0.000000000000000000 ) ) ;
#3851 = CARTESIAN_POINT ( 'NONE',  ( 25.41668463387203403, 29.47716878215687331, 275.0000000000000000 ) ) ;
#3852 = DIRECTION ( 'NONE',  ( 0.000000000000000000, 0.000000000000000000, -1.000000000000000000 ) ) ;
#3853 = EDGE_CURVE ( 'NONE', #173, #358, #344, .T. ) ;
#3854 = FACE_OUTER_BOUND ( 'NONE', #2339, .T. ) ;
#3855 = ORIENTED_EDGE ( 'NONE', *, *, #2071, .T. ) ;
#3856 = DIRECTION ( 'NONE',  ( -0.000000000000000000, 0.000000000000000000, -1.000000000000000000 ) ) ;
#3857 = ORIENTED_EDGE ( 'NONE', *, *, #3849, .T. ) ;
#3858 = LINE ( 'NONE', #2496, #169 ) ;
#3859 = CARTESIAN_POINT ( 'NONE',  ( -310.0000000000001137, 15.00000000000000000, -235.0000000000000284 ) ) ;
#3860 = ORIENTED_EDGE ( 'NONE', *, *, #2838, .F. ) ;
#3861 = ORIENTED_EDGE ( 'NONE', *, *, #1894, .T. ) ;
#3862 = ORIENTED_EDGE ( 'NONE', *, *, #3439, .F. ) ;
#3863 = FACE_OUTER_BOUND ( 'NONE', #1174, .T. ) ;
#3864 = CARTESIAN_POINT ( 'NONE',  ( 25.41668463387203403, 7.460168080204088170, 245.0000000000000284 ) ) ;
#3865 = VERTEX_POINT ( 'NONE', #3990 ) ;
#3866 = AXIS2_PLACEMENT_3D ( 'NONE', #502, #522, #1828 ) ;
#3867 = VECTOR ( 'NONE', #706, 1000.000000000000000 ) ;
#3868 = EDGE_CURVE ( 'NONE', #4237, #3020, #1691, .T. ) ;
#3869 = VECTOR ( 'NONE', #1130, 1000.000000000000000 ) ;
#3870 = CARTESIAN_POINT ( 'NONE',  ( 310.0000000000000000, 80.00000000000000000, -235.0000000000000284 ) ) ;
#3871 = CARTESIAN_POINT ( 'NONE',  ( -310.0000000000001137, 80.00000000000000000, -260.0000000000000000 ) ) ;
#3872 = LINE ( 'NONE', #2225, #647 ) ;
#3873 = EDGE_CURVE ( 'NONE', #2227, #3584, #974, .T. ) ;
#3874 = DIRECTION ( 'NONE',  ( -1.000000000000000000, 0.000000000000000000, 0.000000000000000000 ) ) ;
#3875 = EDGE_LOOP ( 'NONE', ( #3987, #1357, #4232, #935, #3518, #572 ) ) ;
#3876 = CARTESIAN_POINT ( 'NONE',  ( 31.89227307562280700, 62.46550775036840975, 275.0000000000000000 ) ) ;
#3877 = CARTESIAN_POINT ( 'NONE',  ( 350.0000000000000000, 28.52572440762845929, -76.45090605276266160 ) ) ;
#3878 = ORIENTED_EDGE ( 'NONE', *, *, #63, .F. ) ;
#3879 = CARTESIAN_POINT ( 'NONE',  ( -25.41668463387203403, 29.47716878215687331, -275.0000000000000000 ) ) ;
#3880 = CARTESIAN_POINT ( 'NONE',  ( -335.0000000000000568, 51.47427559237154071, -148.5490939472373668 ) ) ;
#3881 = VECTOR ( 'NONE', #550, 1000.000000000000000 ) ;
#3882 = ORIENTED_EDGE ( 'NONE', *, *, #2921, .T. ) ;
#3883 = ORIENTED_EDGE ( 'NONE', *, *, #3853, .T. ) ;
#3884 = EDGE_CURVE ( 'NONE', #4048, #3902, #1805, .T. ) ;
#3885 = FACE_BOUND ( 'NONE', #2274, .T. ) ;
#3886 = AXIS2_PLACEMENT_3D ( 'NONE', #544, #1788, #3199 ) ;
#3887 = ADVANCED_FACE ( 'NONE', ( #4106 ), #1519, .T. ) ;
#3888 = FACE_OUTER_BOUND ( 'NONE', #1281, .T. ) ;
#3889 = AXIS2_PLACEMENT_3D ( 'NONE', #2466, #1745, #3466 ) ;
#3890 = ORIENTED_EDGE ( 'NONE', *, *, #830, .F. ) ;
#3891 = CARTESIAN_POINT ( 'NONE',  ( 350.0000119999999697, 28.52572440762845929, -28.54909394723731353 ) ) ;
#3892 = LINE ( 'NONE', #2199, #3044 ) ;
#3893 = CARTESIAN_POINT ( 'NONE',  ( -25.41668463387203403, 29.47716878215687331, -245.0000000000000284 ) ) ;
#3894 = LINE ( 'NONE', #2309, #1315 ) ;
#3895 = VERTEX_POINT ( 'NONE', #192 ) ;
#3896 = LINE ( 'NONE', #2251, #920 ) ;
#3897 = DIRECTION ( 'NONE',  ( -0.000000000000000000, -1.000000000000000000, -0.000000000000000000 ) ) ;
#3898 = ORIENTED_EDGE ( 'NONE', *, *, #1914, .F. ) ;
#3899 = CARTESIAN_POINT ( 'NONE',  ( -31.89227307562281766, 37.53449224963159736, -291.8479422204054572 ) ) ;
#3900 = EDGE_CURVE ( 'NONE', #2890, #2269, #3136, .T. ) ;
#3901 = LINE ( 'NONE', #214, #1814 ) ;
#3902 = VERTEX_POINT ( 'NONE', #433 ) ;
#3903 = EDGE_LOOP ( 'NONE', ( #2829, #341, #2759, #1386, #4104, #1534 ) ) ;
#3904 = ORIENTED_EDGE ( 'NONE', *, *, #1707, .T. ) ;
#3905 = FACE_OUTER_BOUND ( 'NONE', #3215, .T. ) ;
#3906 = VECTOR ( 'NONE', #8, 1000.000000000000000 ) ;
#3907 = CARTESIAN_POINT ( 'NONE',  ( 136.2050723411340130, 36.42776134176984471, -100.0000000000000000 ) ) ;
#3908 = EDGE_CURVE ( 'NONE', #145, #2107, #1464, .T. ) ;
#3909 = ORIENTED_EDGE ( 'NONE', *, *, #3606, .T. ) ;
#3910 = CARTESIAN_POINT ( 'NONE',  ( -335.0000000000000568, 51.47427559237154071, -148.5490939472373668 ) ) ;
#3911 = CARTESIAN_POINT ( 'NONE',  ( 25.41668463387203403, 15.00000000000000000, -235.0000000000000284 ) ) ;
#3912 = LINE ( 'NONE', #940, #69 ) ;
#3913 = ORIENTED_EDGE ( 'NONE', *, *, #3445, .T. ) ;
#3914 = EDGE_CURVE ( 'NONE', #4113, #1693, #2459, .T. ) ;
#3915 = DIRECTION ( 'NONE',  ( 0.000000000000000000, 0.000000000000000000, -1.000000000000000000 ) ) ;
#3916 = DIRECTION ( 'NONE',  ( -0.000000000000000000, -0.000000000000000000, 1.000000000000000000 ) ) ;
#3917 = ORIENTED_EDGE ( 'NONE', *, *, #1093, .F. ) ;
#3918 = PLANE ( 'NONE',  #2177 ) ;
#3919 = CARTESIAN_POINT ( 'NONE',  ( 350.0000000000000000, 51.47427559237154071, -148.5490939472373668 ) ) ;
#3920 = VERTEX_POINT ( 'NONE', #4143 ) ;
#3921 = ORIENTED_EDGE ( 'NONE', *, *, #3446, .F. ) ;
#3922 = VERTEX_POINT ( 'NONE', #2845 ) ;
#3923 = CARTESIAN_POINT ( 'NONE',  ( -350.0000119999999697, 51.47427559237154071, -76.45090605276266160 ) ) ;
#3924 = CARTESIAN_POINT ( 'NONE',  ( 350.0000000000000000, 80.00000000000000000, 163.5490939472374521 ) ) ;
#3925 = ORIENTED_EDGE ( 'NONE', *, *, #1148, .T. ) ;
#3926 = VECTOR ( 'NONE', #1218, 1000.000000000000000 ) ;
#3927 = CARTESIAN_POINT ( 'NONE',  ( -175.0000000000000000, 30.00000000000000000, -291.8469422204054808 ) ) ;
#3928 = CIRCLE ( 'NONE', #1510, 19.05414961064888502 ) ;
#3929 = DIRECTION ( 'NONE',  ( 0.000000000000000000, -1.000000000000000000, 0.000000000000000000 ) ) ;
#3930 = VECTOR ( 'NONE', #1929, 1000.000000000000000 ) ;
#3931 = EDGE_CURVE ( 'NONE', #2417, #64, #848, .T. ) ;
#3932 = EDGE_CURVE ( 'NONE', #3895, #2811, #3174, .T. ) ;
#3933 = VECTOR ( 'NONE', #3916, 1000.000000000000000 ) ;
#3934 = DIRECTION ( 'NONE',  ( -0.000000000000000000, -1.000000000000000000, -0.000000000000000000 ) ) ;
#3935 = ORIENTED_EDGE ( 'NONE', *, *, #627, .F. ) ;
#3936 = DIRECTION ( 'NONE',  ( -1.000000000000000000, -0.000000000000000000, -0.000000000000000000 ) ) ;
#3937 = LINE ( 'NONE', #2964, #2486 ) ;
#3938 = ORIENTED_EDGE ( 'NONE', *, *, #3097, .F. ) ;
#3939 = FACE_OUTER_BOUND ( 'NONE', #3494, .T. ) ;
#3940 = CARTESIAN_POINT ( 'NONE',  ( 25.41668463387203403, 7.460168080204088170, -245.0000000000000284 ) ) ;
#3941 = ORIENTED_EDGE ( 'NONE', *, *, #2620, .F. ) ;
#3942 = ORIENTED_EDGE ( 'NONE', *, *, #1991, .F. ) ;
#3943 = VERTEX_POINT ( 'NONE', #134 ) ;
#3944 = CARTESIAN_POINT ( 'NONE',  ( 0.000000000000000000, 0.000000000000000000, -245.0000000000000284 ) ) ;
#3945 = CARTESIAN_POINT ( 'NONE',  ( 0.000000000000000000, 55.00000000000000000, -112.5307246625174287 ) ) ;
#3946 = VECTOR ( 'NONE', #4064, 1000.000000000000000 ) ;
#3947 = ORIENTED_EDGE ( 'NONE', *, *, #2090, .F. ) ;
#3948 = VECTOR ( 'NONE', #2648, 1000.000000000000000 ) ;
#3949 = ADVANCED_FACE ( 'NONE', ( #3158 ), #4163, .T. ) ;
#3950 = AXIS2_PLACEMENT_3D ( 'NONE', #1410, #2736, #3295 ) ;
#3951 = FACE_OUTER_BOUND ( 'NONE', #2319, .T. ) ;
#3952 = DIRECTION ( 'NONE',  ( 0.000000000000000000, 0.000000000000000000, 1.000000000000000000 ) ) ;
#3953 = EDGE_CURVE ( 'NONE', #595, #2729, #1439, .T. ) ;
#3954 = DIRECTION ( 'NONE',  ( -0.000000000000000000, -0.000000000000000000, 1.000000000000000000 ) ) ;
#3955 = ORIENTED_EDGE ( 'NONE', *, *, #1470, .F. ) ;
#3956 = CARTESIAN_POINT ( 'NONE',  ( 350.0000000000000000, 28.52572440762845929, -235.0000000000000284 ) ) ;
#3957 = CARTESIAN_POINT ( 'NONE',  ( 179.2065075214463548, 30.00000000000000000, -275.0000000000000000 ) ) ;
#3958 = CC_DESIGN_DATE_AND_TIME_ASSIGNMENT ( #3397, #418, ( #2939 ) ) ;
#3959 = EDGE_LOOP ( 'NONE', ( #971, #123, #487, #1840 ) ) ;
#3960 = FACE_OUTER_BOUND ( 'NONE', #277, .T. ) ;
#3961 = CARTESIAN_POINT ( 'NONE',  ( 31.89227307562280700, 62.46550775036840975, 275.0000000000000000 ) ) ;
#3962 = ORIENTED_EDGE ( 'NONE', *, *, #1268, .F. ) ;
#3963 = VERTEX_POINT ( 'NONE', #2787 ) ;
#3964 = VERTEX_POINT ( 'NONE', #2131 ) ;
#3965 = CARTESIAN_POINT ( 'NONE',  ( -310.0000000000000568, 80.00000000000000000, 260.0000000000000000 ) ) ;
#3966 = CARTESIAN_POINT ( 'NONE',  ( 334.9999999999999432, 51.47427559237154071, -28.54909394723731353 ) ) ;
#3967 = AXIS2_PLACEMENT_3D ( 'NONE', #3210, #2946, #3533 ) ;
#3968 = ORIENTED_EDGE ( 'NONE', *, *, #3515, .F. ) ;
#3969 = EDGE_CURVE ( 'NONE', #688, #3460, #868, .T. ) ;
#3970 = DIRECTION ( 'NONE',  ( 1.000000000000000000, 0.000000000000000000, 0.000000000000000000 ) ) ;
#3971 = VECTOR ( 'NONE', #2254, 1000.000000000000000 ) ;
#3972 = LINE ( 'NONE', #24, #3946 ) ;
#3973 = VECTOR ( 'NONE', #2327, 1000.000000000000000 ) ;
#3974 = VECTOR ( 'NONE', #547, 1000.000000000000000 ) ;
#3975 = DIRECTION ( 'NONE',  ( -0.000000000000000000, -0.000000000000000000, 1.000000000000000000 ) ) ;
#3976 = LINE ( 'NONE', #2353, #3285 ) ;
#3977 = PLANE ( 'NONE',  #2655 ) ;
#3978 = EDGE_LOOP ( 'NONE', ( #3519, #1558, #171, #911 ) ) ;
#3979 = LINE ( 'NONE', #3681, #1793 ) ;
#3980 = CARTESIAN_POINT ( 'NONE',  ( 104.6270177182934162, 75.00000000000000000, -178.5658364145832024 ) ) ;
#3981 = VERTEX_POINT ( 'NONE', #2763 ) ;
#3982 = CARTESIAN_POINT ( 'NONE',  ( 334.9999999999999432, 28.52572440762845929, 211.4509060527627753 ) ) ;
#3983 = EDGE_CURVE ( 'NONE', #3322, #1949, #4083, .T. ) ;
#3984 = FACE_OUTER_BOUND ( 'NONE', #611, .T. ) ;
#3985 = LINE ( 'NONE', #1341, #4230 ) ;
#3986 = ORIENTED_EDGE ( 'NONE', *, *, #116, .F. ) ;
#3987 = ORIENTED_EDGE ( 'NONE', *, *, #3192, .T. ) ;
#3988 = ORIENTED_EDGE ( 'NONE', *, *, #2828, .F. ) ;
#3989 = DIRECTION ( 'NONE',  ( 0.000000000000000000, 0.000000000000000000, -1.000000000000000000 ) ) ;
#3990 = CARTESIAN_POINT ( 'NONE',  ( -160.9999999999999716, 30.00000000000000000, -241.8469422204054808 ) ) ;
#3991 = EDGE_CURVE ( 'NONE', #2669, #3963, #1501, .T. ) ;
#3992 = VERTEX_POINT ( 'NONE', #2478 ) ;
#3993 = CARTESIAN_POINT ( 'NONE',  ( -350.0000000000001137, 28.52572440762845929, -28.54909394723731353 ) ) ;
#3994 = CARTESIAN_POINT ( 'NONE',  ( -191.8812071333370000, 60.00000000000000000, -241.8469422204054808 ) ) ;
#3995 = DIRECTION ( 'NONE',  ( -1.000000000000000000, 0.000000000000000000, 0.000000000000000000 ) ) ;
#3996 = DIRECTION ( 'NONE',  ( 0.000000000000000000, 1.000000000000000000, -0.000000000000000000 ) ) ;
#3997 = CARTESIAN_POINT ( 'NONE',  ( 179.2065075214463548, 30.00000000000000000, -260.0000000000000000 ) ) ;
#3998 = ORIENTED_EDGE ( 'NONE', *, *, #460, .F. ) ;
#3999 = CARTESIAN_POINT ( 'NONE',  ( -175.0000000000000000, 30.00000000000000000, -241.8469422204054808 ) ) ;
#4000 = CARTESIAN_POINT ( 'NONE',  ( -258.3749599442248837, 15.00000000000000000, 0.000000000000000000 ) ) ;
#4001 = ORIENTED_EDGE ( 'NONE', *, *, #2303, .T. ) ;
#4002 = LINE ( 'NONE', #2663, #235 ) ;
#4003 = AXIS2_PLACEMENT_3D ( 'NONE', #2245, #226, #2348 ) ;
#4004 = AXIS2_PLACEMENT_3D ( 'NONE', #2332, #2730, #681 ) ;
#4005 = CARTESIAN_POINT ( 'NONE',  ( -298.3749599442248837, 55.00000000000000000, -142.5307246625174287 ) ) ;
#4006 = ADVANCED_FACE ( 'NONE', ( #1173, #3803 ), #1111, .T. ) ;
#4007 = CARTESIAN_POINT ( 'NONE',  ( -25.41668463387203403, 15.00000000000000000, 245.0000000000000284 ) ) ;
#4008 = ORIENTED_EDGE ( 'NONE', *, *, #1911, .F. ) ;
#4009 = ORIENTED_EDGE ( 'NONE', *, *, #4150, .F. ) ;
#4010 = ORIENTED_EDGE ( 'NONE', *, *, #2195, .F. ) ;
#4011 = CARTESIAN_POINT ( 'NONE',  ( 193.2233467303361749, 30.00000000000000000, 290.0000000000000568 ) ) ;
#4012 = LINE ( 'NONE', #1368, #969 ) ;
#4013 = EDGE_CURVE ( 'NONE', #2742, #2552, #3821, .T. ) ;
#4014 = ORIENTED_EDGE ( 'NONE', *, *, #390, .F. ) ;
#4015 = CARTESIAN_POINT ( 'NONE',  ( -186.7499198884499094, 15.00000000000000000, -275.0000000000000000 ) ) ;
#4016 = ADVANCED_FACE ( 'NONE', ( #3416 ), #2439, .T. ) ;
#4017 = VECTOR ( 'NONE', #3815, 1000.000000000000000 ) ;
#4018 = DIRECTION ( 'NONE',  ( 1.000000000000000000, -0.000000000000000000, 0.000000000000000000 ) ) ;
#4019 = VECTOR ( 'NONE', #3669, 1000.000000000000000 ) ;
#4020 = CARTESIAN_POINT ( 'NONE',  ( -310.0000000000000568, 80.00000000000000000, 275.0000000000000000 ) ) ;
#4021 = DIRECTION ( 'NONE',  ( -1.000000000000000000, 0.000000000000000000, -0.000000000000000000 ) ) ;
#4022 = AXIS2_PLACEMENT_3D ( 'NONE', #4126, #1762, #1825 ) ;
#4023 = CARTESIAN_POINT ( 'NONE',  ( 350.0000119999999697, 51.47427559237154071, -28.54909394723731353 ) ) ;
#4024 = EDGE_LOOP ( 'NONE', ( #2075, #1986, #1320, #866 ) ) ;
#4025 = PLANE ( 'NONE',  #749 ) ;
#4026 = DIRECTION ( 'NONE',  ( -0.000000000000000000, -0.000000000000000000, -1.000000000000000000 ) ) ;
#4027 = ORIENTED_EDGE ( 'NONE', *, *, #2282, .T. ) ;
#4028 = EDGE_CURVE ( 'NONE', #1230, #1257, #946, .T. ) ;
#4029 = CARTESIAN_POINT ( 'NONE',  ( 350.0000000000000000, 80.00000000000000000, -235.0000000000000284 ) ) ;
#4030 = PLANE ( 'NONE',  #215 ) ;
#4031 = CARTESIAN_POINT ( 'NONE',  ( 198.2606571320952185, 30.00000000000000000, -275.0000000000000000 ) ) ;
#4032 = VERTEX_POINT ( 'NONE', #1214 ) ;
#4033 = ORIENTED_EDGE ( 'NONE', *, *, #1121, .T. ) ;
#4034 = ORIENTED_EDGE ( 'NONE', *, *, #4067, .F. ) ;
#4035 = CARTESIAN_POINT ( 'NONE',  ( 25.41668463387203403, 7.460168080204088170, -275.0000000000000000 ) ) ;
#4036 = EDGE_CURVE ( 'NONE', #2123, #82, #3901, .T. ) ;
#4037 = DIRECTION ( 'NONE',  ( -0.000000000000000000, -1.000000000000000000, -0.000000000000000000 ) ) ;
#4038 = VERTEX_POINT ( 'NONE', #3214 ) ;
#4039 = LINE ( 'NONE', #1694, #824 ) ;
#4040 = EDGE_CURVE ( 'NONE', #2430, #2563, #294, .T. ) ;
#4041 = CARTESIAN_POINT ( 'NONE',  ( -25.41668463387203403, 29.47716878215687331, 275.0000000000000000 ) ) ;
#4042 = VECTOR ( 'NONE', #1377, 1000.000000000000000 ) ;
#4043 = CARTESIAN_POINT ( 'NONE',  ( -175.0000000000000000, 30.00000000000000000, -275.0000000000000000 ) ) ;
#4044 = CARTESIAN_POINT ( 'NONE',  ( -350.0000000000001137, 80.00000000000000000, -235.0000000000000284 ) ) ;
#4045 = VECTOR ( 'NONE', #897, 1000.000000000000000 ) ;
#4046 = AXIS2_PLACEMENT_3D ( 'NONE', #2641, #1905, #2295 ) ;
#4047 = FACE_OUTER_BOUND ( 'NONE', #1061, .T. ) ;
#4048 = VERTEX_POINT ( 'NONE', #2559 ) ;
#4049 = DIRECTION ( 'NONE',  ( -1.000000000000000000, 0.000000000000000000, 0.000000000000000000 ) ) ;
#4050 = CARTESIAN_POINT ( 'NONE',  ( -310.0000000000001137, 15.00000000000000000, -260.0000000000000000 ) ) ;
#4051 = VERTEX_POINT ( 'NONE', #1278 ) ;
#4052 = CARTESIAN_POINT ( 'NONE',  ( -175.0000000000000000, 30.00000000000000000, 260.0000000000000000 ) ) ;
#4053 = CARTESIAN_POINT ( 'NONE',  ( 179.2065075214463548, 30.00000000000000000, -290.0000000000000568 ) ) ;
#4054 = EDGE_CURVE ( 'NONE', #2261, #4281, #1622, .T. ) ;
#4055 = CARTESIAN_POINT ( 'NONE',  ( 25.41668463387203403, 7.460168080204088170, -245.0000000000000284 ) ) ;
#4056 = ORIENTED_EDGE ( 'NONE', *, *, #1234, .T. ) ;
#4057 = EDGE_LOOP ( 'NONE', ( #731, #850, #3343, #1555 ) ) ;
#4058 = ORIENTED_EDGE ( 'NONE', *, *, #2103, .F. ) ;
#4059 = CARTESIAN_POINT ( 'NONE',  ( 350.0000119999999697, 28.52572440762845929, 43.54909394723738103 ) ) ;
#4060 = LINE ( 'NONE', #1088, #3948 ) ;
#4061 = EDGE_CURVE ( 'NONE', #4051, #2706, #3254, .T. ) ;
#4062 = EDGE_LOOP ( 'NONE', ( #1865, #530, #2562, #3162 ) ) ;
#4063 = CARTESIAN_POINT ( 'NONE',  ( 198.2606571320952185, 30.00000000000000000, -275.0000000000000000 ) ) ;
#4064 = DIRECTION ( 'NONE',  ( 1.000000000000000000, 0.000000000000000000, 0.000000000000000000 ) ) ;
#4065 = ADVANCED_FACE ( 'NONE', ( #885 ), #928, .F. ) ;
#4066 = DIRECTION ( 'NONE',  ( 1.000000000000000000, 0.000000000000000000, 0.000000000000000000 ) ) ;
#4067 = EDGE_CURVE ( 'NONE', #3688, #3689, #1539, .T. ) ;
#4068 = LINE ( 'NONE', #2377, #3016 ) ;
#4069 = DIRECTION ( 'NONE',  ( 0.000000000000000000, -0.000000000000000000, -1.000000000000000000 ) ) ;
#4070 = VERTEX_POINT ( 'NONE', #3919 ) ;
#4071 = CARTESIAN_POINT ( 'NONE',  ( 179.2065075214463548, 30.00000000000000000, -275.0000000000000000 ) ) ;
#4072 = ORIENTED_EDGE ( 'NONE', *, *, #3013, .F. ) ;
#4073 = CARTESIAN_POINT ( 'NONE',  ( 350.0000119999999697, 28.52572440762845929, 211.4509060527627753 ) ) ;
#4074 = EDGE_CURVE ( 'NONE', #2706, #2269, #1560, .T. ) ;
#4075 = EDGE_CURVE ( 'NONE', #3547, #1948, #2637, .T. ) ;
#4076 = DIRECTION ( 'NONE',  ( 0.000000000000000000, 0.000000000000000000, -1.000000000000000000 ) ) ;
#4077 = ORIENTED_EDGE ( 'NONE', *, *, #3569, .F. ) ;
#4078 = EDGE_LOOP ( 'NONE', ( #3315, #1212, #768, #3596 ) ) ;
#4079 = AXIS2_PLACEMENT_3D ( 'NONE', #2481, #2891, #3846 ) ;
#4080 = VECTOR ( 'NONE', #1313, 1000.000000000000000 ) ;
#4081 = ORIENTED_EDGE ( 'NONE', *, *, #1972, .F. ) ;
#4082 = DIRECTION ( 'NONE',  ( -0.000000000000000000, -0.000000000000000000, -1.000000000000000000 ) ) ;
#4083 = LINE ( 'NONE', #176, #2157 ) ;
#4084 = VECTOR ( 'NONE', #1041, 1000.000000000000000 ) ;
#4085 = VERTEX_POINT ( 'NONE', #3580 ) ;
#4086 = DIRECTION ( 'NONE',  ( -0.000000000000000000, -1.000000000000000000, 0.000000000000000000 ) ) ;
#4087 = LINE ( 'NONE', #523, #3544 ) ;
#4088 = CARTESIAN_POINT ( 'NONE',  ( 350.0000000000000000, 28.52572440762845929, -235.0000000000000284 ) ) ;
#4089 = DIRECTION ( 'NONE',  ( 1.000000000000000000, 0.000000000000000000, 0.000000000000000000 ) ) ;
#4090 = ADVANCED_FACE ( 'NONE', ( #274 ), #1295, .F. ) ;
#4091 = VECTOR ( 'NONE', #3833, 1000.000000000000000 ) ;
#4092 = DIRECTION ( 'NONE',  ( 0.000000000000000000, 0.000000000000000000, 1.000000000000000000 ) ) ;
#4093 = VERTEX_POINT ( 'NONE', #2619 ) ;
#4094 = DIRECTION ( 'NONE',  ( -1.000000000000000000, 0.000000000000000000, 0.000000000000000000 ) ) ;
#4095 = ORIENTED_EDGE ( 'NONE', *, *, #3847, .F. ) ;
#4096 = AXIS2_PLACEMENT_3D ( 'NONE', #504, #3180, #2194 ) ;
#4097 = DIRECTION ( 'NONE',  ( -1.000000000000000000, 0.000000000000000000, 0.000000000000000000 ) ) ;
#4098 = EDGE_CURVE ( 'NONE', #2645, #3485, #2272, .T. ) ;
#4099 = VECTOR ( 'NONE', #3094, 1000.000000000000000 ) ;
#4100 = CC_DESIGN_PERSON_AND_ORGANIZATION_ASSIGNMENT ( #440, #1445, ( #1207 ) ) ;
#4101 = DIRECTION ( 'NONE',  ( 0.000000000000000000, -1.000000000000000000, 0.000000000000000000 ) ) ;
#4102 = ORIENTED_EDGE ( 'NONE', *, *, #1135, .T. ) ;
#4103 = CARTESIAN_POINT ( 'NONE',  ( -191.8812071333370000, 15.00000000000000000, 241.8469422204054808 ) ) ;
#4104 = ORIENTED_EDGE ( 'NONE', *, *, #1748, .F. ) ;
#4105 = CARTESIAN_POINT ( 'NONE',  ( 31.89227307562280700, 37.53449224963159736, -275.0000000000000000 ) ) ;
#4106 = FACE_OUTER_BOUND ( 'NONE', #2709, .T. ) ;
#4107 = VERTEX_POINT ( 'NONE', #3880 ) ;
#4108 = DIRECTION ( 'NONE',  ( 1.000000000000000000, 0.000000000000000000, 0.000000000000000000 ) ) ;
#4109 = DIRECTION ( 'NONE',  ( -1.000000000000000000, 0.000000000000000000, 0.000000000000000000 ) ) ;
#4110 = EDGE_CURVE ( 'NONE', #800, #3689, #1323, .T. ) ;
#4111 = CARTESIAN_POINT ( 'NONE',  ( -350.0000119999999697, 28.52572440762845929, 211.4509060527627753 ) ) ;
#4112 = DIRECTION ( 'NONE',  ( 0.000000000000000000, 0.000000000000000000, -1.000000000000000000 ) ) ;
#4113 = VERTEX_POINT ( 'NONE', #4182 ) ;
#4114 = CARTESIAN_POINT ( 'NONE',  ( 31.89227307562280700, 62.46550775036840975, 260.0000000000000000 ) ) ;
#4115 = VECTOR ( 'NONE', #1291, 1000.000000000000000 ) ;
#4116 = VERTEX_POINT ( 'NONE', #4247 ) ;
#4117 = DIRECTION ( 'NONE',  ( 1.000000000000000000, 0.000000000000000000, 0.000000000000000000 ) ) ;
#4118 = CC_DESIGN_SECURITY_CLASSIFICATION ( #2939, ( #1945 ) ) ;
#4119 = VECTOR ( 'NONE', #336, 1000.000000000000000 ) ;
#4120 = LINE ( 'NONE', #2780, #1527 ) ;
#4121 = EDGE_LOOP ( 'NONE', ( #3277, #3816, #449, #2257 ) ) ;
#4122 = VECTOR ( 'NONE', #703, 1000.000000000000000 ) ;
#4123 = VERTEX_POINT ( 'NONE', #2538 ) ;
#4124 = ORIENTED_EDGE ( 'NONE', *, *, #175, .T. ) ;
#4125 = FACE_OUTER_BOUND ( 'NONE', #1437, .T. ) ;
#4126 = CARTESIAN_POINT ( 'NONE',  ( 350.0000119999999697, 51.47427559237154071, -196.4509060527627184 ) ) ;
#4127 = ORIENTED_EDGE ( 'NONE', *, *, #629, .F. ) ;
#4128 = ORIENTED_EDGE ( 'NONE', *, *, #2329, .F. ) ;
#4129 = DIRECTION ( 'NONE',  ( -0.000000000000000000, -0.000000000000000000, -1.000000000000000000 ) ) ;
#4130 = EDGE_CURVE ( 'NONE', #521, #319, #2015, .T. ) ;
#4131 = LINE ( 'NONE', #3924, #1528 ) ;
#4132 = CARTESIAN_POINT ( 'NONE',  ( -350.0000119999999697, 28.52572440762845929, -148.5490939472373668 ) ) ;
#4133 = FACE_OUTER_BOUND ( 'NONE', #1260, .T. ) ;
#4134 = ORIENTED_EDGE ( 'NONE', *, *, #1424, .F. ) ;
#4135 = DIRECTION ( 'NONE',  ( 0.000000000000000000, 1.000000000000000000, -0.000000000000000000 ) ) ;
#4136 = ADVANCED_FACE ( 'NONE', ( #580 ), #2233, .F. ) ;
#4137 = LINE ( 'NONE', #2453, #4225 ) ;
#4138 = ORIENTED_EDGE ( 'NONE', *, *, #2500, .T. ) ;
#4139 = ORIENTED_EDGE ( 'NONE', *, *, #505, .F. ) ;
#4140 = ORIENTED_EDGE ( 'NONE', *, *, #2445, .F. ) ;
#4141 = DIRECTION ( 'NONE',  ( 1.000000000000000000, -0.000000000000000000, 0.000000000000000000 ) ) ;
#4142 = EDGE_CURVE ( 'NONE', #690, #3943, #3234, .T. ) ;
#4143 = CARTESIAN_POINT ( 'NONE',  ( 136.2050723411340130, 36.42776134176984471, -100.0000000000000000 ) ) ;
#4144 = ORIENTED_EDGE ( 'NONE', *, *, #3932, .F. ) ;
#4145 = ORIENTED_EDGE ( 'NONE', *, *, #1121, .F. ) ;
#4146 = CARTESIAN_POINT ( 'NONE',  ( -299.8654762541850118, 57.99999999999999289, 0.000000000000000000 ) ) ;
#4147 = VECTOR ( 'NONE', #2342, 1000.000000000000000 ) ;
#4148 = VECTOR ( 'NONE', #656, 1000.000000000000000 ) ;
#4149 = DIRECTION ( 'NONE',  ( 0.000000000000000000, 0.000000000000000000, -1.000000000000000000 ) ) ;
#4150 = EDGE_CURVE ( 'NONE', #800, #1540, #1731, .T. ) ;
#4151 = EDGE_CURVE ( 'NONE', #3152, #1542, #3663, .T. ) ;
#4152 = DIRECTION ( 'NONE',  ( -0.000000000000000000, -1.000000000000000000, -0.000000000000000000 ) ) ;
#4153 = LINE ( 'NONE', #817, #3387 ) ;
#4154 = CARTESIAN_POINT ( 'NONE',  ( 334.9999999999998863, 15.00000000000000000, -235.0000000000000284 ) ) ;
#4155 = VECTOR ( 'NONE', #2364, 1000.000000000000000 ) ;
#4156 = CARTESIAN_POINT ( 'NONE',  ( -25.41668463387203403, 15.00000000000000000, -245.0000000000000284 ) ) ;
#4157 = VERTEX_POINT ( 'NONE', #1683 ) ;
#4158 = AXIS2_PLACEMENT_3D ( 'NONE', #2565, #2543, #1300 ) ;
#4159 = EDGE_CURVE ( 'NONE', #3034, #2908, #59, .T. ) ;
#4160 = DIRECTION ( 'NONE',  ( 0.000000000000000000, -1.000000000000000000, 0.000000000000000000 ) ) ;
#4161 = ORIENTED_EDGE ( 'NONE', *, *, #1535, .F. ) ;
#4162 = LINE ( 'NONE', #2148, #1514 ) ;
#4163 = PLANE ( 'NONE',  #2572 ) ;
#4164 = VECTOR ( 'NONE', #1944, 1000.000000000000000 ) ;
#4165 = EDGE_LOOP ( 'NONE', ( #115, #1608, #2624, #1279 ) ) ;
#4166 = ORIENTED_EDGE ( 'NONE', *, *, #3380, .T. ) ;
#4167 = EDGE_CURVE ( 'NONE', #3082, #3175, #281, .T. ) ;
#4168 = PLANE ( 'NONE',  #4079 ) ;
#4169 = PLANE ( 'NONE',  #3886 ) ;
#4170 = EDGE_CURVE ( 'NONE', #2563, #2645, #2642, .T. ) ;
#4171 = DIRECTION ( 'NONE',  ( -1.000000000000000000, 0.000000000000000000, 0.000000000000000000 ) ) ;
#4172 = DIRECTION ( 'NONE',  ( 1.000000000000000000, 0.000000000000000000, 0.000000000000000000 ) ) ;
#4173 = LINE ( 'NONE', #1206, #2810 ) ;
#4174 = VECTOR ( 'NONE', #4282, 1000.000000000000000 ) ;
#4175 = CARTESIAN_POINT ( 'NONE',  ( 178.7050723411340414, 36.42776134176983760, -100.0000000000000000 ) ) ;
#4176 = ORIENTED_EDGE ( 'NONE', *, *, #629, .T. ) ;
#4177 = CARTESIAN_POINT ( 'NONE',  ( 350.0000119999999697, 51.47427559237154071, 91.45090605276273266 ) ) ;
#4178 = ORIENTED_EDGE ( 'NONE', *, *, #864, .F. ) ;
#4179 = DIRECTION ( 'NONE',  ( 0.000000000000000000, -1.000000000000000000, 0.000000000000000000 ) ) ;
#4180 = AXIS2_PLACEMENT_3D ( 'NONE', #451, #1432, #3015 ) ;
#4181 = VECTOR ( 'NONE', #119, 1000.000000000000000 ) ;
#4182 = CARTESIAN_POINT ( 'NONE',  ( 25.41668463387203403, 15.00000000000000000, -260.0000000000000000 ) ) ;
#4183 = EDGE_CURVE ( 'NONE', #4070, #1912, #405, .T. ) ;
#4184 = LOCAL_TIME ( 19, 12, 23.00000000000000000, #1178 ) ;
#4185 = AXIS2_PLACEMENT_3D ( 'NONE', #2897, #3614, #266 ) ;
#4186 = ORIENTED_EDGE ( 'NONE', *, *, #3570, .F. ) ;
#4187 = ORIENTED_EDGE ( 'NONE', *, *, #2528, .F. ) ;
#4188 = ORIENTED_EDGE ( 'NONE', *, *, #1590, .T. ) ;
#4189 = CARTESIAN_POINT ( 'NONE',  ( -163.2500801115500622, 15.00000000000000000, -275.0000000000000000 ) ) ;
#4190 = EDGE_CURVE ( 'NONE', #2147, #1979, #2008, .T. ) ;
#4191 = LINE ( 'NONE', #2238, #2221 ) ;
#4192 = ORIENTED_EDGE ( 'NONE', *, *, #3209, .T. ) ;
#4193 = EDGE_CURVE ( 'NONE', #1656, #555, #2031, .T. ) ;
#4194 = EDGE_CURVE ( 'NONE', #2510, #2236, #988, .T. ) ;
#4195 = CARTESIAN_POINT ( 'NONE',  ( 0.000000000000000000, 15.00000000000000000, -112.5307246625174287 ) ) ;
#4196 = DIRECTION ( 'NONE',  ( 0.000000000000000000, 1.000000000000000000, 0.000000000000000000 ) ) ;
#4197 = CARTESIAN_POINT ( 'NONE',  ( -350.0000000000001137, 28.52572440762845929, -76.45090605276266160 ) ) ;
#4198 = ADVANCED_FACE ( 'NONE', ( #3061, #3621, #968, #84, #337 ), #4030, .F. ) ;
#4199 = LINE ( 'NONE', #1226, #2914 ) ;
#4200 = VERTEX_POINT ( 'NONE', #3961 ) ;
#4201 = LINE ( 'NONE', #3956, #4174 ) ;
#4202 = CARTESIAN_POINT ( 'NONE',  ( -335.0000000000000568, 80.00000000000000000, 235.0000000000000284 ) ) ;
#4203 = EDGE_CURVE ( 'NONE', #648, #310, #2362, .T. ) ;
#4204 = ORIENTED_EDGE ( 'NONE', *, *, #1181, .T. ) ;
#4205 = LINE ( 'NONE', #2598, #3631 ) ;
#4206 = CARTESIAN_POINT ( 'NONE',  ( -104.6270177182934162, 75.00000000000000000, -178.5658364145832024 ) ) ;
#4207 = EDGE_LOOP ( 'NONE', ( #4027, #728, #2874, #2932 ) ) ;
#4208 = EDGE_LOOP ( 'NONE', ( #3890, #3962, #1314, #3188 ) ) ;
#4209 = ORIENTED_EDGE ( 'NONE', *, *, #1878, .T. ) ;
#4210 = CARTESIAN_POINT ( 'NONE',  ( -158.1187928666629716, 15.00000000000000000, -152.8541871936397456 ) ) ;
#4211 = DIRECTION ( 'NONE',  ( 0.000000000000000000, 1.000000000000000000, 0.000000000000000000 ) ) ;
#4212 = ORIENTED_EDGE ( 'NONE', *, *, #2750, .T. ) ;
#4213 = AXIS2_PLACEMENT_3D ( 'NONE', #2858, #1897, #3970 ) ;
#4214 = AXIS2_PLACEMENT_3D ( 'NONE', #4283, #2381, #1962 ) ;
#4215 = VECTOR ( 'NONE', #1252, 1000.000000000000000 ) ;
#4216 = CARTESIAN_POINT ( 'NONE',  ( -104.6270177182934162, 75.00000000000000000, -178.5658364145832024 ) ) ;
#4217 = CARTESIAN_POINT ( 'NONE',  ( -25.41668463387203403, 15.00000000000000000, -235.0000000000000284 ) ) ;
#4218 = ADVANCED_FACE ( 'NONE', ( #3360 ), #382, .F. ) ;
#4219 = LINE ( 'NONE', #1245, #2463 ) ;
#4220 = FACE_OUTER_BOUND ( 'NONE', #425, .T. ) ;
#4221 = ORIENTED_EDGE ( 'NONE', *, *, #3508, .T. ) ;
#4222 = DIRECTION ( 'NONE',  ( -0.000000000000000000, -1.000000000000000000, -0.000000000000000000 ) ) ;
#4223 = CYLINDRICAL_SURFACE ( 'NONE', #1651, 25.00000000000002132 ) ;
#4224 = ORIENTED_EDGE ( 'NONE', *, *, #747, .F. ) ;
#4225 = VECTOR ( 'NONE', #3151, 1000.000000000000000 ) ;
#4226 = DIRECTION ( 'NONE',  ( -0.000000000000000000, -1.000000000000000000, -0.000000000000000000 ) ) ;
#4227 = ADVANCED_FACE ( 'NONE', ( #3017 ), #3642, .F. ) ;
#4228 = DIRECTION ( 'NONE',  ( 0.000000000000000000, 0.000000000000000000, -1.000000000000000000 ) ) ;
#4229 = CC_DESIGN_PERSON_AND_ORGANIZATION_ASSIGNMENT ( #1813, #2068, ( #1945 ) ) ;
#4230 = VECTOR ( 'NONE', #3686, 1000.000000000000000 ) ;
#4231 = EDGE_LOOP ( 'NONE', ( #289, #2789, #3479, #3195 ) ) ;
#4232 = ORIENTED_EDGE ( 'NONE', *, *, #209, .F. ) ;
#4233 = ORIENTED_EDGE ( 'NONE', *, *, #2137, .F. ) ;
#4234 = PLANE ( 'NONE',  #3526 ) ;
#4235 = LINE ( 'NONE', #1565, #2634 ) ;
#4236 = AXIS2_PLACEMENT_3D ( 'NONE', #157, #1484, #3481 ) ;
#4237 = VERTEX_POINT ( 'NONE', #316 ) ;
#4238 = EDGE_CURVE ( 'NONE', #688, #906, #2994, .T. ) ;
#4239 = DIRECTION ( 'NONE',  ( -0.000000000000000000, 0.000000000000000000, 1.000000000000000000 ) ) ;
#4240 = LINE ( 'NONE', #3911, #796 ) ;
#4241 = DIRECTION ( 'NONE',  ( 0.000000000000000000, 0.000000000000000000, 1.000000000000000000 ) ) ;
#4242 = ORIENTED_EDGE ( 'NONE', *, *, #3810, .T. ) ;
#4243 = CARTESIAN_POINT ( 'NONE',  ( 190.9564274098962358, 14.99999999999997691, -100.0000000000000000 ) ) ;
#4244 = CARTESIAN_POINT ( 'NONE',  ( -191.8812071333370000, 15.00000000000000000, -241.8469422204054808 ) ) ;
#4245 = VERTEX_POINT ( 'NONE', #1317 ) ;
#4246 = DIRECTION ( 'NONE',  ( 0.000000000000000000, 1.000000000000000000, 0.000000000000000000 ) ) ;
#4247 = CARTESIAN_POINT ( 'NONE',  ( -258.3749599442248837, 95.00000000000000000, -142.5307246625174287 ) ) ;
#4248 = VECTOR ( 'NONE', #2074, 1000.000000000000000 ) ;
#4249 = VERTEX_POINT ( 'NONE', #2317 ) ;
#4250 = ORIENTED_EDGE ( 'NONE', *, *, #2604, .F. ) ;
#4251 = ORIENTED_EDGE ( 'NONE', *, *, #978, .F. ) ;
#4252 = CARTESIAN_POINT ( 'NONE',  ( -310.0000000000001137, 15.00000000000000000, 100.0000000000000000 ) ) ;
#4253 = CIRCLE ( 'NONE', #102, 19.05414961064888502 ) ;
#4254 = CARTESIAN_POINT ( 'NONE',  ( 31.89227307562280700, 62.46550775036840975, -275.0000000000000000 ) ) ;
#4255 = ORIENTED_EDGE ( 'NONE', *, *, #3717, .T. ) ;
#4256 = EDGE_CURVE ( 'NONE', #3385, #2778, #3758, .T. ) ;
#4257 = CARTESIAN_POINT ( 'NONE',  ( 309.9999999999998863, 80.00000000000000000, 260.0000000000000568 ) ) ;
#4258 = CARTESIAN_POINT ( 'NONE',  ( 334.9999999999999432, 28.52572440762845929, -76.45090605276266160 ) ) ;
#4259 = DIRECTION ( 'NONE',  ( 0.000000000000000000, -1.000000000000000000, 0.000000000000000000 ) ) ;
#4260 = ORIENTED_EDGE ( 'NONE', *, *, #2657, .F. ) ;
#4261 = DIRECTION ( 'NONE',  ( -1.000000000000000000, 0.000000000000000000, 0.000000000000000000 ) ) ;
#4262 = DIRECTION ( 'NONE',  ( 0.000000000000000000, 1.000000000000000000, 0.000000000000000000 ) ) ;
#4263 = EDGE_LOOP ( 'NONE', ( #941, #1021, #1103, #435 ) ) ;
#4264 = LINE ( 'NONE', #2579, #992 ) ;
#4265 = DIRECTION ( 'NONE',  ( -1.000000000000000000, 0.000000000000000000, 0.000000000000000000 ) ) ;
#4266 = EDGE_LOOP ( 'NONE', ( #2847, #1482, #2106, #2518 ) ) ;
#4267 = VERTEX_POINT ( 'NONE', #1339 ) ;
#4268 = VERTEX_POINT ( 'NONE', #2666 ) ;
#4269 = FACE_OUTER_BOUND ( 'NONE', #1010, .T. ) ;
#4270 = ADVANCED_FACE ( 'NONE', ( #3984 ), #1012, .T. ) ;
#4271 = CYLINDRICAL_SURFACE ( 'NONE', #4158, 19.05414961064888502 ) ;
#4272 = EDGE_LOOP ( 'NONE', ( #1901, #1280, #826, #1144 ) ) ;
#4273 = EDGE_CURVE ( 'NONE', #3292, #2742, #1184, .T. ) ;
#4274 = EDGE_CURVE ( 'NONE', #2510, #453, #2092, .T. ) ;
#4275 = AXIS2_PLACEMENT_3D ( 'NONE', #324, #22, #2980 ) ;
#4276 = LINE ( 'NONE', #3891, #4045 ) ;
#4277 = AXIS2_PLACEMENT_3D ( 'NONE', #4177, #3856, #3682 ) ;
#4278 = PLANE ( 'NONE',  #2116 ) ;
#4279 = VECTOR ( 'NONE', #2438, 1000.000000000000000 ) ;
#4280 = CARTESIAN_POINT ( 'NONE',  ( -350.0000000000001137, 51.47427559237154071, -235.0000000000000284 ) ) ;
#4281 = VERTEX_POINT ( 'NONE', #774 ) ;
#4282 = DIRECTION ( 'NONE',  ( 0.000000000000000000, 0.000000000000000000, 1.000000000000000000 ) ) ;
#4283 = CARTESIAN_POINT ( 'NONE',  ( -283.3654762541850118, 55.00000000000000000, 0.000000000000000000 ) ) ;
#4284 = EDGE_LOOP ( 'NONE', ( #3646, #2078 ) ) ;
#4285 = DIRECTION ( 'NONE',  ( -0.000000000000000000, -1.000000000000000000, -0.000000000000000000 ) ) ;
#4286 = DIRECTION ( 'NONE',  ( 0.000000000000000000, -1.000000000000000000, 0.000000000000000000 ) ) ;
#4287 = EDGE_CURVE ( 'NONE', #1333, #3503, #1669, .T. ) ;
#4288 = ORIENTED_EDGE ( 'NONE', *, *, #1946, .T. ) ;
#4289 = ORIENTED_EDGE ( 'NONE', *, *, #1351, .F. ) ;
#4290 = EDGE_LOOP ( 'NONE', ( #3559, #105, #887, #4161 ) ) ;
#4291 = CARTESIAN_POINT ( 'NONE',  ( 309.9999999999998863, 80.00000000000000000, 235.0000000000000284 ) ) ;
#4292 = CARTESIAN_POINT ( 'NONE',  ( 31.89227307562280700, 62.46550775036840975, 275.0000000000000000 ) ) ;
#4293 = VECTOR ( 'NONE', #861, 1000.000000000000000 ) ;
ENDSEC;
END-ISO-10303-21;
